ISO-10303-21;
HEADER;
/* Generated by software containing ST-Developer
 * from STEP Tools, Inc. (www.steptools.com) 
 */

FILE_DESCRIPTION(
/* description */ (''),
/* implementation_level */ '2;1');

FILE_NAME(
/* name */ 'Bottom Plate.step',
/* time_stamp */ '2026-07-27T16:15:50-04:00',
/* author */ (''),
/* organization */ (''),
/* preprocessor_version */ 'ST-DEVELOPER v20.1',
/* originating_system */ 'Autodesk Translation Framework v15.8.0.0',
/* authorisation */ '');

FILE_SCHEMA (('AUTOMOTIVE_DESIGN { 1 0 10303 214 3 1 1 }'));
ENDSEC;

DATA;
#10=MECHANICAL_DESIGN_GEOMETRIC_PRESENTATION_REPRESENTATION('',(#13),#2781);
#11=SHAPE_REPRESENTATION_RELATIONSHIP('SRR','None',#2788,#12);
#12=ADVANCED_BREP_SHAPE_REPRESENTATION('',(#14),#2780);
#13=STYLED_ITEM('',(#2798),#14);
#14=MANIFOLD_SOLID_BREP('Body1',#1111);
#15=ELLIPSE('',#1177,1.5811388300842,1.5);
#16=ELLIPSE('',#1178,1.5811388300842,1.5);
#17=ELLIPSE('',#1180,1.5811388300842,1.5);
#18=ELLIPSE('',#1181,1.5811388300842,1.5);
#19=ELLIPSE('',#1183,1.5811388300842,1.5);
#20=ELLIPSE('',#1184,1.58113883008421,1.5);
#21=ELLIPSE('',#1186,1.58113883008418,1.5);
#22=ELLIPSE('',#1187,1.58113883008418,1.5);
#23=SPHERICAL_SURFACE('',#1158,1.);
#24=SPHERICAL_SURFACE('',#1163,1.);
#25=SPHERICAL_SURFACE('',#1168,1.);
#26=SPHERICAL_SURFACE('',#1170,1.);
#27=CIRCLE('',#1132,1.6);
#28=CIRCLE('',#1133,1.6);
#29=CIRCLE('',#1134,1.6);
#30=CIRCLE('',#1135,1.6);
#31=CIRCLE('',#1136,1.6);
#32=CIRCLE('',#1137,1.6);
#33=CIRCLE('',#1138,1.00000000000001);
#34=CIRCLE('',#1139,1.00000000000001);
#35=CIRCLE('',#1140,0.999999999999996);
#36=CIRCLE('',#1141,0.999999999999996);
#37=CIRCLE('',#1142,1.00000000000001);
#38=CIRCLE('',#1143,1.00000000000009);
#39=CIRCLE('',#1144,1.00000000000005);
#40=CIRCLE('',#1145,0.999999999999943);
#41=CIRCLE('',#1153,1.);
#42=CIRCLE('',#1154,1.00000000000001);
#43=CIRCLE('',#1156,1.);
#44=CIRCLE('',#1157,1.00000000000001);
#45=CIRCLE('',#1159,1.00000000000001);
#46=CIRCLE('',#1161,1.);
#47=CIRCLE('',#1162,0.999999999999996);
#48=CIRCLE('',#1164,0.999999999999943);
#49=CIRCLE('',#1166,1.);
#50=CIRCLE('',#1167,1.00000000000001);
#51=CIRCLE('',#1169,1.00000000000005);
#52=CIRCLE('',#1171,1.00000000000009);
#53=CIRCLE('',#1179,0.999999999999996);
#54=CIRCLE('',#1182,0.999999999999996);
#55=CIRCLE('',#1185,1.00000000000001);
#56=CIRCLE('',#1188,1.00000000000001);
#57=CIRCLE('',#1207,1.6);
#58=CIRCLE('',#1209,1.6);
#59=CIRCLE('',#1211,1.6);
#60=CIRCLE('',#1213,1.6);
#61=CIRCLE('',#1215,1.6);
#62=CIRCLE('',#1217,1.6);
#63=FACE_BOUND('',#202,.T.);
#64=FACE_BOUND('',#208,.T.);
#65=FACE_BOUND('',#209,.T.);
#66=FACE_BOUND('',#210,.T.);
#67=FACE_BOUND('',#211,.T.);
#68=FACE_BOUND('',#212,.T.);
#69=FACE_BOUND('',#213,.T.);
#70=FACE_BOUND('',#214,.T.);
#71=FACE_BOUND('',#215,.T.);
#72=FACE_BOUND('',#272,.T.);
#73=FACE_BOUND('',#273,.T.);
#74=FACE_BOUND('',#274,.T.);
#75=FACE_BOUND('',#275,.T.);
#76=FACE_BOUND('',#276,.T.);
#77=FACE_BOUND('',#277,.T.);
#78=CYLINDRICAL_SURFACE('',#1126,1.5);
#79=CYLINDRICAL_SURFACE('',#1130,1.5);
#80=CYLINDRICAL_SURFACE('',#1149,1.5);
#81=CYLINDRICAL_SURFACE('',#1150,1.5);
#82=CYLINDRICAL_SURFACE('',#1152,1.);
#83=CYLINDRICAL_SURFACE('',#1155,1.);
#84=CYLINDRICAL_SURFACE('',#1160,1.);
#85=CYLINDRICAL_SURFACE('',#1165,1.);
#86=CYLINDRICAL_SURFACE('',#1172,1.00000000000001);
#87=CYLINDRICAL_SURFACE('',#1174,1.00000000000009);
#88=CYLINDRICAL_SURFACE('',#1189,1.5);
#89=CYLINDRICAL_SURFACE('',#1190,1.5);
#90=CYLINDRICAL_SURFACE('',#1191,1.5);
#91=CYLINDRICAL_SURFACE('',#1192,1.5);
#92=CYLINDRICAL_SURFACE('',#1194,1.00000000000001);
#93=CYLINDRICAL_SURFACE('',#1196,1.00000000000001);
#94=CYLINDRICAL_SURFACE('',#1199,1.00000000000005);
#95=CYLINDRICAL_SURFACE('',#1201,0.999999999999943);
#96=CYLINDRICAL_SURFACE('',#1203,0.999999999999996);
#97=CYLINDRICAL_SURFACE('',#1205,0.999999999999996);
#98=CYLINDRICAL_SURFACE('',#1206,1.6);
#99=CYLINDRICAL_SURFACE('',#1208,1.6);
#100=CYLINDRICAL_SURFACE('',#1210,1.6);
#101=CYLINDRICAL_SURFACE('',#1212,1.6);
#102=CYLINDRICAL_SURFACE('',#1214,1.6);
#103=CYLINDRICAL_SURFACE('',#1216,1.6);
#104=PLANE('',#1125);
#105=PLANE('',#1127);
#106=PLANE('',#1128);
#107=PLANE('',#1129);
#108=PLANE('',#1131);
#109=PLANE('',#1146);
#110=PLANE('',#1147);
#111=PLANE('',#1148);
#112=PLANE('',#1151);
#113=PLANE('',#1173);
#114=PLANE('',#1175);
#115=PLANE('',#1176);
#116=PLANE('',#1193);
#117=PLANE('',#1195);
#118=PLANE('',#1197);
#119=PLANE('',#1198);
#120=PLANE('',#1200);
#121=PLANE('',#1202);
#122=PLANE('',#1204);
#123=PLANE('',#1218);
#124=PLANE('',#1219);
#125=PLANE('',#1220);
#126=PLANE('',#1221);
#127=PLANE('',#1222);
#128=PLANE('',#1223);
#129=FACE_OUTER_BOUND('',#196,.T.);
#130=FACE_OUTER_BOUND('',#197,.T.);
#131=FACE_OUTER_BOUND('',#198,.T.);
#132=FACE_OUTER_BOUND('',#199,.T.);
#133=FACE_OUTER_BOUND('',#200,.T.);
#134=FACE_OUTER_BOUND('',#201,.T.);
#135=FACE_OUTER_BOUND('',#203,.T.);
#136=FACE_OUTER_BOUND('',#204,.T.);
#137=FACE_OUTER_BOUND('',#205,.T.);
#138=FACE_OUTER_BOUND('',#206,.T.);
#139=FACE_OUTER_BOUND('',#207,.T.);
#140=FACE_OUTER_BOUND('',#216,.T.);
#141=FACE_OUTER_BOUND('',#217,.T.);
#142=FACE_OUTER_BOUND('',#218,.T.);
#143=FACE_OUTER_BOUND('',#219,.T.);
#144=FACE_OUTER_BOUND('',#220,.T.);
#145=FACE_OUTER_BOUND('',#221,.T.);
#146=FACE_OUTER_BOUND('',#222,.T.);
#147=FACE_OUTER_BOUND('',#223,.T.);
#148=FACE_OUTER_BOUND('',#224,.T.);
#149=FACE_OUTER_BOUND('',#225,.T.);
#150=FACE_OUTER_BOUND('',#226,.T.);
#151=FACE_OUTER_BOUND('',#227,.T.);
#152=FACE_OUTER_BOUND('',#228,.T.);
#153=FACE_OUTER_BOUND('',#229,.T.);
#154=FACE_OUTER_BOUND('',#230,.T.);
#155=FACE_OUTER_BOUND('',#231,.T.);
#156=FACE_OUTER_BOUND('',#232,.T.);
#157=FACE_OUTER_BOUND('',#233,.T.);
#158=FACE_OUTER_BOUND('',#234,.T.);
#159=FACE_OUTER_BOUND('',#235,.T.);
#160=FACE_OUTER_BOUND('',#236,.T.);
#161=FACE_OUTER_BOUND('',#237,.T.);
#162=FACE_OUTER_BOUND('',#238,.T.);
#163=FACE_OUTER_BOUND('',#239,.T.);
#164=FACE_OUTER_BOUND('',#240,.T.);
#165=FACE_OUTER_BOUND('',#241,.T.);
#166=FACE_OUTER_BOUND('',#242,.T.);
#167=FACE_OUTER_BOUND('',#243,.T.);
#168=FACE_OUTER_BOUND('',#244,.T.);
#169=FACE_OUTER_BOUND('',#245,.T.);
#170=FACE_OUTER_BOUND('',#246,.T.);
#171=FACE_OUTER_BOUND('',#247,.T.);
#172=FACE_OUTER_BOUND('',#248,.T.);
#173=FACE_OUTER_BOUND('',#249,.T.);
#174=FACE_OUTER_BOUND('',#250,.T.);
#175=FACE_OUTER_BOUND('',#251,.T.);
#176=FACE_OUTER_BOUND('',#252,.T.);
#177=FACE_OUTER_BOUND('',#253,.T.);
#178=FACE_OUTER_BOUND('',#254,.T.);
#179=FACE_OUTER_BOUND('',#255,.T.);
#180=FACE_OUTER_BOUND('',#256,.T.);
#181=FACE_OUTER_BOUND('',#257,.T.);
#182=FACE_OUTER_BOUND('',#258,.T.);
#183=FACE_OUTER_BOUND('',#259,.T.);
#184=FACE_OUTER_BOUND('',#260,.T.);
#185=FACE_OUTER_BOUND('',#261,.T.);
#186=FACE_OUTER_BOUND('',#262,.T.);
#187=FACE_OUTER_BOUND('',#263,.T.);
#188=FACE_OUTER_BOUND('',#264,.T.);
#189=FACE_OUTER_BOUND('',#265,.T.);
#190=FACE_OUTER_BOUND('',#266,.T.);
#191=FACE_OUTER_BOUND('',#267,.T.);
#192=FACE_OUTER_BOUND('',#268,.T.);
#193=FACE_OUTER_BOUND('',#269,.T.);
#194=FACE_OUTER_BOUND('',#270,.T.);
#195=FACE_OUTER_BOUND('',#271,.T.);
#196=EDGE_LOOP('',(#724,#725,#726,#727));
#197=EDGE_LOOP('',(#728,#729,#730,#731));
#198=EDGE_LOOP('',(#732,#733,#734,#735));
#199=EDGE_LOOP('',(#736,#737,#738,#739,#740,#741));
#200=EDGE_LOOP('',(#742,#743,#744,#745));
#201=EDGE_LOOP('',(#746,#747,#748,#749,#750,#751,#752,#753));
#202=EDGE_LOOP('',(#754,#755,#756,#757));
#203=EDGE_LOOP('',(#758,#759,#760,#761));
#204=EDGE_LOOP('',(#762,#763,#764,#765));
#205=EDGE_LOOP('',(#766,#767,#768,#769));
#206=EDGE_LOOP('',(#770,#771,#772,#773,#774,#775));
#207=EDGE_LOOP('',(#776,#777,#778,#779,#780,#781,#782,#783));
#208=EDGE_LOOP('',(#784));
#209=EDGE_LOOP('',(#785));
#210=EDGE_LOOP('',(#786));
#211=EDGE_LOOP('',(#787));
#212=EDGE_LOOP('',(#788));
#213=EDGE_LOOP('',(#789));
#214=EDGE_LOOP('',(#790,#791,#792,#793,#794,#795,#796,#797));
#215=EDGE_LOOP('',(#798,#799,#800,#801,#802,#803,#804,#805));
#216=EDGE_LOOP('',(#806,#807,#808,#809));
#217=EDGE_LOOP('',(#810,#811,#812,#813));
#218=EDGE_LOOP('',(#814,#815,#816,#817));
#219=EDGE_LOOP('',(#818,#819,#820,#821));
#220=EDGE_LOOP('',(#822,#823,#824,#825));
#221=EDGE_LOOP('',(#826,#827,#828,#829));
#222=EDGE_LOOP('',(#830,#831,#832,#833));
#223=EDGE_LOOP('',(#834,#835,#836,#837,#838,#839));
#224=EDGE_LOOP('',(#840,#841,#842,#843,#844,#845));
#225=EDGE_LOOP('',(#846,#847,#848,#849));
#226=EDGE_LOOP('',(#850,#851,#852,#853));
#227=EDGE_LOOP('',(#854,#855,#856,#857));
#228=EDGE_LOOP('',(#858,#859,#860));
#229=EDGE_LOOP('',(#861,#862,#863,#864));
#230=EDGE_LOOP('',(#865,#866,#867));
#231=EDGE_LOOP('',(#868,#869,#870,#871));
#232=EDGE_LOOP('',(#872,#873,#874));
#233=EDGE_LOOP('',(#875,#876,#877));
#234=EDGE_LOOP('',(#878,#879,#880,#881));
#235=EDGE_LOOP('',(#882,#883,#884,#885));
#236=EDGE_LOOP('',(#886,#887,#888,#889));
#237=EDGE_LOOP('',(#890,#891,#892,#893));
#238=EDGE_LOOP('',(#894,#895,#896,#897));
#239=EDGE_LOOP('',(#898,#899,#900));
#240=EDGE_LOOP('',(#901,#902,#903));
#241=EDGE_LOOP('',(#904,#905,#906));
#242=EDGE_LOOP('',(#907,#908,#909));
#243=EDGE_LOOP('',(#910,#911,#912,#913));
#244=EDGE_LOOP('',(#914,#915,#916,#917));
#245=EDGE_LOOP('',(#918,#919,#920,#921));
#246=EDGE_LOOP('',(#922,#923,#924,#925));
#247=EDGE_LOOP('',(#926,#927,#928,#929));
#248=EDGE_LOOP('',(#930,#931,#932,#933));
#249=EDGE_LOOP('',(#934,#935,#936,#937));
#250=EDGE_LOOP('',(#938,#939,#940,#941));
#251=EDGE_LOOP('',(#942,#943,#944,#945));
#252=EDGE_LOOP('',(#946,#947,#948,#949));
#253=EDGE_LOOP('',(#950,#951,#952,#953));
#254=EDGE_LOOP('',(#954,#955,#956,#957));
#255=EDGE_LOOP('',(#958,#959,#960,#961));
#256=EDGE_LOOP('',(#962,#963,#964,#965));
#257=EDGE_LOOP('',(#966,#967,#968,#969));
#258=EDGE_LOOP('',(#970,#971,#972,#973));
#259=EDGE_LOOP('',(#974,#975,#976,#977));
#260=EDGE_LOOP('',(#978,#979,#980,#981));
#261=EDGE_LOOP('',(#982,#983,#984,#985));
#262=EDGE_LOOP('',(#986,#987,#988,#989));
#263=EDGE_LOOP('',(#990,#991,#992,#993));
#264=EDGE_LOOP('',(#994,#995,#996,#997));
#265=EDGE_LOOP('',(#998,#999,#1000,#1001));
#266=EDGE_LOOP('',(#1002,#1003,#1004,#1005));
#267=EDGE_LOOP('',(#1006,#1007,#1008,#1009));
#268=EDGE_LOOP('',(#1010,#1011,#1012,#1013));
#269=EDGE_LOOP('',(#1014,#1015,#1016,#1017));
#270=EDGE_LOOP('',(#1018,#1019,#1020,#1021));
#271=EDGE_LOOP('',(#1022,#1023,#1024,#1025));
#272=EDGE_LOOP('',(#1026));
#273=EDGE_LOOP('',(#1027));
#274=EDGE_LOOP('',(#1028));
#275=EDGE_LOOP('',(#1029));
#276=EDGE_LOOP('',(#1030));
#277=EDGE_LOOP('',(#1031));
#278=LINE('',#1691,#368);
#279=LINE('',#1729,#369);
#280=LINE('',#1740,#370);
#281=LINE('',#1741,#371);
#282=LINE('',#1742,#372);
#283=LINE('',#1745,#373);
#284=LINE('',#1819,#374);
#285=LINE('',#1822,#375);
#286=LINE('',#1823,#376);
#287=LINE('',#1826,#377);
#288=LINE('',#1828,#378);
#289=LINE('',#1830,#379);
#290=LINE('',#1832,#380);
#291=LINE('',#1834,#381);
#292=LINE('',#1835,#382);
#293=LINE('',#1838,#383);
#294=LINE('',#1840,#384);
#295=LINE('',#1842,#385);
#296=LINE('',#1843,#386);
#297=LINE('',#2020,#387);
#298=LINE('',#2058,#388);
#299=LINE('',#2067,#389);
#300=LINE('',#2068,#390);
#301=LINE('',#2071,#391);
#302=LINE('',#2146,#392);
#303=LINE('',#2149,#393);
#304=LINE('',#2151,#394);
#305=LINE('',#2152,#395);
#306=LINE('',#2153,#396);
#307=LINE('',#2168,#397);
#308=LINE('',#2172,#398);
#309=LINE('',#2176,#399);
#310=LINE('',#2180,#400);
#311=LINE('',#2184,#401);
#312=LINE('',#2188,#402);
#313=LINE('',#2192,#403);
#314=LINE('',#2196,#404);
#315=LINE('',#2308,#405);
#316=LINE('',#2310,#406);
#317=LINE('',#2311,#407);
#318=LINE('',#2491,#408);
#319=LINE('',#2500,#409);
#320=LINE('',#2502,#410);
#321=LINE('',#2504,#411);
#322=LINE('',#2511,#412);
#323=LINE('',#2514,#413);
#324=LINE('',#2519,#414);
#325=LINE('',#2522,#415);
#326=LINE('',#2529,#416);
#327=LINE('',#2532,#417);
#328=LINE('',#2539,#418);
#329=LINE('',#2541,#419);
#330=LINE('',#2547,#420);
#331=LINE('',#2548,#421);
#332=LINE('',#2550,#422);
#333=LINE('',#2552,#423);
#334=LINE('',#2554,#424);
#335=LINE('',#2701,#425);
#336=LINE('',#2702,#426);
#337=LINE('',#2704,#427);
#338=LINE('',#2705,#428);
#339=LINE('',#2707,#429);
#340=LINE('',#2708,#430);
#341=LINE('',#2710,#431);
#342=LINE('',#2711,#432);
#343=LINE('',#2713,#433);
#344=LINE('',#2714,#434);
#345=LINE('',#2716,#435);
#346=LINE('',#2718,#436);
#347=LINE('',#2720,#437);
#348=LINE('',#2723,#438);
#349=LINE('',#2725,#439);
#350=LINE('',#2727,#440);
#351=LINE('',#2730,#441);
#352=LINE('',#2732,#442);
#353=LINE('',#2734,#443);
#354=LINE('',#2739,#444);
#355=LINE('',#2743,#445);
#356=LINE('',#2747,#446);
#357=LINE('',#2751,#447);
#358=LINE('',#2755,#448);
#359=LINE('',#2759,#449);
#360=LINE('',#2762,#450);
#361=LINE('',#2764,#451);
#362=LINE('',#2765,#452);
#363=LINE('',#2768,#453);
#364=LINE('',#2769,#454);
#365=LINE('',#2772,#455);
#366=LINE('',#2773,#456);
#367=LINE('',#2775,#457);
#368=VECTOR('',#1226,10.);
#369=VECTOR('',#1227,10.);
#370=VECTOR('',#1230,10.);
#371=VECTOR('',#1231,10.);
#372=VECTOR('',#1232,10.);
#373=VECTOR('',#1235,10.);
#374=VECTOR('',#1236,10.);
#375=VECTOR('',#1239,10.);
#376=VECTOR('',#1240,10.);
#377=VECTOR('',#1243,10.);
#378=VECTOR('',#1244,10.);
#379=VECTOR('',#1245,10.);
#380=VECTOR('',#1246,10.);
#381=VECTOR('',#1247,10.);
#382=VECTOR('',#1248,10.);
#383=VECTOR('',#1249,10.);
#384=VECTOR('',#1250,10.);
#385=VECTOR('',#1251,10.);
#386=VECTOR('',#1252,10.);
#387=VECTOR('',#1253,10.);
#388=VECTOR('',#1254,10.);
#389=VECTOR('',#1257,10.);
#390=VECTOR('',#1258,10.);
#391=VECTOR('',#1261,10.);
#392=VECTOR('',#1262,10.);
#393=VECTOR('',#1265,10.);
#394=VECTOR('',#1266,10.);
#395=VECTOR('',#1267,10.);
#396=VECTOR('',#1268,10.);
#397=VECTOR('',#1281,10.);
#398=VECTOR('',#1284,10.);
#399=VECTOR('',#1287,10.);
#400=VECTOR('',#1290,10.);
#401=VECTOR('',#1293,10.);
#402=VECTOR('',#1296,10.);
#403=VECTOR('',#1299,10.);
#404=VECTOR('',#1302,10.);
#405=VECTOR('',#1307,10.);
#406=VECTOR('',#1308,10.);
#407=VECTOR('',#1309,10.);
#408=VECTOR('',#1312,10.);
#409=VECTOR('',#1315,10.);
#410=VECTOR('',#1318,10.);
#411=VECTOR('',#1321,10.);
#412=VECTOR('',#1328,10.);
#413=VECTOR('',#1331,10.);
#414=VECTOR('',#1336,10.);
#415=VECTOR('',#1339,10.);
#416=VECTOR('',#1348,10.);
#417=VECTOR('',#1351,10.);
#418=VECTOR('',#1360,10.);
#419=VECTOR('',#1363,10.);
#420=VECTOR('',#1374,10.);
#421=VECTOR('',#1375,10.);
#422=VECTOR('',#1378,10.);
#423=VECTOR('',#1381,10.);
#424=VECTOR('',#1384,10.);
#425=VECTOR('',#1413,10.);
#426=VECTOR('',#1414,10.);
#427=VECTOR('',#1417,10.);
#428=VECTOR('',#1418,10.);
#429=VECTOR('',#1421,10.);
#430=VECTOR('',#1422,10.);
#431=VECTOR('',#1425,10.);
#432=VECTOR('',#1426,10.);
#433=VECTOR('',#1429,10.);
#434=VECTOR('',#1430,10.);
#435=VECTOR('',#1433,10.);
#436=VECTOR('',#1436,10.);
#437=VECTOR('',#1439,10.);
#438=VECTOR('',#1444,10.);
#439=VECTOR('',#1447,10.);
#440=VECTOR('',#1450,10.);
#441=VECTOR('',#1455,10.);
#442=VECTOR('',#1458,10.);
#443=VECTOR('',#1461,10.);
#444=VECTOR('',#1468,1.6);
#445=VECTOR('',#1473,1.6);
#446=VECTOR('',#1478,1.6);
#447=VECTOR('',#1483,1.6);
#448=VECTOR('',#1488,1.6);
#449=VECTOR('',#1493,1.6);
#450=VECTOR('',#1496,10.);
#451=VECTOR('',#1497,10.);
#452=VECTOR('',#1498,10.);
#453=VECTOR('',#1501,10.);
#454=VECTOR('',#1502,10.);
#455=VECTOR('',#1505,10.);
#456=VECTOR('',#1506,10.);
#457=VECTOR('',#1509,10.);
#458=B_SPLINE_CURVE_WITH_KNOTS('',3,(#1557,#1558,#1559,#1560,#1561,#1562,
#1563,#1564,#1565,#1566,#1567,#1568,#1569,#1570,#1571,#1572,#1573,#1574,
#1575,#1576,#1577,#1578,#1579,#1580,#1581,#1582,#1583,#1584,#1585,#1586,
#1587,#1588,#1589,#1590,#1591,#1592,#1593,#1594,#1595,#1596,#1597,#1598,
#1599,#1600,#1601,#1602,#1603,#1604,#1605,#1606,#1607,#1608,#1609,#1610,
#1611,#1612,#1613,#1614,#1615,#1616,#1617,#1618,#1619,#1620),
 .UNSPECIFIED.,.F.,.F.,(4,3,3,3,3,3,3,3,3,3,3,3,3,3,3,3,3,3,3,3,3,4),(0.,
0.0385851017429222,0.078759677377914,0.121009393774662,0.16618180970228,
0.21623037814512,0.282950065103788,0.341879405082721,0.390281859288416,
0.434404281989504,0.476668964665131,0.527710163069699,0.570819029618201,
0.617158526759748,0.669770213185089,0.752327659888816,0.806369919923069,
0.854777439942302,0.897120654012099,0.93771672015496,0.976306458248794,
1.),.UNSPECIFIED.);
#459=B_SPLINE_CURVE_WITH_KNOTS('',3,(#1622,#1623,#1624,#1625),
 .UNSPECIFIED.,.F.,.F.,(4,4),(0.,1.),.UNSPECIFIED.);
#460=B_SPLINE_CURVE_WITH_KNOTS('',3,(#1627,#1628,#1629,#1630,#1631,#1632,
#1633,#1634,#1635,#1636,#1637,#1638,#1639,#1640,#1641,#1642,#1643,#1644,
#1645,#1646,#1647,#1648,#1649,#1650,#1651,#1652,#1653,#1654,#1655,#1656,
#1657,#1658,#1659,#1660,#1661,#1662,#1663,#1664,#1665,#1666,#1667,#1668,
#1669,#1670,#1671,#1672,#1673,#1674,#1675,#1676,#1677,#1678,#1679,#1680,
#1681,#1682,#1683,#1684,#1685,#1686,#1687,#1688,#1689,#1690),
 .UNSPECIFIED.,.F.,.F.,(4,3,3,3,3,3,3,3,3,3,3,3,3,3,3,3,3,3,3,3,3,4),(0.,
0.0385939082815957,0.0787782453020016,0.121039192059546,0.166225415530281,
0.216295843890365,0.283124125498309,0.342007387374774,0.390402589855253,
0.434523667606859,0.47673548006834,0.527674022741541,0.570773464694235,
0.617101705601188,0.669691894452477,0.752268920839358,0.806305198277865,
0.854728898708399,0.897064167840037,0.937652823848029,0.97623498566762,
1.),.UNSPECIFIED.);
#461=B_SPLINE_CURVE_WITH_KNOTS('',3,(#1721,#1722,#1723,#1724,#1725,#1726,
#1727),.UNSPECIFIED.,.F.,.F.,(4,1,1,1,4),(1.20404618009972,2.03442324016689,
2.58800794687834,2.86480030023407,3.14159265358979),.UNSPECIFIED.);
#462=B_SPLINE_CURVE_WITH_KNOTS('',3,(#1730,#1731,#1732,#1733,#1734,#1735,
#1736),.UNSPECIFIED.,.F.,.F.,(4,1,1,1,4),(-3.14159265358979,-2.86480030023407,
-2.58800794687834,-2.03442324016689,-1.20404618009972),.UNSPECIFIED.);
#463=B_SPLINE_CURVE_WITH_KNOTS('',3,(#1747,#1748,#1749,#1750,#1751,#1752,
#1753),.UNSPECIFIED.,.F.,.F.,(4,1,1,1,4),(1.20404618009972,2.03442324016689,
2.58800794687834,2.86480030023407,3.14159265358979),.UNSPECIFIED.);
#464=B_SPLINE_CURVE_WITH_KNOTS('',3,(#1755,#1756,#1757,#1758,#1759,#1760,
#1761,#1762,#1763,#1764,#1765,#1766,#1767,#1768,#1769,#1770,#1771,#1772,
#1773,#1774,#1775,#1776,#1777,#1778,#1779,#1780,#1781,#1782,#1783,#1784,
#1785,#1786,#1787,#1788,#1789,#1790,#1791,#1792,#1793,#1794,#1795,#1796,
#1797,#1798,#1799,#1800,#1801,#1802,#1803,#1804,#1805,#1806,#1807,#1808,
#1809,#1810,#1811,#1812,#1813,#1814,#1815,#1816,#1817,#1818),
 .UNSPECIFIED.,.F.,.F.,(4,3,3,3,3,3,3,3,3,3,3,3,3,3,3,3,3,3,3,3,3,4),(0.,
0.0385851017435406,0.0787596773786252,0.121009393773914,0.166181809697861,
0.216230378137113,0.282950065090865,0.341879405074611,0.390281859282352,
0.434404281983666,0.476668964660748,0.527710163070294,0.570819029619044,
0.617158526760557,0.669770213185229,0.752327659888922,0.806369919929606,
0.854777439947204,0.897120654017178,0.937716720160664,0.976306458254795,
1.),.UNSPECIFIED.);
#465=B_SPLINE_CURVE_WITH_KNOTS('',3,(#1886,#1887,#1888,#1889,#1890,#1891,
#1892,#1893,#1894,#1895,#1896,#1897,#1898,#1899,#1900,#1901,#1902,#1903,
#1904,#1905,#1906,#1907,#1908,#1909,#1910,#1911,#1912,#1913,#1914,#1915,
#1916,#1917,#1918,#1919,#1920,#1921,#1922,#1923,#1924,#1925,#1926,#1927,
#1928,#1929,#1930,#1931,#1932,#1933,#1934,#1935,#1936,#1937,#1938,#1939,
#1940,#1941,#1942,#1943,#1944,#1945,#1946,#1947,#1948,#1949),
 .UNSPECIFIED.,.F.,.F.,(4,3,3,3,3,3,3,3,3,3,3,3,3,3,3,3,3,3,3,3,3,4),(0.,
0.0385851017428974,0.0787596773783946,0.121009393775433,0.166181809707671,
0.216230378146142,0.282950065107604,0.341879405084385,0.390281859288842,
0.434404281989291,0.476668964665481,0.527710163065211,0.570819029614043,
0.617158526757554,0.669770213183828,0.752327659887871,0.806369919928268,
0.854777439946201,0.897120654015222,0.937716720160182,0.976306458254958,
1.),.UNSPECIFIED.);
#466=B_SPLINE_CURVE_WITH_KNOTS('',3,(#1951,#1952,#1953,#1954),
 .UNSPECIFIED.,.F.,.F.,(4,4),(0.,1.),.UNSPECIFIED.);
#467=B_SPLINE_CURVE_WITH_KNOTS('',3,(#1956,#1957,#1958,#1959,#1960,#1961,
#1962,#1963,#1964,#1965,#1966,#1967,#1968,#1969,#1970,#1971,#1972,#1973,
#1974,#1975,#1976,#1977,#1978,#1979,#1980,#1981,#1982,#1983,#1984,#1985,
#1986,#1987,#1988,#1989,#1990,#1991,#1992,#1993,#1994,#1995,#1996,#1997,
#1998,#1999,#2000,#2001,#2002,#2003,#2004,#2005,#2006,#2007,#2008,#2009,
#2010,#2011,#2012,#2013,#2014,#2015,#2016,#2017,#2018,#2019),
 .UNSPECIFIED.,.F.,.F.,(4,3,3,3,3,3,3,3,3,3,3,3,3,3,3,3,3,3,3,3,3,4),(0.,
0.0385939082812526,0.0787782453025598,0.121039192053941,0.166225415523224,
0.216295843916301,0.2831241255445,0.342007387404325,0.390402589879747,0.434523667633545,
0.476735480080526,0.527674022734857,0.570773464691346,0.617101705602466,
0.669691894460092,0.752268920845069,0.806305198272025,0.854728898704018,
0.897064167835285,0.937652823843109,0.976234985661113,1.),.UNSPECIFIED.);
#468=B_SPLINE_CURVE_WITH_KNOTS('',3,(#2050,#2051,#2052,#2053,#2054,#2055,
#2056),.UNSPECIFIED.,.F.,.F.,(4,1,1,1,4),(1.20404618009972,2.03442324016689,
2.58800794687834,2.86480030023407,3.14159265358979),.UNSPECIFIED.);
#469=B_SPLINE_CURVE_WITH_KNOTS('',3,(#2059,#2060,#2061,#2062,#2063,#2064,
#2065),.UNSPECIFIED.,.F.,.F.,(4,1,1,1,4),(-3.14159265358979,-2.86480030023407,
-2.58800794687834,-2.03442324016689,-1.20404618009972),.UNSPECIFIED.);
#470=B_SPLINE_CURVE_WITH_KNOTS('',3,(#2073,#2074,#2075,#2076,#2077,#2078,
#2079,#2080,#2081,#2082,#2083,#2084,#2085,#2086,#2087,#2088,#2089,#2090,
#2091,#2092,#2093,#2094,#2095,#2096,#2097,#2098,#2099,#2100,#2101,#2102,
#2103,#2104,#2105,#2106,#2107,#2108,#2109,#2110,#2111,#2112,#2113,#2114,
#2115,#2116,#2117,#2118,#2119,#2120,#2121,#2122,#2123,#2124,#2125,#2126,
#2127,#2128,#2129,#2130,#2131,#2132,#2133,#2134,#2135,#2136),
 .UNSPECIFIED.,.F.,.F.,(4,3,3,3,3,3,3,3,3,3,3,3,3,3,3,3,3,3,3,3,3,4),(0.,
0.0385939082784224,0.078778245299347,0.121039192054168,0.166225415527027,
0.216295843896547,0.283124125509304,0.342007387379289,0.390402589860508,
0.434523667616156,0.476735480069178,0.527674022742185,0.570773464697412,
0.617101705598107,0.669691894468927,0.752268920851695,0.806305198289257,
0.854728898716943,0.897064167849842,0.93765282385506,0.976234985672679,
1.),.UNSPECIFIED.);
#471=B_SPLINE_CURVE_WITH_KNOTS('',3,(#2138,#2139,#2140,#2141,#2142,#2143,
#2144,#2145),.UNSPECIFIED.,.F.,.F.,(4,1,1,1,1,4),(-2.40741243048452E-33,
0.276792353355726,0.553584706711453,0.830377060067179,1.38396176677863,
1.93754647349009),.UNSPECIFIED.);
#472=B_SPLINE_CURVE_WITH_KNOTS('',3,(#2239,#2240,#2241,#2242,#2243,#2244,
#2245,#2246,#2247,#2248,#2249,#2250,#2251,#2252,#2253,#2254,#2255,#2256,
#2257,#2258,#2259,#2260,#2261,#2262,#2263,#2264,#2265,#2266,#2267,#2268,
#2269,#2270,#2271,#2272,#2273,#2274,#2275,#2276,#2277,#2278,#2279,#2280,
#2281,#2282,#2283,#2284,#2285,#2286,#2287,#2288,#2289,#2290,#2291,#2292,
#2293,#2294,#2295,#2296,#2297,#2298,#2299,#2300,#2301,#2302),
 .UNSPECIFIED.,.F.,.F.,(4,3,3,3,3,3,3,3,3,3,3,3,3,3,3,3,3,3,3,3,3,4),(0.,
0.0385851017429851,0.0787596773780468,0.12100939377468,0.166181809702854,
0.216230378143642,0.28295006510211,0.341879405081203,0.39028185928706,0.434404281987925,
0.476668964663938,0.527710163069652,0.57081902961768,0.617158526758653,
0.669770213185287,0.752327659888966,0.80636991992524,0.85477743994393,0.897120654013553,
0.937716720157025,0.976306458251014,1.),.UNSPECIFIED.);
#473=B_SPLINE_CURVE_WITH_KNOTS('',3,(#2303,#2304,#2305,#2306),
 .UNSPECIFIED.,.F.,.F.,(4,4),(-1.,0.),.UNSPECIFIED.);
#474=B_SPLINE_CURVE_WITH_KNOTS('',3,(#2344,#2345,#2346,#2347,#2348,#2349,
#2350,#2351),.UNSPECIFIED.,.F.,.F.,(4,1,1,1,1,4),(-1.93754647349009,-1.38396176677863,
-0.830377060067179,-0.553584706711453,-0.276792353355726,2.40741243048452E-33),
 .UNSPECIFIED.);
#475=B_SPLINE_CURVE_WITH_KNOTS('',3,(#2394,#2395,#2396,#2397),
 .UNSPECIFIED.,.F.,.F.,(4,4),(0.,1.),.UNSPECIFIED.);
#476=B_SPLINE_CURVE_WITH_KNOTS('',3,(#2398,#2399,#2400,#2401,#2402,#2403,
#2404,#2405,#2406,#2407,#2408,#2409,#2410,#2411,#2412,#2413,#2414,#2415,
#2416,#2417,#2418,#2419,#2420,#2421,#2422,#2423,#2424,#2425,#2426,#2427,
#2428,#2429,#2430,#2431,#2432,#2433,#2434,#2435,#2436,#2437,#2438,#2439,
#2440,#2441,#2442,#2443,#2444,#2445,#2446,#2447,#2448,#2449,#2450,#2451,
#2452,#2453,#2454,#2455,#2456,#2457,#2458,#2459,#2460,#2461),
 .UNSPECIFIED.,.F.,.F.,(4,3,3,3,3,3,3,3,3,3,3,3,3,3,3,3,3,3,3,3,3,4),(0.,
0.0385939082802296,0.0787782453002186,0.121039192050361,0.166225415521114,
0.216295843910928,0.283124125540445,0.342007387405054,0.390402589881372,
0.43452366763427,0.476735480081264,0.527674022732732,0.570773464689431,
0.617101705603108,0.669691894462827,0.75226892084712,0.806305198272371,
0.854728898704278,0.89706416783462,0.937652823839873,0.976234985658947,
1.),.UNSPECIFIED.);
#477=B_SPLINE_CURVE_WITH_KNOTS('',3,(#2492,#2493,#2494,#2495,#2496,#2497,
#2498),.UNSPECIFIED.,.F.,.F.,(4,1,1,1,4),(-3.14159265358979,-2.86480030023407,
-2.58800794687834,-2.03442324016689,-1.20404618009972),.UNSPECIFIED.);
#478=VERTEX_POINT('',#1555);
#479=VERTEX_POINT('',#1556);
#480=VERTEX_POINT('',#1621);
#481=VERTEX_POINT('',#1626);
#482=VERTEX_POINT('',#1720);
#483=VERTEX_POINT('',#1728);
#484=VERTEX_POINT('',#1738);
#485=VERTEX_POINT('',#1739);
#486=VERTEX_POINT('',#1744);
#487=VERTEX_POINT('',#1746);
#488=VERTEX_POINT('',#1754);
#489=VERTEX_POINT('',#1821);
#490=VERTEX_POINT('',#1825);
#491=VERTEX_POINT('',#1827);
#492=VERTEX_POINT('',#1829);
#493=VERTEX_POINT('',#1831);
#494=VERTEX_POINT('',#1833);
#495=VERTEX_POINT('',#1836);
#496=VERTEX_POINT('',#1837);
#497=VERTEX_POINT('',#1839);
#498=VERTEX_POINT('',#1841);
#499=VERTEX_POINT('',#1884);
#500=VERTEX_POINT('',#1885);
#501=VERTEX_POINT('',#1950);
#502=VERTEX_POINT('',#1955);
#503=VERTEX_POINT('',#2049);
#504=VERTEX_POINT('',#2057);
#505=VERTEX_POINT('',#2070);
#506=VERTEX_POINT('',#2072);
#507=VERTEX_POINT('',#2137);
#508=VERTEX_POINT('',#2148);
#509=VERTEX_POINT('',#2150);
#510=VERTEX_POINT('',#2154);
#511=VERTEX_POINT('',#2156);
#512=VERTEX_POINT('',#2158);
#513=VERTEX_POINT('',#2160);
#514=VERTEX_POINT('',#2162);
#515=VERTEX_POINT('',#2164);
#516=VERTEX_POINT('',#2166);
#517=VERTEX_POINT('',#2167);
#518=VERTEX_POINT('',#2169);
#519=VERTEX_POINT('',#2171);
#520=VERTEX_POINT('',#2173);
#521=VERTEX_POINT('',#2175);
#522=VERTEX_POINT('',#2177);
#523=VERTEX_POINT('',#2179);
#524=VERTEX_POINT('',#2182);
#525=VERTEX_POINT('',#2183);
#526=VERTEX_POINT('',#2185);
#527=VERTEX_POINT('',#2187);
#528=VERTEX_POINT('',#2189);
#529=VERTEX_POINT('',#2191);
#530=VERTEX_POINT('',#2193);
#531=VERTEX_POINT('',#2195);
#532=VERTEX_POINT('',#2238);
#533=VERTEX_POINT('',#2309);
#534=VERTEX_POINT('',#2393);
#535=VERTEX_POINT('',#2490);
#536=VERTEX_POINT('',#2507);
#537=VERTEX_POINT('',#2508);
#538=VERTEX_POINT('',#2510);
#539=VERTEX_POINT('',#2512);
#540=VERTEX_POINT('',#2516);
#541=VERTEX_POINT('',#2518);
#542=VERTEX_POINT('',#2520);
#543=VERTEX_POINT('',#2526);
#544=VERTEX_POINT('',#2528);
#545=VERTEX_POINT('',#2530);
#546=VERTEX_POINT('',#2536);
#547=VERTEX_POINT('',#2538);
#548=VERTEX_POINT('',#2586);
#549=VERTEX_POINT('',#2587);
#550=VERTEX_POINT('',#2589);
#551=VERTEX_POINT('',#2622);
#552=VERTEX_POINT('',#2623);
#553=VERTEX_POINT('',#2625);
#554=VERTEX_POINT('',#2658);
#555=VERTEX_POINT('',#2659);
#556=VERTEX_POINT('',#2661);
#557=VERTEX_POINT('',#2694);
#558=VERTEX_POINT('',#2695);
#559=VERTEX_POINT('',#2697);
#560=VERTEX_POINT('',#2737);
#561=VERTEX_POINT('',#2741);
#562=VERTEX_POINT('',#2745);
#563=VERTEX_POINT('',#2749);
#564=VERTEX_POINT('',#2753);
#565=VERTEX_POINT('',#2757);
#566=VERTEX_POINT('',#2761);
#567=VERTEX_POINT('',#2763);
#568=VERTEX_POINT('',#2767);
#569=VERTEX_POINT('',#2771);
#570=EDGE_CURVE('',#478,#479,#458,.T.);
#571=EDGE_CURVE('',#480,#479,#459,.T.);
#572=EDGE_CURVE('',#480,#481,#460,.T.);
#573=EDGE_CURVE('',#481,#478,#278,.T.);
#574=EDGE_CURVE('',#479,#482,#461,.T.);
#575=EDGE_CURVE('',#482,#483,#279,.T.);
#576=EDGE_CURVE('',#483,#480,#462,.T.);
#577=EDGE_CURVE('',#484,#485,#280,.T.);
#578=EDGE_CURVE('',#485,#483,#281,.T.);
#579=EDGE_CURVE('',#482,#484,#282,.T.);
#580=EDGE_CURVE('',#483,#486,#283,.T.);
#581=EDGE_CURVE('',#487,#486,#463,.T.);
#582=EDGE_CURVE('',#488,#487,#464,.T.);
#583=EDGE_CURVE('',#488,#481,#284,.T.);
#584=EDGE_CURVE('',#489,#485,#285,.T.);
#585=EDGE_CURVE('',#486,#489,#286,.T.);
#586=EDGE_CURVE('',#484,#490,#287,.T.);
#587=EDGE_CURVE('',#491,#490,#288,.T.);
#588=EDGE_CURVE('',#491,#492,#289,.T.);
#589=EDGE_CURVE('',#493,#492,#290,.T.);
#590=EDGE_CURVE('',#493,#494,#291,.T.);
#591=EDGE_CURVE('',#489,#494,#292,.T.);
#592=EDGE_CURVE('',#495,#496,#293,.T.);
#593=EDGE_CURVE('',#496,#497,#294,.T.);
#594=EDGE_CURVE('',#497,#498,#295,.T.);
#595=EDGE_CURVE('',#498,#495,#296,.T.);
#596=EDGE_CURVE('',#499,#500,#465,.T.);
#597=EDGE_CURVE('',#501,#500,#466,.T.);
#598=EDGE_CURVE('',#501,#502,#467,.T.);
#599=EDGE_CURVE('',#502,#499,#297,.T.);
#600=EDGE_CURVE('',#500,#503,#468,.T.);
#601=EDGE_CURVE('',#503,#504,#298,.T.);
#602=EDGE_CURVE('',#504,#501,#469,.T.);
#603=EDGE_CURVE('',#490,#504,#299,.T.);
#604=EDGE_CURVE('',#503,#491,#300,.T.);
#605=EDGE_CURVE('',#499,#505,#301,.T.);
#606=EDGE_CURVE('',#506,#505,#470,.T.);
#607=EDGE_CURVE('',#507,#506,#471,.T.);
#608=EDGE_CURVE('',#507,#503,#302,.T.);
#609=EDGE_CURVE('',#508,#488,#303,.T.);
#610=EDGE_CURVE('',#509,#508,#304,.T.);
#611=EDGE_CURVE('',#505,#509,#305,.T.);
#612=EDGE_CURVE('',#478,#502,#306,.T.);
#613=EDGE_CURVE('',#510,#510,#27,.T.);
#614=EDGE_CURVE('',#511,#511,#28,.T.);
#615=EDGE_CURVE('',#512,#512,#29,.T.);
#616=EDGE_CURVE('',#513,#513,#30,.T.);
#617=EDGE_CURVE('',#514,#514,#31,.T.);
#618=EDGE_CURVE('',#515,#515,#32,.T.);
#619=EDGE_CURVE('',#516,#517,#307,.T.);
#620=EDGE_CURVE('',#517,#518,#33,.T.);
#621=EDGE_CURVE('',#518,#519,#308,.T.);
#622=EDGE_CURVE('',#519,#520,#34,.T.);
#623=EDGE_CURVE('',#520,#521,#309,.T.);
#624=EDGE_CURVE('',#521,#522,#35,.T.);
#625=EDGE_CURVE('',#522,#523,#310,.T.);
#626=EDGE_CURVE('',#523,#516,#36,.T.);
#627=EDGE_CURVE('',#524,#525,#311,.T.);
#628=EDGE_CURVE('',#525,#526,#37,.T.);
#629=EDGE_CURVE('',#526,#527,#312,.T.);
#630=EDGE_CURVE('',#527,#528,#38,.T.);
#631=EDGE_CURVE('',#528,#529,#313,.T.);
#632=EDGE_CURVE('',#529,#530,#39,.T.);
#633=EDGE_CURVE('',#530,#531,#314,.T.);
#634=EDGE_CURVE('',#531,#524,#40,.T.);
#635=EDGE_CURVE('',#509,#532,#472,.T.);
#636=EDGE_CURVE('',#506,#532,#473,.T.);
#637=EDGE_CURVE('',#492,#507,#315,.T.);
#638=EDGE_CURVE('',#507,#533,#316,.T.);
#639=EDGE_CURVE('',#533,#493,#317,.T.);
#640=EDGE_CURVE('',#532,#533,#474,.T.);
#641=EDGE_CURVE('',#534,#487,#475,.T.);
#642=EDGE_CURVE('',#534,#508,#476,.T.);
#643=EDGE_CURVE('',#486,#535,#318,.T.);
#644=EDGE_CURVE('',#535,#534,#477,.T.);
#645=EDGE_CURVE('',#494,#535,#319,.T.);
#646=EDGE_CURVE('',#535,#533,#320,.T.);
#647=EDGE_CURVE('',#504,#482,#321,.T.);
#648=EDGE_CURVE('',#536,#537,#41,.T.);
#649=EDGE_CURVE('',#537,#538,#322,.T.);
#650=EDGE_CURVE('',#538,#539,#42,.T.);
#651=EDGE_CURVE('',#539,#536,#323,.T.);
#652=EDGE_CURVE('',#539,#540,#43,.T.);
#653=EDGE_CURVE('',#540,#541,#324,.T.);
#654=EDGE_CURVE('',#541,#542,#44,.T.);
#655=EDGE_CURVE('',#542,#539,#325,.T.);
#656=EDGE_CURVE('',#538,#540,#45,.T.);
#657=EDGE_CURVE('',#542,#543,#46,.T.);
#658=EDGE_CURVE('',#543,#544,#326,.T.);
#659=EDGE_CURVE('',#544,#545,#47,.T.);
#660=EDGE_CURVE('',#545,#542,#327,.T.);
#661=EDGE_CURVE('',#541,#543,#48,.T.);
#662=EDGE_CURVE('',#545,#546,#49,.T.);
#663=EDGE_CURVE('',#546,#547,#328,.T.);
#664=EDGE_CURVE('',#547,#536,#50,.T.);
#665=EDGE_CURVE('',#536,#545,#329,.T.);
#666=EDGE_CURVE('',#544,#546,#51,.T.);
#667=EDGE_CURVE('',#547,#537,#52,.T.);
#668=EDGE_CURVE('',#526,#538,#330,.T.);
#669=EDGE_CURVE('',#525,#540,#331,.T.);
#670=EDGE_CURVE('',#527,#537,#332,.T.);
#671=EDGE_CURVE('',#528,#547,#333,.T.);
#672=EDGE_CURVE('',#529,#546,#334,.T.);
#673=EDGE_CURVE('',#548,#549,#15,.T.);
#674=EDGE_CURVE('',#549,#550,#16,.T.);
#675=EDGE_CURVE('',#550,#548,#53,.T.);
#676=EDGE_CURVE('',#551,#552,#17,.T.);
#677=EDGE_CURVE('',#552,#553,#18,.T.);
#678=EDGE_CURVE('',#553,#551,#54,.T.);
#679=EDGE_CURVE('',#554,#555,#19,.T.);
#680=EDGE_CURVE('',#555,#556,#20,.T.);
#681=EDGE_CURVE('',#556,#554,#55,.T.);
#682=EDGE_CURVE('',#557,#558,#21,.T.);
#683=EDGE_CURVE('',#558,#559,#22,.T.);
#684=EDGE_CURVE('',#559,#557,#56,.T.);
#685=EDGE_CURVE('',#548,#559,#335,.T.);
#686=EDGE_CURVE('',#558,#549,#336,.T.);
#687=EDGE_CURVE('',#555,#558,#337,.T.);
#688=EDGE_CURVE('',#557,#556,#338,.T.);
#689=EDGE_CURVE('',#552,#555,#339,.T.);
#690=EDGE_CURVE('',#554,#553,#340,.T.);
#691=EDGE_CURVE('',#549,#552,#341,.T.);
#692=EDGE_CURVE('',#551,#550,#342,.T.);
#693=EDGE_CURVE('',#517,#554,#343,.T.);
#694=EDGE_CURVE('',#516,#553,#344,.T.);
#695=EDGE_CURVE('',#518,#556,#345,.T.);
#696=EDGE_CURVE('',#519,#557,#346,.T.);
#697=EDGE_CURVE('',#520,#559,#347,.T.);
#698=EDGE_CURVE('',#524,#541,#348,.T.);
#699=EDGE_CURVE('',#530,#544,#349,.T.);
#700=EDGE_CURVE('',#531,#543,#350,.T.);
#701=EDGE_CURVE('',#521,#548,#351,.T.);
#702=EDGE_CURVE('',#522,#550,#352,.T.);
#703=EDGE_CURVE('',#523,#551,#353,.T.);
#704=EDGE_CURVE('',#560,#560,#57,.T.);
#705=EDGE_CURVE('',#560,#510,#354,.T.);
#706=EDGE_CURVE('',#561,#561,#58,.T.);
#707=EDGE_CURVE('',#561,#511,#355,.T.);
#708=EDGE_CURVE('',#562,#562,#59,.T.);
#709=EDGE_CURVE('',#562,#512,#356,.T.);
#710=EDGE_CURVE('',#563,#563,#60,.T.);
#711=EDGE_CURVE('',#563,#513,#357,.T.);
#712=EDGE_CURVE('',#564,#564,#61,.T.);
#713=EDGE_CURVE('',#564,#514,#358,.T.);
#714=EDGE_CURVE('',#565,#565,#62,.T.);
#715=EDGE_CURVE('',#565,#515,#359,.T.);
#716=EDGE_CURVE('',#566,#496,#360,.T.);
#717=EDGE_CURVE('',#567,#566,#361,.T.);
#718=EDGE_CURVE('',#567,#497,#362,.T.);
#719=EDGE_CURVE('',#568,#495,#363,.T.);
#720=EDGE_CURVE('',#566,#568,#364,.T.);
#721=EDGE_CURVE('',#569,#498,#365,.T.);
#722=EDGE_CURVE('',#568,#569,#366,.T.);
#723=EDGE_CURVE('',#569,#567,#367,.T.);
#724=ORIENTED_EDGE('',*,*,#570,.T.);
#725=ORIENTED_EDGE('',*,*,#571,.F.);
#726=ORIENTED_EDGE('',*,*,#572,.T.);
#727=ORIENTED_EDGE('',*,*,#573,.T.);
#728=ORIENTED_EDGE('',*,*,#571,.T.);
#729=ORIENTED_EDGE('',*,*,#574,.T.);
#730=ORIENTED_EDGE('',*,*,#575,.T.);
#731=ORIENTED_EDGE('',*,*,#576,.T.);
#732=ORIENTED_EDGE('',*,*,#577,.T.);
#733=ORIENTED_EDGE('',*,*,#578,.T.);
#734=ORIENTED_EDGE('',*,*,#575,.F.);
#735=ORIENTED_EDGE('',*,*,#579,.T.);
#736=ORIENTED_EDGE('',*,*,#572,.F.);
#737=ORIENTED_EDGE('',*,*,#576,.F.);
#738=ORIENTED_EDGE('',*,*,#580,.T.);
#739=ORIENTED_EDGE('',*,*,#581,.F.);
#740=ORIENTED_EDGE('',*,*,#582,.F.);
#741=ORIENTED_EDGE('',*,*,#583,.T.);
#742=ORIENTED_EDGE('',*,*,#578,.F.);
#743=ORIENTED_EDGE('',*,*,#584,.F.);
#744=ORIENTED_EDGE('',*,*,#585,.F.);
#745=ORIENTED_EDGE('',*,*,#580,.F.);
#746=ORIENTED_EDGE('',*,*,#577,.F.);
#747=ORIENTED_EDGE('',*,*,#586,.T.);
#748=ORIENTED_EDGE('',*,*,#587,.F.);
#749=ORIENTED_EDGE('',*,*,#588,.T.);
#750=ORIENTED_EDGE('',*,*,#589,.F.);
#751=ORIENTED_EDGE('',*,*,#590,.T.);
#752=ORIENTED_EDGE('',*,*,#591,.F.);
#753=ORIENTED_EDGE('',*,*,#584,.T.);
#754=ORIENTED_EDGE('',*,*,#592,.T.);
#755=ORIENTED_EDGE('',*,*,#593,.T.);
#756=ORIENTED_EDGE('',*,*,#594,.T.);
#757=ORIENTED_EDGE('',*,*,#595,.T.);
#758=ORIENTED_EDGE('',*,*,#596,.T.);
#759=ORIENTED_EDGE('',*,*,#597,.F.);
#760=ORIENTED_EDGE('',*,*,#598,.T.);
#761=ORIENTED_EDGE('',*,*,#599,.T.);
#762=ORIENTED_EDGE('',*,*,#597,.T.);
#763=ORIENTED_EDGE('',*,*,#600,.T.);
#764=ORIENTED_EDGE('',*,*,#601,.T.);
#765=ORIENTED_EDGE('',*,*,#602,.T.);
#766=ORIENTED_EDGE('',*,*,#587,.T.);
#767=ORIENTED_EDGE('',*,*,#603,.T.);
#768=ORIENTED_EDGE('',*,*,#601,.F.);
#769=ORIENTED_EDGE('',*,*,#604,.T.);
#770=ORIENTED_EDGE('',*,*,#600,.F.);
#771=ORIENTED_EDGE('',*,*,#596,.F.);
#772=ORIENTED_EDGE('',*,*,#605,.T.);
#773=ORIENTED_EDGE('',*,*,#606,.F.);
#774=ORIENTED_EDGE('',*,*,#607,.F.);
#775=ORIENTED_EDGE('',*,*,#608,.T.);
#776=ORIENTED_EDGE('',*,*,#573,.F.);
#777=ORIENTED_EDGE('',*,*,#583,.F.);
#778=ORIENTED_EDGE('',*,*,#609,.F.);
#779=ORIENTED_EDGE('',*,*,#610,.F.);
#780=ORIENTED_EDGE('',*,*,#611,.F.);
#781=ORIENTED_EDGE('',*,*,#605,.F.);
#782=ORIENTED_EDGE('',*,*,#599,.F.);
#783=ORIENTED_EDGE('',*,*,#612,.F.);
#784=ORIENTED_EDGE('',*,*,#613,.T.);
#785=ORIENTED_EDGE('',*,*,#614,.T.);
#786=ORIENTED_EDGE('',*,*,#615,.T.);
#787=ORIENTED_EDGE('',*,*,#616,.T.);
#788=ORIENTED_EDGE('',*,*,#617,.T.);
#789=ORIENTED_EDGE('',*,*,#618,.T.);
#790=ORIENTED_EDGE('',*,*,#619,.T.);
#791=ORIENTED_EDGE('',*,*,#620,.T.);
#792=ORIENTED_EDGE('',*,*,#621,.T.);
#793=ORIENTED_EDGE('',*,*,#622,.T.);
#794=ORIENTED_EDGE('',*,*,#623,.T.);
#795=ORIENTED_EDGE('',*,*,#624,.T.);
#796=ORIENTED_EDGE('',*,*,#625,.T.);
#797=ORIENTED_EDGE('',*,*,#626,.T.);
#798=ORIENTED_EDGE('',*,*,#627,.T.);
#799=ORIENTED_EDGE('',*,*,#628,.T.);
#800=ORIENTED_EDGE('',*,*,#629,.T.);
#801=ORIENTED_EDGE('',*,*,#630,.T.);
#802=ORIENTED_EDGE('',*,*,#631,.T.);
#803=ORIENTED_EDGE('',*,*,#632,.T.);
#804=ORIENTED_EDGE('',*,*,#633,.T.);
#805=ORIENTED_EDGE('',*,*,#634,.T.);
#806=ORIENTED_EDGE('',*,*,#635,.T.);
#807=ORIENTED_EDGE('',*,*,#636,.F.);
#808=ORIENTED_EDGE('',*,*,#606,.T.);
#809=ORIENTED_EDGE('',*,*,#611,.T.);
#810=ORIENTED_EDGE('',*,*,#589,.T.);
#811=ORIENTED_EDGE('',*,*,#637,.T.);
#812=ORIENTED_EDGE('',*,*,#638,.T.);
#813=ORIENTED_EDGE('',*,*,#639,.T.);
#814=ORIENTED_EDGE('',*,*,#636,.T.);
#815=ORIENTED_EDGE('',*,*,#640,.T.);
#816=ORIENTED_EDGE('',*,*,#638,.F.);
#817=ORIENTED_EDGE('',*,*,#607,.T.);
#818=ORIENTED_EDGE('',*,*,#604,.F.);
#819=ORIENTED_EDGE('',*,*,#608,.F.);
#820=ORIENTED_EDGE('',*,*,#637,.F.);
#821=ORIENTED_EDGE('',*,*,#588,.F.);
#822=ORIENTED_EDGE('',*,*,#582,.T.);
#823=ORIENTED_EDGE('',*,*,#641,.F.);
#824=ORIENTED_EDGE('',*,*,#642,.T.);
#825=ORIENTED_EDGE('',*,*,#609,.T.);
#826=ORIENTED_EDGE('',*,*,#641,.T.);
#827=ORIENTED_EDGE('',*,*,#581,.T.);
#828=ORIENTED_EDGE('',*,*,#643,.T.);
#829=ORIENTED_EDGE('',*,*,#644,.T.);
#830=ORIENTED_EDGE('',*,*,#591,.T.);
#831=ORIENTED_EDGE('',*,*,#645,.T.);
#832=ORIENTED_EDGE('',*,*,#643,.F.);
#833=ORIENTED_EDGE('',*,*,#585,.T.);
#834=ORIENTED_EDGE('',*,*,#635,.F.);
#835=ORIENTED_EDGE('',*,*,#610,.T.);
#836=ORIENTED_EDGE('',*,*,#642,.F.);
#837=ORIENTED_EDGE('',*,*,#644,.F.);
#838=ORIENTED_EDGE('',*,*,#646,.T.);
#839=ORIENTED_EDGE('',*,*,#640,.F.);
#840=ORIENTED_EDGE('',*,*,#570,.F.);
#841=ORIENTED_EDGE('',*,*,#612,.T.);
#842=ORIENTED_EDGE('',*,*,#598,.F.);
#843=ORIENTED_EDGE('',*,*,#602,.F.);
#844=ORIENTED_EDGE('',*,*,#647,.T.);
#845=ORIENTED_EDGE('',*,*,#574,.F.);
#846=ORIENTED_EDGE('',*,*,#579,.F.);
#847=ORIENTED_EDGE('',*,*,#647,.F.);
#848=ORIENTED_EDGE('',*,*,#603,.F.);
#849=ORIENTED_EDGE('',*,*,#586,.F.);
#850=ORIENTED_EDGE('',*,*,#648,.T.);
#851=ORIENTED_EDGE('',*,*,#649,.T.);
#852=ORIENTED_EDGE('',*,*,#650,.T.);
#853=ORIENTED_EDGE('',*,*,#651,.T.);
#854=ORIENTED_EDGE('',*,*,#652,.T.);
#855=ORIENTED_EDGE('',*,*,#653,.T.);
#856=ORIENTED_EDGE('',*,*,#654,.T.);
#857=ORIENTED_EDGE('',*,*,#655,.T.);
#858=ORIENTED_EDGE('',*,*,#652,.F.);
#859=ORIENTED_EDGE('',*,*,#650,.F.);
#860=ORIENTED_EDGE('',*,*,#656,.T.);
#861=ORIENTED_EDGE('',*,*,#657,.T.);
#862=ORIENTED_EDGE('',*,*,#658,.T.);
#863=ORIENTED_EDGE('',*,*,#659,.T.);
#864=ORIENTED_EDGE('',*,*,#660,.T.);
#865=ORIENTED_EDGE('',*,*,#657,.F.);
#866=ORIENTED_EDGE('',*,*,#654,.F.);
#867=ORIENTED_EDGE('',*,*,#661,.T.);
#868=ORIENTED_EDGE('',*,*,#662,.T.);
#869=ORIENTED_EDGE('',*,*,#663,.T.);
#870=ORIENTED_EDGE('',*,*,#664,.T.);
#871=ORIENTED_EDGE('',*,*,#665,.T.);
#872=ORIENTED_EDGE('',*,*,#662,.F.);
#873=ORIENTED_EDGE('',*,*,#659,.F.);
#874=ORIENTED_EDGE('',*,*,#666,.T.);
#875=ORIENTED_EDGE('',*,*,#648,.F.);
#876=ORIENTED_EDGE('',*,*,#664,.F.);
#877=ORIENTED_EDGE('',*,*,#667,.T.);
#878=ORIENTED_EDGE('',*,*,#656,.F.);
#879=ORIENTED_EDGE('',*,*,#668,.F.);
#880=ORIENTED_EDGE('',*,*,#628,.F.);
#881=ORIENTED_EDGE('',*,*,#669,.T.);
#882=ORIENTED_EDGE('',*,*,#649,.F.);
#883=ORIENTED_EDGE('',*,*,#670,.F.);
#884=ORIENTED_EDGE('',*,*,#629,.F.);
#885=ORIENTED_EDGE('',*,*,#668,.T.);
#886=ORIENTED_EDGE('',*,*,#667,.F.);
#887=ORIENTED_EDGE('',*,*,#671,.F.);
#888=ORIENTED_EDGE('',*,*,#630,.F.);
#889=ORIENTED_EDGE('',*,*,#670,.T.);
#890=ORIENTED_EDGE('',*,*,#663,.F.);
#891=ORIENTED_EDGE('',*,*,#672,.F.);
#892=ORIENTED_EDGE('',*,*,#631,.F.);
#893=ORIENTED_EDGE('',*,*,#671,.T.);
#894=ORIENTED_EDGE('',*,*,#651,.F.);
#895=ORIENTED_EDGE('',*,*,#655,.F.);
#896=ORIENTED_EDGE('',*,*,#660,.F.);
#897=ORIENTED_EDGE('',*,*,#665,.F.);
#898=ORIENTED_EDGE('',*,*,#673,.T.);
#899=ORIENTED_EDGE('',*,*,#674,.T.);
#900=ORIENTED_EDGE('',*,*,#675,.T.);
#901=ORIENTED_EDGE('',*,*,#676,.T.);
#902=ORIENTED_EDGE('',*,*,#677,.T.);
#903=ORIENTED_EDGE('',*,*,#678,.T.);
#904=ORIENTED_EDGE('',*,*,#679,.T.);
#905=ORIENTED_EDGE('',*,*,#680,.T.);
#906=ORIENTED_EDGE('',*,*,#681,.T.);
#907=ORIENTED_EDGE('',*,*,#682,.T.);
#908=ORIENTED_EDGE('',*,*,#683,.T.);
#909=ORIENTED_EDGE('',*,*,#684,.T.);
#910=ORIENTED_EDGE('',*,*,#673,.F.);
#911=ORIENTED_EDGE('',*,*,#685,.T.);
#912=ORIENTED_EDGE('',*,*,#683,.F.);
#913=ORIENTED_EDGE('',*,*,#686,.T.);
#914=ORIENTED_EDGE('',*,*,#680,.F.);
#915=ORIENTED_EDGE('',*,*,#687,.T.);
#916=ORIENTED_EDGE('',*,*,#682,.F.);
#917=ORIENTED_EDGE('',*,*,#688,.T.);
#918=ORIENTED_EDGE('',*,*,#677,.F.);
#919=ORIENTED_EDGE('',*,*,#689,.T.);
#920=ORIENTED_EDGE('',*,*,#679,.F.);
#921=ORIENTED_EDGE('',*,*,#690,.T.);
#922=ORIENTED_EDGE('',*,*,#674,.F.);
#923=ORIENTED_EDGE('',*,*,#691,.T.);
#924=ORIENTED_EDGE('',*,*,#676,.F.);
#925=ORIENTED_EDGE('',*,*,#692,.T.);
#926=ORIENTED_EDGE('',*,*,#690,.F.);
#927=ORIENTED_EDGE('',*,*,#693,.F.);
#928=ORIENTED_EDGE('',*,*,#619,.F.);
#929=ORIENTED_EDGE('',*,*,#694,.T.);
#930=ORIENTED_EDGE('',*,*,#681,.F.);
#931=ORIENTED_EDGE('',*,*,#695,.F.);
#932=ORIENTED_EDGE('',*,*,#620,.F.);
#933=ORIENTED_EDGE('',*,*,#693,.T.);
#934=ORIENTED_EDGE('',*,*,#688,.F.);
#935=ORIENTED_EDGE('',*,*,#696,.F.);
#936=ORIENTED_EDGE('',*,*,#621,.F.);
#937=ORIENTED_EDGE('',*,*,#695,.T.);
#938=ORIENTED_EDGE('',*,*,#684,.F.);
#939=ORIENTED_EDGE('',*,*,#697,.F.);
#940=ORIENTED_EDGE('',*,*,#622,.F.);
#941=ORIENTED_EDGE('',*,*,#696,.T.);
#942=ORIENTED_EDGE('',*,*,#686,.F.);
#943=ORIENTED_EDGE('',*,*,#687,.F.);
#944=ORIENTED_EDGE('',*,*,#689,.F.);
#945=ORIENTED_EDGE('',*,*,#691,.F.);
#946=ORIENTED_EDGE('',*,*,#653,.F.);
#947=ORIENTED_EDGE('',*,*,#669,.F.);
#948=ORIENTED_EDGE('',*,*,#627,.F.);
#949=ORIENTED_EDGE('',*,*,#698,.T.);
#950=ORIENTED_EDGE('',*,*,#666,.F.);
#951=ORIENTED_EDGE('',*,*,#699,.F.);
#952=ORIENTED_EDGE('',*,*,#632,.F.);
#953=ORIENTED_EDGE('',*,*,#672,.T.);
#954=ORIENTED_EDGE('',*,*,#658,.F.);
#955=ORIENTED_EDGE('',*,*,#700,.F.);
#956=ORIENTED_EDGE('',*,*,#633,.F.);
#957=ORIENTED_EDGE('',*,*,#699,.T.);
#958=ORIENTED_EDGE('',*,*,#661,.F.);
#959=ORIENTED_EDGE('',*,*,#698,.F.);
#960=ORIENTED_EDGE('',*,*,#634,.F.);
#961=ORIENTED_EDGE('',*,*,#700,.T.);
#962=ORIENTED_EDGE('',*,*,#685,.F.);
#963=ORIENTED_EDGE('',*,*,#701,.F.);
#964=ORIENTED_EDGE('',*,*,#623,.F.);
#965=ORIENTED_EDGE('',*,*,#697,.T.);
#966=ORIENTED_EDGE('',*,*,#675,.F.);
#967=ORIENTED_EDGE('',*,*,#702,.F.);
#968=ORIENTED_EDGE('',*,*,#624,.F.);
#969=ORIENTED_EDGE('',*,*,#701,.T.);
#970=ORIENTED_EDGE('',*,*,#692,.F.);
#971=ORIENTED_EDGE('',*,*,#703,.F.);
#972=ORIENTED_EDGE('',*,*,#625,.F.);
#973=ORIENTED_EDGE('',*,*,#702,.T.);
#974=ORIENTED_EDGE('',*,*,#678,.F.);
#975=ORIENTED_EDGE('',*,*,#694,.F.);
#976=ORIENTED_EDGE('',*,*,#626,.F.);
#977=ORIENTED_EDGE('',*,*,#703,.T.);
#978=ORIENTED_EDGE('',*,*,#704,.F.);
#979=ORIENTED_EDGE('',*,*,#705,.T.);
#980=ORIENTED_EDGE('',*,*,#613,.F.);
#981=ORIENTED_EDGE('',*,*,#705,.F.);
#982=ORIENTED_EDGE('',*,*,#706,.F.);
#983=ORIENTED_EDGE('',*,*,#707,.T.);
#984=ORIENTED_EDGE('',*,*,#614,.F.);
#985=ORIENTED_EDGE('',*,*,#707,.F.);
#986=ORIENTED_EDGE('',*,*,#708,.F.);
#987=ORIENTED_EDGE('',*,*,#709,.T.);
#988=ORIENTED_EDGE('',*,*,#615,.F.);
#989=ORIENTED_EDGE('',*,*,#709,.F.);
#990=ORIENTED_EDGE('',*,*,#710,.F.);
#991=ORIENTED_EDGE('',*,*,#711,.T.);
#992=ORIENTED_EDGE('',*,*,#616,.F.);
#993=ORIENTED_EDGE('',*,*,#711,.F.);
#994=ORIENTED_EDGE('',*,*,#712,.F.);
#995=ORIENTED_EDGE('',*,*,#713,.T.);
#996=ORIENTED_EDGE('',*,*,#617,.F.);
#997=ORIENTED_EDGE('',*,*,#713,.F.);
#998=ORIENTED_EDGE('',*,*,#714,.F.);
#999=ORIENTED_EDGE('',*,*,#715,.T.);
#1000=ORIENTED_EDGE('',*,*,#618,.F.);
#1001=ORIENTED_EDGE('',*,*,#715,.F.);
#1002=ORIENTED_EDGE('',*,*,#716,.F.);
#1003=ORIENTED_EDGE('',*,*,#717,.F.);
#1004=ORIENTED_EDGE('',*,*,#718,.T.);
#1005=ORIENTED_EDGE('',*,*,#593,.F.);
#1006=ORIENTED_EDGE('',*,*,#719,.F.);
#1007=ORIENTED_EDGE('',*,*,#720,.F.);
#1008=ORIENTED_EDGE('',*,*,#716,.T.);
#1009=ORIENTED_EDGE('',*,*,#592,.F.);
#1010=ORIENTED_EDGE('',*,*,#721,.F.);
#1011=ORIENTED_EDGE('',*,*,#722,.F.);
#1012=ORIENTED_EDGE('',*,*,#719,.T.);
#1013=ORIENTED_EDGE('',*,*,#595,.F.);
#1014=ORIENTED_EDGE('',*,*,#718,.F.);
#1015=ORIENTED_EDGE('',*,*,#723,.F.);
#1016=ORIENTED_EDGE('',*,*,#721,.T.);
#1017=ORIENTED_EDGE('',*,*,#594,.F.);
#1018=ORIENTED_EDGE('',*,*,#639,.F.);
#1019=ORIENTED_EDGE('',*,*,#646,.F.);
#1020=ORIENTED_EDGE('',*,*,#645,.F.);
#1021=ORIENTED_EDGE('',*,*,#590,.F.);
#1022=ORIENTED_EDGE('',*,*,#722,.T.);
#1023=ORIENTED_EDGE('',*,*,#723,.T.);
#1024=ORIENTED_EDGE('',*,*,#717,.T.);
#1025=ORIENTED_EDGE('',*,*,#720,.T.);
#1026=ORIENTED_EDGE('',*,*,#714,.T.);
#1027=ORIENTED_EDGE('',*,*,#712,.T.);
#1028=ORIENTED_EDGE('',*,*,#710,.T.);
#1029=ORIENTED_EDGE('',*,*,#708,.T.);
#1030=ORIENTED_EDGE('',*,*,#706,.T.);
#1031=ORIENTED_EDGE('',*,*,#704,.T.);
#1032=B_SPLINE_SURFACE_WITH_KNOTS('',3,3,((#1515,#1516,#1517,#1518,#1519,
#1520,#1521,#1522,#1523,#1524),(#1525,#1526,#1527,#1528,#1529,#1530,#1531,
#1532,#1533,#1534),(#1535,#1536,#1537,#1538,#1539,#1540,#1541,#1542,#1543,
#1544),(#1545,#1546,#1547,#1548,#1549,#1550,#1551,#1552,#1553,#1554)),
 .UNSPECIFIED.,.F.,.F.,.F.,(4,4),(4,1,1,1,1,1,1,4),(0.,1.),(0.,0.142857142857143,
0.214285714285714,0.428571428571429,0.571428571428571,0.785714285714286,
0.857142857142857,1.),.UNSPECIFIED.);
#1033=B_SPLINE_SURFACE_WITH_KNOTS('',3,3,((#1692,#1693,#1694,#1695,#1696,
#1697,#1698),(#1699,#1700,#1701,#1702,#1703,#1704,#1705),(#1706,#1707,#1708,
#1709,#1710,#1711,#1712),(#1713,#1714,#1715,#1716,#1717,#1718,#1719)),
 .UNSPECIFIED.,.F.,.F.,.F.,(4,4),(4,1,1,1,4),(0.,1.),(1.20404618009972,
2.03442324016689,2.58800794687834,2.86480030023407,3.14159265358979),
 .UNSPECIFIED.);
#1034=B_SPLINE_SURFACE_WITH_KNOTS('',3,3,((#1844,#1845,#1846,#1847,#1848,
#1849,#1850,#1851,#1852,#1853),(#1854,#1855,#1856,#1857,#1858,#1859,#1860,
#1861,#1862,#1863),(#1864,#1865,#1866,#1867,#1868,#1869,#1870,#1871,#1872,
#1873),(#1874,#1875,#1876,#1877,#1878,#1879,#1880,#1881,#1882,#1883)),
 .UNSPECIFIED.,.F.,.F.,.F.,(4,4),(4,1,1,1,1,1,1,4),(0.,1.),(0.,0.142857142857143,
0.214285714285714,0.428571428571429,0.571428571428571,0.785714285714286,
0.857142857142857,1.),.UNSPECIFIED.);
#1035=B_SPLINE_SURFACE_WITH_KNOTS('',3,3,((#2021,#2022,#2023,#2024,#2025,
#2026,#2027),(#2028,#2029,#2030,#2031,#2032,#2033,#2034),(#2035,#2036,#2037,
#2038,#2039,#2040,#2041),(#2042,#2043,#2044,#2045,#2046,#2047,#2048)),
 .UNSPECIFIED.,.F.,.F.,.F.,(4,4),(4,1,1,1,4),(0.,1.),(1.20404618009972,
2.03442324016689,2.58800794687834,2.86480030023407,3.14159265358979),
 .UNSPECIFIED.);
#1036=B_SPLINE_SURFACE_WITH_KNOTS('',3,3,((#2198,#2199,#2200,#2201,#2202,
#2203,#2204,#2205,#2206,#2207),(#2208,#2209,#2210,#2211,#2212,#2213,#2214,
#2215,#2216,#2217),(#2218,#2219,#2220,#2221,#2222,#2223,#2224,#2225,#2226,
#2227),(#2228,#2229,#2230,#2231,#2232,#2233,#2234,#2235,#2236,#2237)),
 .UNSPECIFIED.,.F.,.F.,.F.,(4,4),(4,1,1,1,1,1,1,4),(0.,1.),(0.,0.142857142857143,
0.214285714285714,0.428571428571429,0.571428571428571,0.785714285714286,
0.857142857142857,1.),.UNSPECIFIED.);
#1037=B_SPLINE_SURFACE_WITH_KNOTS('',3,3,((#2312,#2313,#2314,#2315,#2316,
#2317,#2318,#2319),(#2320,#2321,#2322,#2323,#2324,#2325,#2326,#2327),(#2328,
#2329,#2330,#2331,#2332,#2333,#2334,#2335),(#2336,#2337,#2338,#2339,#2340,
#2341,#2342,#2343)),.UNSPECIFIED.,.F.,.F.,.F.,(4,4),(4,1,1,1,1,4),(0.,1.),
(-2.40741243048452E-33,0.276792353355726,0.553584706711453,0.830377060067179,
1.38396176677863,1.93754647349009),.UNSPECIFIED.);
#1038=B_SPLINE_SURFACE_WITH_KNOTS('',3,3,((#2353,#2354,#2355,#2356,#2357,
#2358,#2359,#2360,#2361,#2362),(#2363,#2364,#2365,#2366,#2367,#2368,#2369,
#2370,#2371,#2372),(#2373,#2374,#2375,#2376,#2377,#2378,#2379,#2380,#2381,
#2382),(#2383,#2384,#2385,#2386,#2387,#2388,#2389,#2390,#2391,#2392)),
 .UNSPECIFIED.,.F.,.F.,.F.,(4,4),(4,1,1,1,1,1,1,4),(0.,1.),(0.,0.142857142857143,
0.214285714285714,0.428571428571429,0.571428571428571,0.785714285714286,
0.857142857142857,1.),.UNSPECIFIED.);
#1039=B_SPLINE_SURFACE_WITH_KNOTS('',3,3,((#2462,#2463,#2464,#2465,#2466,
#2467,#2468),(#2469,#2470,#2471,#2472,#2473,#2474,#2475),(#2476,#2477,#2478,
#2479,#2480,#2481,#2482),(#2483,#2484,#2485,#2486,#2487,#2488,#2489)),
 .UNSPECIFIED.,.F.,.F.,.F.,(4,4),(4,1,1,1,4),(0.,1.),(1.20404618009972,
2.03442324016689,2.58800794687834,2.86480030023407,3.14159265358979),
 .UNSPECIFIED.);
#1040=B_SPLINE_SURFACE_WITH_KNOTS('',3,3,((#2556,#2557,#2558,#2559,#2560,
#2561),(#2562,#2563,#2564,#2565,#2566,#2567),(#2568,#2569,#2570,#2571,#2572,
#2573),(#2574,#2575,#2576,#2577,#2578,#2579),(#2580,#2581,#2582,#2583,#2584,
#2585)),.UNSPECIFIED.,.F.,.F.,.F.,(4,1,4),(4,1,1,4),(0.,0.571428571428571,
1.),(0.,0.448798950512828,0.673198425769241,1.5707963267949),
 .UNSPECIFIED.);
#1041=B_SPLINE_SURFACE_WITH_KNOTS('',3,3,((#2592,#2593,#2594,#2595,#2596,
#2597),(#2598,#2599,#2600,#2601,#2602,#2603),(#2604,#2605,#2606,#2607,#2608,
#2609),(#2610,#2611,#2612,#2613,#2614,#2615),(#2616,#2617,#2618,#2619,#2620,
#2621)),.UNSPECIFIED.,.F.,.F.,.F.,(4,1,4),(4,1,1,4),(0.,0.571428571428571,
1.),(1.38777878078144E-16,0.448798950512828,0.897597901025655,1.5707963267949),
 .UNSPECIFIED.);
#1042=B_SPLINE_SURFACE_WITH_KNOTS('',3,3,((#2628,#2629,#2630,#2631,#2632,
#2633),(#2634,#2635,#2636,#2637,#2638,#2639),(#2640,#2641,#2642,#2643,#2644,
#2645),(#2646,#2647,#2648,#2649,#2650,#2651),(#2652,#2653,#2654,#2655,#2656,
#2657)),.UNSPECIFIED.,.F.,.F.,.F.,(4,1,4),(4,1,1,4),(0.,0.571428571428571,
1.),(2.08166817117223E-16,0.448798950512832,0.673198425769247,1.57079632679491),
 .UNSPECIFIED.);
#1043=B_SPLINE_SURFACE_WITH_KNOTS('',3,3,((#2664,#2665,#2666,#2667,#2668,
#2669),(#2670,#2671,#2672,#2673,#2674,#2675),(#2676,#2677,#2678,#2679,#2680,
#2681),(#2682,#2683,#2684,#2685,#2686,#2687),(#2688,#2689,#2690,#2691,#2692,
#2693)),.UNSPECIFIED.,.F.,.F.,.F.,(4,1,4),(4,1,1,4),(0.,0.571428571428571,
1.),(1.38777878078148E-16,0.448798950512828,0.897597901025655,1.5707963267949),
 .UNSPECIFIED.);
#1044=ADVANCED_FACE('',(#129),#1032,.T.);
#1045=ADVANCED_FACE('',(#130),#1033,.T.);
#1046=ADVANCED_FACE('',(#131),#104,.T.);
#1047=ADVANCED_FACE('',(#132),#78,.T.);
#1048=ADVANCED_FACE('',(#133),#105,.T.);
#1049=ADVANCED_FACE('',(#134,#63),#106,.T.);
#1050=ADVANCED_FACE('',(#135),#1034,.T.);
#1051=ADVANCED_FACE('',(#136),#1035,.T.);
#1052=ADVANCED_FACE('',(#137),#107,.T.);
#1053=ADVANCED_FACE('',(#138),#79,.T.);
#1054=ADVANCED_FACE('',(#139,#64,#65,#66,#67,#68,#69,#70,#71),#108,.F.);
#1055=ADVANCED_FACE('',(#140),#1036,.T.);
#1056=ADVANCED_FACE('',(#141),#109,.T.);
#1057=ADVANCED_FACE('',(#142),#1037,.T.);
#1058=ADVANCED_FACE('',(#143),#110,.T.);
#1059=ADVANCED_FACE('',(#144),#1038,.T.);
#1060=ADVANCED_FACE('',(#145),#1039,.T.);
#1061=ADVANCED_FACE('',(#146),#111,.T.);
#1062=ADVANCED_FACE('',(#147),#80,.T.);
#1063=ADVANCED_FACE('',(#148),#81,.T.);
#1064=ADVANCED_FACE('',(#149),#112,.T.);
#1065=ADVANCED_FACE('',(#150),#82,.T.);
#1066=ADVANCED_FACE('',(#151),#83,.T.);
#1067=ADVANCED_FACE('',(#152),#23,.T.);
#1068=ADVANCED_FACE('',(#153),#84,.T.);
#1069=ADVANCED_FACE('',(#154),#24,.T.);
#1070=ADVANCED_FACE('',(#155),#85,.T.);
#1071=ADVANCED_FACE('',(#156),#25,.T.);
#1072=ADVANCED_FACE('',(#157),#26,.T.);
#1073=ADVANCED_FACE('',(#158),#86,.T.);
#1074=ADVANCED_FACE('',(#159),#113,.T.);
#1075=ADVANCED_FACE('',(#160),#87,.T.);
#1076=ADVANCED_FACE('',(#161),#114,.T.);
#1077=ADVANCED_FACE('',(#162),#115,.T.);
#1078=ADVANCED_FACE('',(#163),#1040,.F.);
#1079=ADVANCED_FACE('',(#164),#1041,.F.);
#1080=ADVANCED_FACE('',(#165),#1042,.F.);
#1081=ADVANCED_FACE('',(#166),#1043,.F.);
#1082=ADVANCED_FACE('',(#167),#88,.T.);
#1083=ADVANCED_FACE('',(#168),#89,.T.);
#1084=ADVANCED_FACE('',(#169),#90,.T.);
#1085=ADVANCED_FACE('',(#170),#91,.T.);
#1086=ADVANCED_FACE('',(#171),#116,.T.);
#1087=ADVANCED_FACE('',(#172),#92,.T.);
#1088=ADVANCED_FACE('',(#173),#117,.T.);
#1089=ADVANCED_FACE('',(#174),#93,.T.);
#1090=ADVANCED_FACE('',(#175),#118,.T.);
#1091=ADVANCED_FACE('',(#176),#119,.T.);
#1092=ADVANCED_FACE('',(#177),#94,.T.);
#1093=ADVANCED_FACE('',(#178),#120,.T.);
#1094=ADVANCED_FACE('',(#179),#95,.T.);
#1095=ADVANCED_FACE('',(#180),#121,.T.);
#1096=ADVANCED_FACE('',(#181),#96,.T.);
#1097=ADVANCED_FACE('',(#182),#122,.T.);
#1098=ADVANCED_FACE('',(#183),#97,.T.);
#1099=ADVANCED_FACE('',(#184),#98,.F.);
#1100=ADVANCED_FACE('',(#185),#99,.F.);
#1101=ADVANCED_FACE('',(#186),#100,.F.);
#1102=ADVANCED_FACE('',(#187),#101,.F.);
#1103=ADVANCED_FACE('',(#188),#102,.F.);
#1104=ADVANCED_FACE('',(#189),#103,.F.);
#1105=ADVANCED_FACE('',(#190),#123,.T.);
#1106=ADVANCED_FACE('',(#191),#124,.T.);
#1107=ADVANCED_FACE('',(#192),#125,.T.);
#1108=ADVANCED_FACE('',(#193),#126,.T.);
#1109=ADVANCED_FACE('',(#194),#127,.T.);
#1110=ADVANCED_FACE('',(#195,#72,#73,#74,#75,#76,#77),#128,.T.);
#1111=CLOSED_SHELL('',(#1044,#1045,#1046,#1047,#1048,#1049,#1050,#1051,
#1052,#1053,#1054,#1055,#1056,#1057,#1058,#1059,#1060,#1061,#1062,#1063,
#1064,#1065,#1066,#1067,#1068,#1069,#1070,#1071,#1072,#1073,#1074,#1075,
#1076,#1077,#1078,#1079,#1080,#1081,#1082,#1083,#1084,#1085,#1086,#1087,
#1088,#1089,#1090,#1091,#1092,#1093,#1094,#1095,#1096,#1097,#1098,#1099,
#1100,#1101,#1102,#1103,#1104,#1105,#1106,#1107,#1108,#1109,#1110));
#1112=DERIVED_UNIT_ELEMENT(#1114,1.);
#1113=DERIVED_UNIT_ELEMENT(#2783,-3.);
#1114=(
MASS_UNIT()
NAMED_UNIT(*)
SI_UNIT(.KILO.,.GRAM.)
);
#1115=DERIVED_UNIT((#1112,#1113));
#1116=MEASURE_REPRESENTATION_ITEM('density measure',
POSITIVE_RATIO_MEASURE(7850.),#1115);
#1117=PROPERTY_DEFINITION_REPRESENTATION(#1122,#1119);
#1118=PROPERTY_DEFINITION_REPRESENTATION(#1123,#1120);
#1119=REPRESENTATION('material name',(#1121),#2780);
#1120=REPRESENTATION('density',(#1116),#2780);
#1121=DESCRIPTIVE_REPRESENTATION_ITEM('Steel','Steel');
#1122=PROPERTY_DEFINITION('material property','material name',#2790);
#1123=PROPERTY_DEFINITION('material property','density of part',#2790);
#1124=AXIS2_PLACEMENT_3D('',#1514,#1224,#1225);
#1125=AXIS2_PLACEMENT_3D('',#1737,#1228,#1229);
#1126=AXIS2_PLACEMENT_3D('',#1743,#1233,#1234);
#1127=AXIS2_PLACEMENT_3D('',#1820,#1237,#1238);
#1128=AXIS2_PLACEMENT_3D('',#1824,#1241,#1242);
#1129=AXIS2_PLACEMENT_3D('',#2066,#1255,#1256);
#1130=AXIS2_PLACEMENT_3D('',#2069,#1259,#1260);
#1131=AXIS2_PLACEMENT_3D('',#2147,#1263,#1264);
#1132=AXIS2_PLACEMENT_3D('',#2155,#1269,#1270);
#1133=AXIS2_PLACEMENT_3D('',#2157,#1271,#1272);
#1134=AXIS2_PLACEMENT_3D('',#2159,#1273,#1274);
#1135=AXIS2_PLACEMENT_3D('',#2161,#1275,#1276);
#1136=AXIS2_PLACEMENT_3D('',#2163,#1277,#1278);
#1137=AXIS2_PLACEMENT_3D('',#2165,#1279,#1280);
#1138=AXIS2_PLACEMENT_3D('',#2170,#1282,#1283);
#1139=AXIS2_PLACEMENT_3D('',#2174,#1285,#1286);
#1140=AXIS2_PLACEMENT_3D('',#2178,#1288,#1289);
#1141=AXIS2_PLACEMENT_3D('',#2181,#1291,#1292);
#1142=AXIS2_PLACEMENT_3D('',#2186,#1294,#1295);
#1143=AXIS2_PLACEMENT_3D('',#2190,#1297,#1298);
#1144=AXIS2_PLACEMENT_3D('',#2194,#1300,#1301);
#1145=AXIS2_PLACEMENT_3D('',#2197,#1303,#1304);
#1146=AXIS2_PLACEMENT_3D('',#2307,#1305,#1306);
#1147=AXIS2_PLACEMENT_3D('',#2352,#1310,#1311);
#1148=AXIS2_PLACEMENT_3D('',#2499,#1313,#1314);
#1149=AXIS2_PLACEMENT_3D('',#2501,#1316,#1317);
#1150=AXIS2_PLACEMENT_3D('',#2503,#1319,#1320);
#1151=AXIS2_PLACEMENT_3D('',#2505,#1322,#1323);
#1152=AXIS2_PLACEMENT_3D('',#2506,#1324,#1325);
#1153=AXIS2_PLACEMENT_3D('',#2509,#1326,#1327);
#1154=AXIS2_PLACEMENT_3D('',#2513,#1329,#1330);
#1155=AXIS2_PLACEMENT_3D('',#2515,#1332,#1333);
#1156=AXIS2_PLACEMENT_3D('',#2517,#1334,#1335);
#1157=AXIS2_PLACEMENT_3D('',#2521,#1337,#1338);
#1158=AXIS2_PLACEMENT_3D('',#2523,#1340,#1341);
#1159=AXIS2_PLACEMENT_3D('',#2524,#1342,#1343);
#1160=AXIS2_PLACEMENT_3D('',#2525,#1344,#1345);
#1161=AXIS2_PLACEMENT_3D('',#2527,#1346,#1347);
#1162=AXIS2_PLACEMENT_3D('',#2531,#1349,#1350);
#1163=AXIS2_PLACEMENT_3D('',#2533,#1352,#1353);
#1164=AXIS2_PLACEMENT_3D('',#2534,#1354,#1355);
#1165=AXIS2_PLACEMENT_3D('',#2535,#1356,#1357);
#1166=AXIS2_PLACEMENT_3D('',#2537,#1358,#1359);
#1167=AXIS2_PLACEMENT_3D('',#2540,#1361,#1362);
#1168=AXIS2_PLACEMENT_3D('',#2542,#1364,#1365);
#1169=AXIS2_PLACEMENT_3D('',#2543,#1366,#1367);
#1170=AXIS2_PLACEMENT_3D('',#2544,#1368,#1369);
#1171=AXIS2_PLACEMENT_3D('',#2545,#1370,#1371);
#1172=AXIS2_PLACEMENT_3D('',#2546,#1372,#1373);
#1173=AXIS2_PLACEMENT_3D('',#2549,#1376,#1377);
#1174=AXIS2_PLACEMENT_3D('',#2551,#1379,#1380);
#1175=AXIS2_PLACEMENT_3D('',#2553,#1382,#1383);
#1176=AXIS2_PLACEMENT_3D('',#2555,#1385,#1386);
#1177=AXIS2_PLACEMENT_3D('',#2588,#1387,#1388);
#1178=AXIS2_PLACEMENT_3D('',#2590,#1389,#1390);
#1179=AXIS2_PLACEMENT_3D('',#2591,#1391,#1392);
#1180=AXIS2_PLACEMENT_3D('',#2624,#1393,#1394);
#1181=AXIS2_PLACEMENT_3D('',#2626,#1395,#1396);
#1182=AXIS2_PLACEMENT_3D('',#2627,#1397,#1398);
#1183=AXIS2_PLACEMENT_3D('',#2660,#1399,#1400);
#1184=AXIS2_PLACEMENT_3D('',#2662,#1401,#1402);
#1185=AXIS2_PLACEMENT_3D('',#2663,#1403,#1404);
#1186=AXIS2_PLACEMENT_3D('',#2696,#1405,#1406);
#1187=AXIS2_PLACEMENT_3D('',#2698,#1407,#1408);
#1188=AXIS2_PLACEMENT_3D('',#2699,#1409,#1410);
#1189=AXIS2_PLACEMENT_3D('',#2700,#1411,#1412);
#1190=AXIS2_PLACEMENT_3D('',#2703,#1415,#1416);
#1191=AXIS2_PLACEMENT_3D('',#2706,#1419,#1420);
#1192=AXIS2_PLACEMENT_3D('',#2709,#1423,#1424);
#1193=AXIS2_PLACEMENT_3D('',#2712,#1427,#1428);
#1194=AXIS2_PLACEMENT_3D('',#2715,#1431,#1432);
#1195=AXIS2_PLACEMENT_3D('',#2717,#1434,#1435);
#1196=AXIS2_PLACEMENT_3D('',#2719,#1437,#1438);
#1197=AXIS2_PLACEMENT_3D('',#2721,#1440,#1441);
#1198=AXIS2_PLACEMENT_3D('',#2722,#1442,#1443);
#1199=AXIS2_PLACEMENT_3D('',#2724,#1445,#1446);
#1200=AXIS2_PLACEMENT_3D('',#2726,#1448,#1449);
#1201=AXIS2_PLACEMENT_3D('',#2728,#1451,#1452);
#1202=AXIS2_PLACEMENT_3D('',#2729,#1453,#1454);
#1203=AXIS2_PLACEMENT_3D('',#2731,#1456,#1457);
#1204=AXIS2_PLACEMENT_3D('',#2733,#1459,#1460);
#1205=AXIS2_PLACEMENT_3D('',#2735,#1462,#1463);
#1206=AXIS2_PLACEMENT_3D('',#2736,#1464,#1465);
#1207=AXIS2_PLACEMENT_3D('',#2738,#1466,#1467);
#1208=AXIS2_PLACEMENT_3D('',#2740,#1469,#1470);
#1209=AXIS2_PLACEMENT_3D('',#2742,#1471,#1472);
#1210=AXIS2_PLACEMENT_3D('',#2744,#1474,#1475);
#1211=AXIS2_PLACEMENT_3D('',#2746,#1476,#1477);
#1212=AXIS2_PLACEMENT_3D('',#2748,#1479,#1480);
#1213=AXIS2_PLACEMENT_3D('',#2750,#1481,#1482);
#1214=AXIS2_PLACEMENT_3D('',#2752,#1484,#1485);
#1215=AXIS2_PLACEMENT_3D('',#2754,#1486,#1487);
#1216=AXIS2_PLACEMENT_3D('',#2756,#1489,#1490);
#1217=AXIS2_PLACEMENT_3D('',#2758,#1491,#1492);
#1218=AXIS2_PLACEMENT_3D('',#2760,#1494,#1495);
#1219=AXIS2_PLACEMENT_3D('',#2766,#1499,#1500);
#1220=AXIS2_PLACEMENT_3D('',#2770,#1503,#1504);
#1221=AXIS2_PLACEMENT_3D('',#2774,#1507,#1508);
#1222=AXIS2_PLACEMENT_3D('',#2776,#1510,#1511);
#1223=AXIS2_PLACEMENT_3D('',#2777,#1512,#1513);
#1224=DIRECTION('axis',(0.,0.,1.));
#1225=DIRECTION('refdir',(1.,0.,0.));
#1226=DIRECTION('',(0.70710678118653,0.707106781186566,0.));
#1227=DIRECTION('',(-0.707106781186579,-0.707106781186516,1.96261557335464E-16));
#1228=DIRECTION('center_axis',(0.707106781186548,-0.707106781186548,0.));
#1229=DIRECTION('ref_axis',(0.,0.,-1.));
#1230=DIRECTION('',(-0.707106781186548,-0.707106781186548,0.));
#1231=DIRECTION('',(0.,0.,-1.));
#1232=DIRECTION('',(0.,0.,1.));
#1233=DIRECTION('center_axis',(1.,0.,0.));
#1234=DIRECTION('ref_axis',(0.,-0.707106781186553,-0.707106781186543));
#1235=DIRECTION('',(-1.,0.,0.));
#1236=DIRECTION('',(1.,0.,0.));
#1237=DIRECTION('center_axis',(0.,-1.,0.));
#1238=DIRECTION('ref_axis',(1.,0.,0.));
#1239=DIRECTION('',(1.,0.,0.));
#1240=DIRECTION('',(0.,0.,1.));
#1241=DIRECTION('center_axis',(0.,0.,1.));
#1242=DIRECTION('ref_axis',(1.,0.,0.));
#1243=DIRECTION('',(0.,1.,0.));
#1244=DIRECTION('',(0.707106781186548,-0.707106781186548,0.));
#1245=DIRECTION('',(-1.,0.,0.));
#1246=DIRECTION('',(0.707106781186541,0.707106781186554,0.));
#1247=DIRECTION('',(0.,-1.,0.));
#1248=DIRECTION('',(-0.707106781186548,0.707106781186548,0.));
#1249=DIRECTION('',(-1.,0.,0.));
#1250=DIRECTION('',(0.,1.,0.));
#1251=DIRECTION('',(1.,0.,0.));
#1252=DIRECTION('',(0.,-1.,0.));
#1253=DIRECTION('',(-0.707106781186548,0.707106781186548,0.));
#1254=DIRECTION('',(0.707106781186547,-0.707106781186547,0.));
#1255=DIRECTION('center_axis',(0.707106781186548,0.707106781186548,0.));
#1256=DIRECTION('ref_axis',(0.,0.,-1.));
#1257=DIRECTION('',(0.,0.,-1.));
#1258=DIRECTION('',(0.,0.,1.));
#1259=DIRECTION('center_axis',(-1.,0.,0.));
#1260=DIRECTION('ref_axis',(0.,0.707106781186544,-0.707106781186551));
#1261=DIRECTION('',(-1.,0.,0.));
#1262=DIRECTION('',(1.,0.,0.));
#1263=DIRECTION('center_axis',(0.,0.,1.));
#1264=DIRECTION('ref_axis',(1.,0.,0.));
#1265=DIRECTION('',(0.707106781186548,-0.707106781186548,0.));
#1266=DIRECTION('',(0.,-1.,0.));
#1267=DIRECTION('',(-0.707106781186548,-0.707106781186548,0.));
#1268=DIRECTION('',(0.,1.,0.));
#1269=DIRECTION('center_axis',(0.,0.,1.));
#1270=DIRECTION('ref_axis',(1.,0.,0.));
#1271=DIRECTION('center_axis',(0.,0.,1.));
#1272=DIRECTION('ref_axis',(1.,0.,0.));
#1273=DIRECTION('center_axis',(0.,0.,1.));
#1274=DIRECTION('ref_axis',(1.,0.,0.));
#1275=DIRECTION('center_axis',(0.,0.,1.));
#1276=DIRECTION('ref_axis',(1.,0.,0.));
#1277=DIRECTION('center_axis',(0.,0.,1.));
#1278=DIRECTION('ref_axis',(1.,0.,0.));
#1279=DIRECTION('center_axis',(0.,0.,1.));
#1280=DIRECTION('ref_axis',(1.,0.,0.));
#1281=DIRECTION('',(1.,0.,0.));
#1282=DIRECTION('center_axis',(0.,0.,1.));
#1283=DIRECTION('ref_axis',(1.,0.,0.));
#1284=DIRECTION('',(-2.08983157576502E-14,1.,0.));
#1285=DIRECTION('center_axis',(0.,0.,1.));
#1286=DIRECTION('ref_axis',(0.,1.,0.));
#1287=DIRECTION('',(-1.,0.,0.));
#1288=DIRECTION('center_axis',(0.,0.,1.));
#1289=DIRECTION('ref_axis',(-1.,0.,0.));
#1290=DIRECTION('',(0.,-1.,0.));
#1291=DIRECTION('center_axis',(0.,0.,1.));
#1292=DIRECTION('ref_axis',(0.,-1.,0.));
#1293=DIRECTION('',(1.,-1.78470927882515E-16,0.));
#1294=DIRECTION('center_axis',(0.,0.,1.));
#1295=DIRECTION('ref_axis',(1.,0.,0.));
#1296=DIRECTION('',(0.,1.,0.));
#1297=DIRECTION('center_axis',(0.,0.,1.));
#1298=DIRECTION('ref_axis',(7.1054273576004E-14,1.,0.));
#1299=DIRECTION('',(-1.,0.,0.));
#1300=DIRECTION('center_axis',(0.,0.,1.));
#1301=DIRECTION('ref_axis',(-1.,7.10542735760065E-14,0.));
#1302=DIRECTION('',(4.71613142354267E-14,-1.,0.));
#1303=DIRECTION('center_axis',(0.,0.,1.));
#1304=DIRECTION('ref_axis',(-1.77635683940035E-14,-1.,0.));
#1305=DIRECTION('center_axis',(-0.707106781186554,0.707106781186541,0.));
#1306=DIRECTION('ref_axis',(0.,0.,1.));
#1307=DIRECTION('',(0.,0.,-1.));
#1308=DIRECTION('',(-0.707106781186541,-0.707106781186554,0.));
#1309=DIRECTION('',(0.,0.,1.));
#1310=DIRECTION('center_axis',(0.,1.,0.));
#1311=DIRECTION('ref_axis',(-1.,0.,0.));
#1312=DIRECTION('',(-0.707106781186554,0.707106781186541,0.));
#1313=DIRECTION('center_axis',(-0.707106781186548,-0.707106781186548,0.));
#1314=DIRECTION('ref_axis',(0.,0.,1.));
#1315=DIRECTION('',(0.,0.,-1.));
#1316=DIRECTION('center_axis',(0.,-1.,0.));
#1317=DIRECTION('ref_axis',(-0.707106781186544,0.,-0.707106781186551));
#1318=DIRECTION('',(0.,1.,0.));
#1319=DIRECTION('center_axis',(0.,1.,0.));
#1320=DIRECTION('ref_axis',(0.707106781186544,0.,-0.707106781186551));
#1321=DIRECTION('',(0.,-1.,0.));
#1322=DIRECTION('center_axis',(1.,0.,0.));
#1323=DIRECTION('ref_axis',(0.,1.,0.));
#1324=DIRECTION('center_axis',(0.,-1.,0.));
#1325=DIRECTION('ref_axis',(0.707106781186553,0.,-0.707106781186543));
#1326=DIRECTION('center_axis',(0.,-1.,0.));
#1327=DIRECTION('ref_axis',(0.,0.,-1.));
#1328=DIRECTION('',(0.,-1.,0.));
#1329=DIRECTION('center_axis',(0.,1.,0.));
#1330=DIRECTION('ref_axis',(1.,0.,0.));
#1331=DIRECTION('',(0.,1.,0.));
#1332=DIRECTION('center_axis',(-1.,1.78470927882515E-16,0.));
#1333=DIRECTION('ref_axis',(0.,-0.707106781186553,-0.707106781186543));
#1334=DIRECTION('center_axis',(-1.,0.,0.));
#1335=DIRECTION('ref_axis',(0.,0.,-1.));
#1336=DIRECTION('',(-1.,1.78470927882515E-16,0.));
#1337=DIRECTION('center_axis',(1.,1.77635683940023E-14,0.));
#1338=DIRECTION('ref_axis',(1.77635683940023E-14,-1.,0.));
#1339=DIRECTION('',(1.,-1.78470927882515E-16,0.));
#1340=DIRECTION('center_axis',(-0.816496580927725,-0.408248290463863,-0.408248290463865));
#1341=DIRECTION('ref_axis',(0.577350269189645,-0.577350269189617,-0.577350269189615));
#1342=DIRECTION('center_axis',(0.,0.,-1.));
#1343=DIRECTION('ref_axis',(1.,0.,0.));
#1344=DIRECTION('center_axis',(-4.71613142354267E-14,1.,0.));
#1345=DIRECTION('ref_axis',(-0.707106781186553,0.,-0.707106781186543));
#1346=DIRECTION('center_axis',(-3.5527136788007E-14,1.,0.));
#1347=DIRECTION('ref_axis',(0.,0.,-1.));
#1348=DIRECTION('',(-4.71613142354267E-14,1.,0.));
#1349=DIRECTION('center_axis',(3.55271367880051E-14,-1.,0.));
#1350=DIRECTION('ref_axis',(-1.,-3.55271367880051E-14,0.));
#1351=DIRECTION('',(4.71613142354267E-14,-1.,0.));
#1352=DIRECTION('center_axis',(0.408248290463833,-0.816496580927752,0.408248290463841));
#1353=DIRECTION('ref_axis',(-0.577350269189637,-0.577350269189595,-0.577350269189645));
#1354=DIRECTION('center_axis',(0.,0.,-1.));
#1355=DIRECTION('ref_axis',(-1.77635683940035E-14,-1.,0.));
#1356=DIRECTION('center_axis',(1.,0.,0.));
#1357=DIRECTION('ref_axis',(0.,0.707106781186553,-0.707106781186543));
#1358=DIRECTION('center_axis',(1.,0.,0.));
#1359=DIRECTION('ref_axis',(0.,0.,-1.));
#1360=DIRECTION('',(1.,0.,0.));
#1361=DIRECTION('center_axis',(-1.,0.,0.));
#1362=DIRECTION('ref_axis',(0.,1.,0.));
#1363=DIRECTION('',(-1.,0.,0.));
#1364=DIRECTION('center_axis',(-0.8164965809277,-0.408248290463942,0.408248290463835));
#1365=DIRECTION('ref_axis',(-0.577350269189652,0.57735026918968,-0.577350269189546));
#1366=DIRECTION('center_axis',(0.,0.,-1.));
#1367=DIRECTION('ref_axis',(-1.,7.10542735760065E-14,0.));
#1368=DIRECTION('center_axis',(-0.816496580927702,0.408248290463936,-0.408248290463839));
#1369=DIRECTION('ref_axis',(0.577350269189654,0.577350269189682,-0.577350269189541));
#1370=DIRECTION('center_axis',(0.,0.,-1.));
#1371=DIRECTION('ref_axis',(7.1054273576004E-14,1.,0.));
#1372=DIRECTION('center_axis',(0.,0.,-1.));
#1373=DIRECTION('ref_axis',(1.,0.,0.));
#1374=DIRECTION('',(0.,0.,-1.));
#1375=DIRECTION('',(0.,0.,-1.));
#1376=DIRECTION('center_axis',(1.,0.,0.));
#1377=DIRECTION('ref_axis',(0.,-1.,0.));
#1378=DIRECTION('',(0.,0.,-1.));
#1379=DIRECTION('center_axis',(0.,0.,-1.));
#1380=DIRECTION('ref_axis',(7.1054273576004E-14,1.,0.));
#1381=DIRECTION('',(0.,0.,-1.));
#1382=DIRECTION('center_axis',(0.,1.,0.));
#1383=DIRECTION('ref_axis',(1.,0.,0.));
#1384=DIRECTION('',(0.,0.,-1.));
#1385=DIRECTION('center_axis',(0.,0.,-1.));
#1386=DIRECTION('ref_axis',(1.,0.,0.));
#1387=DIRECTION('center_axis',(-0.948683298050513,-0.316227766016841,0.));
#1388=DIRECTION('ref_axis',(-0.316227766016841,0.948683298050513,0.));
#1389=DIRECTION('center_axis',(0.316227766016841,0.948683298050513,0.));
#1390=DIRECTION('ref_axis',(-0.948683298050513,0.316227766016841,0.));
#1391=DIRECTION('center_axis',(0.,0.,-1.));
#1392=DIRECTION('ref_axis',(-1.,0.,0.));
#1393=DIRECTION('center_axis',(0.316227766016841,-0.948683298050513,0.));
#1394=DIRECTION('ref_axis',(-0.948683298050513,-0.316227766016841,0.));
#1395=DIRECTION('center_axis',(-0.948683298050513,0.316227766016841,0.));
#1396=DIRECTION('ref_axis',(-0.316227766016841,-0.948683298050513,0.));
#1397=DIRECTION('center_axis',(2.7755575615629E-16,2.7755575615629E-16,
-1.));
#1398=DIRECTION('ref_axis',(0.,-1.,-2.7755575615629E-16));
#1399=DIRECTION('center_axis',(0.948683298050513,0.316227766016841,-1.12346670994456E-14));
#1400=DIRECTION('ref_axis',(0.316227766016841,-0.948683298050513,0.));
#1401=DIRECTION('center_axis',(-0.316227766016828,-0.948683298050517,0.));
#1402=DIRECTION('ref_axis',(0.948683298050517,-0.316227766016828,0.));
#1403=DIRECTION('center_axis',(-2.7755575615629E-16,2.77555756156295E-16,
-1.));
#1404=DIRECTION('ref_axis',(1.,1.77635683940023E-14,-2.77555756156285E-16));
#1405=DIRECTION('center_axis',(-0.316227766016845,0.948683298050512,0.));
#1406=DIRECTION('ref_axis',(0.948683298050512,0.316227766016845,0.));
#1407=DIRECTION('center_axis',(0.94868329805052,-0.316227766016821,0.));
#1408=DIRECTION('ref_axis',(0.316227766016821,0.948683298050519,0.));
#1409=DIRECTION('center_axis',(-2.7755575615628E-16,-2.77555756156285E-16,
-1.));
#1410=DIRECTION('ref_axis',(0.,1.,-2.77555756156285E-16));
#1411=DIRECTION('center_axis',(1.,0.,0.));
#1412=DIRECTION('ref_axis',(0.,0.707106781186553,-0.707106781186543));
#1413=DIRECTION('',(1.,0.,0.));
#1414=DIRECTION('',(-1.,0.,0.));
#1415=DIRECTION('center_axis',(2.08983157576502E-14,-1.,0.));
#1416=DIRECTION('ref_axis',(0.707106781186544,1.6747652892627E-14,-0.707106781186551));
#1417=DIRECTION('',(-2.08983157576502E-14,1.,0.));
#1418=DIRECTION('',(2.08983157576502E-14,-1.,0.));
#1419=DIRECTION('center_axis',(-1.,0.,0.));
#1420=DIRECTION('ref_axis',(0.,-0.707106781186553,-0.707106781186543));
#1421=DIRECTION('',(1.,0.,0.));
#1422=DIRECTION('',(-1.,0.,0.));
#1423=DIRECTION('center_axis',(0.,1.,0.));
#1424=DIRECTION('ref_axis',(-0.707106781186544,0.,-0.707106781186551));
#1425=DIRECTION('',(0.,-1.,0.));
#1426=DIRECTION('',(0.,1.,0.));
#1427=DIRECTION('center_axis',(0.,-1.,0.));
#1428=DIRECTION('ref_axis',(-1.,0.,0.));
#1429=DIRECTION('',(0.,0.,-1.));
#1430=DIRECTION('',(0.,0.,-1.));
#1431=DIRECTION('center_axis',(0.,0.,-1.));
#1432=DIRECTION('ref_axis',(1.,0.,0.));
#1433=DIRECTION('',(0.,0.,-1.));
#1434=DIRECTION('center_axis',(1.,2.08983157576502E-14,0.));
#1435=DIRECTION('ref_axis',(2.08983157576502E-14,-1.,0.));
#1436=DIRECTION('',(0.,0.,-1.));
#1437=DIRECTION('center_axis',(0.,0.,-1.));
#1438=DIRECTION('ref_axis',(0.,1.,0.));
#1439=DIRECTION('',(0.,0.,-1.));
#1440=DIRECTION('center_axis',(0.,0.,-1.));
#1441=DIRECTION('ref_axis',(1.,0.,0.));
#1442=DIRECTION('center_axis',(-1.78470927882515E-16,-1.,0.));
#1443=DIRECTION('ref_axis',(-1.,1.78470927882515E-16,0.));
#1444=DIRECTION('',(0.,0.,-1.));
#1445=DIRECTION('center_axis',(0.,0.,-1.));
#1446=DIRECTION('ref_axis',(-1.,7.10542735760065E-14,0.));
#1447=DIRECTION('',(0.,0.,-1.));
#1448=DIRECTION('center_axis',(-1.,-4.71613142354267E-14,0.));
#1449=DIRECTION('ref_axis',(-4.71613142354267E-14,1.,0.));
#1450=DIRECTION('',(0.,0.,-1.));
#1451=DIRECTION('center_axis',(0.,0.,-1.));
#1452=DIRECTION('ref_axis',(-1.77635683940035E-14,-1.,0.));
#1453=DIRECTION('center_axis',(0.,1.,0.));
#1454=DIRECTION('ref_axis',(1.,0.,0.));
#1455=DIRECTION('',(0.,0.,-1.));
#1456=DIRECTION('center_axis',(0.,0.,-1.));
#1457=DIRECTION('ref_axis',(-1.,0.,0.));
#1458=DIRECTION('',(0.,0.,-1.));
#1459=DIRECTION('center_axis',(-1.,0.,0.));
#1460=DIRECTION('ref_axis',(0.,1.,0.));
#1461=DIRECTION('',(0.,0.,-1.));
#1462=DIRECTION('center_axis',(0.,0.,-1.));
#1463=DIRECTION('ref_axis',(0.,-1.,0.));
#1464=DIRECTION('center_axis',(0.,0.,-1.));
#1465=DIRECTION('ref_axis',(1.,0.,0.));
#1466=DIRECTION('center_axis',(0.,0.,-1.));
#1467=DIRECTION('ref_axis',(1.,0.,0.));
#1468=DIRECTION('',(0.,0.,-1.));
#1469=DIRECTION('center_axis',(0.,0.,-1.));
#1470=DIRECTION('ref_axis',(1.,0.,0.));
#1471=DIRECTION('center_axis',(0.,0.,-1.));
#1472=DIRECTION('ref_axis',(1.,0.,0.));
#1473=DIRECTION('',(0.,0.,-1.));
#1474=DIRECTION('center_axis',(0.,0.,-1.));
#1475=DIRECTION('ref_axis',(1.,0.,0.));
#1476=DIRECTION('center_axis',(0.,0.,-1.));
#1477=DIRECTION('ref_axis',(1.,0.,0.));
#1478=DIRECTION('',(0.,0.,-1.));
#1479=DIRECTION('center_axis',(0.,0.,-1.));
#1480=DIRECTION('ref_axis',(1.,0.,0.));
#1481=DIRECTION('center_axis',(0.,0.,-1.));
#1482=DIRECTION('ref_axis',(1.,0.,0.));
#1483=DIRECTION('',(0.,0.,-1.));
#1484=DIRECTION('center_axis',(0.,0.,-1.));
#1485=DIRECTION('ref_axis',(1.,0.,0.));
#1486=DIRECTION('center_axis',(0.,0.,-1.));
#1487=DIRECTION('ref_axis',(1.,0.,0.));
#1488=DIRECTION('',(0.,0.,-1.));
#1489=DIRECTION('center_axis',(0.,0.,-1.));
#1490=DIRECTION('ref_axis',(1.,0.,0.));
#1491=DIRECTION('center_axis',(0.,0.,-1.));
#1492=DIRECTION('ref_axis',(1.,0.,0.));
#1493=DIRECTION('',(0.,0.,-1.));
#1494=DIRECTION('center_axis',(1.,0.,0.));
#1495=DIRECTION('ref_axis',(0.,1.,0.));
#1496=DIRECTION('',(0.,0.,1.));
#1497=DIRECTION('',(0.,-1.,0.));
#1498=DIRECTION('',(0.,0.,1.));
#1499=DIRECTION('center_axis',(0.,1.,0.));
#1500=DIRECTION('ref_axis',(-1.,0.,0.));
#1501=DIRECTION('',(0.,0.,1.));
#1502=DIRECTION('',(1.,0.,0.));
#1503=DIRECTION('center_axis',(-1.,0.,0.));
#1504=DIRECTION('ref_axis',(0.,-1.,0.));
#1505=DIRECTION('',(0.,0.,1.));
#1506=DIRECTION('',(0.,1.,0.));
#1507=DIRECTION('center_axis',(0.,-1.,0.));
#1508=DIRECTION('ref_axis',(1.,0.,0.));
#1509=DIRECTION('',(-1.,0.,0.));
#1510=DIRECTION('center_axis',(-1.,0.,0.));
#1511=DIRECTION('ref_axis',(0.,-1.,0.));
#1512=DIRECTION('center_axis',(0.,0.,1.));
#1513=DIRECTION('ref_axis',(1.,0.,0.));
#1514=CARTESIAN_POINT('',(0.,0.,0.));
#1515=CARTESIAN_POINT('Ctrl Pts',(309.212321938453,107.559481598151,0.00734230449251694));
#1516=CARTESIAN_POINT('Ctrl Pts',(309.21027109134,107.561405476176,0.00713863884653177));
#1517=CARTESIAN_POINT('Ctrl Pts',(309.206231537441,107.565184929895,0.00674213071881572));
#1518=CARTESIAN_POINT('Ctrl Pts',(309.185826510638,107.584123930662,0.00486454682822778));
#1519=CARTESIAN_POINT('Ctrl Pts',(309.154793796933,107.612797863637,0.00261524612415191));
#1520=CARTESIAN_POINT('Ctrl Pts',(309.122258981586,107.642571749362,0.000981703045673696));
#1521=CARTESIAN_POINT('Ctrl Pts',(309.090923529181,107.671105053108,0.000153827841679856));
#1522=CARTESIAN_POINT('Ctrl Pts',(309.070287441924,107.689888295971,1.43111266206323E-6));
#1523=CARTESIAN_POINT('Ctrl Pts',(309.066176341271,107.693624305981,-1.93117861646509E-19));
#1524=CARTESIAN_POINT('Ctrl Pts',(309.064089,107.695520295866,0.));
#1525=CARTESIAN_POINT('Ctrl Pts',(308.743083759585,107.090243419283,0.00734230449251694));
#1526=CARTESIAN_POINT('Ctrl Pts',(308.741075235501,107.092209620337,0.00713863884653184));
#1527=CARTESIAN_POINT('Ctrl Pts',(308.737191790777,107.096145183231,0.00674213071881587));
#1528=CARTESIAN_POINT('Ctrl Pts',(308.71729943456,107.115596854584,0.00486454682822801));
#1529=CARTESIAN_POINT('Ctrl Pts',(308.686995046658,107.144999113361,0.00261524612415214));
#1530=CARTESIAN_POINT('Ctrl Pts',(308.655532685559,107.175845453334,0.00098170304567385));
#1531=CARTESIAN_POINT('Ctrl Pts',(308.624948552634,107.205130076561,0.000153827841679929));
#1532=CARTESIAN_POINT('Ctrl Pts',(308.604866524585,107.224467378632,1.4311126620792E-6));
#1533=CARTESIAN_POINT('Ctrl Pts',(308.600939125521,107.22838709023,-1.34181030946789E-19));
#1534=CARTESIAN_POINT('Ctrl Pts',(308.598915568045,107.230346863911,0.));
#1535=CARTESIAN_POINT('Ctrl Pts',(308.273845580717,106.621005240415,0.00734230449251694));
#1536=CARTESIAN_POINT('Ctrl Pts',(308.271879379663,106.623013764499,0.00713863884653191));
#1537=CARTESIAN_POINT('Ctrl Pts',(308.26794381677,106.62686899541,0.00604701978725544));
#1538=CARTESIAN_POINT('Ctrl Pts',(308.248492145416,106.647209285077,0.00445698986650491));
#1539=CARTESIAN_POINT('Ctrl Pts',(308.219089886639,106.678020327851,0.00352555465142729));
#1540=CARTESIAN_POINT('Ctrl Pts',(308.188243546666,106.709300613075,-4.52043484745549E-5));
#1541=CARTESIAN_POINT('Ctrl Pts',(308.158958923439,106.739637904056,0.000517472161365202));
#1542=CARTESIAN_POINT('Ctrl Pts',(308.139621621369,106.759334603182,0.000696253857824582));
#1543=CARTESIAN_POINT('Ctrl Pts',(308.13570190977,106.76314987448,-6.87716417560731E-20));
#1544=CARTESIAN_POINT('Ctrl Pts',(308.133742136089,106.765173431955,0.));
#1545=CARTESIAN_POINT('Ctrl Pts',(307.804607401849,106.151767061547,0.00734230449251694));
#1546=CARTESIAN_POINT('Ctrl Pts',(307.802683523824,106.15381790866,0.00713863884653199));
#1547=CARTESIAN_POINT('Ctrl Pts',(307.798904070105,106.157857462559,0.0067421307188163));
#1548=CARTESIAN_POINT('Ctrl Pts',(307.779965069338,106.178262489363,0.00486454682822814));
#1549=CARTESIAN_POINT('Ctrl Pts',(307.751291136364,106.209295203067,0.00261524612414733));
#1550=CARTESIAN_POINT('Ctrl Pts',(307.721517250638,106.241830018414,0.000981703045666338));
#1551=CARTESIAN_POINT('Ctrl Pts',(307.692983946892,106.273165470819,0.000153827841678745));
#1552=CARTESIAN_POINT('Ctrl Pts',(307.674200704029,106.293801558076,1.43111266205706E-6));
#1553=CARTESIAN_POINT('Ctrl Pts',(307.670464694019,106.297912658729,0.));
#1554=CARTESIAN_POINT('Ctrl Pts',(307.668568704134,106.3,0.));
#1555=CARTESIAN_POINT('',(309.064089,107.695520295866,0.));
#1556=CARTESIAN_POINT('',(309.212321938453,107.559481598151,0.00734230449251694));
#1557=CARTESIAN_POINT('Ctrl Pts',(309.064089,107.695520295866,2.22044604925031E-16));
#1558=CARTESIAN_POINT('Ctrl Pts',(309.064652781927,107.695008197128,2.21961148434823E-16));
#1559=CARTESIAN_POINT('Ctrl Pts',(309.065219977313,107.694492988085,2.79151718731896E-7));
#1560=CARTESIAN_POINT('Ctrl Pts',(309.065884547829,107.693889072517,1.07466438747927E-6));
#1561=CARTESIAN_POINT('Ctrl Pts',(309.06657649465,107.693260279264,1.9029473888335E-6));
#1562=CARTESIAN_POINT('Ctrl Pts',(309.06737383257,107.692535477843,3.28579799431453E-6));
#1563=CARTESIAN_POINT('Ctrl Pts',(309.068339614293,107.691657232819,6.02258604742723E-6));
#1564=CARTESIAN_POINT('Ctrl Pts',(309.069355281622,107.69073362373,8.90073764590504E-6));
#1565=CARTESIAN_POINT('Ctrl Pts',(309.070557023764,107.689640511283,1.32753914623917E-5));
#1566=CARTESIAN_POINT('Ctrl Pts',(309.071974513701,107.688350857628,2.07272519852086E-5));
#1567=CARTESIAN_POINT('Ctrl Pts',(309.073490061036,107.686971989879,2.86946082583312E-5));
#1568=CARTESIAN_POINT('Ctrl Pts',(309.075251933377,107.685368727702,4.02044947286903E-5));
#1569=CARTESIAN_POINT('Ctrl Pts',(309.077251659818,107.683548742627,5.77529829610679E-5));
#1570=CARTESIAN_POINT('Ctrl Pts',(309.079467247441,107.681532298614,7.71957490016057E-5));
#1571=CARTESIAN_POINT('Ctrl Pts',(309.081974330617,107.679250258812,0.00010412948500671));
#1572=CARTESIAN_POINT('Ctrl Pts',(309.084714042247,107.676756101405,0.000141804158707348));
#1573=CARTESIAN_POINT('Ctrl Pts',(309.088366348558,107.673431143138,0.000192028221328586));
#1574=CARTESIAN_POINT('Ctrl Pts',(309.092431015556,107.66973019461,0.00026171467263276));
#1575=CARTESIAN_POINT('Ctrl Pts',(309.096695487991,107.6658462359,0.000354436228043431));
#1576=CARTESIAN_POINT('Ctrl Pts',(309.100462030632,107.66241577731,0.000436331397389113));
#1577=CARTESIAN_POINT('Ctrl Pts',(309.104380430762,107.658846200576,0.000536095491546568));
#1578=CARTESIAN_POINT('Ctrl Pts',(309.108303049299,107.655271332618,0.000651768986068779));
#1579=CARTESIAN_POINT('Ctrl Pts',(309.111524948003,107.652335063814,0.00074677906124399));
#1580=CARTESIAN_POINT('Ctrl Pts',(309.114748888072,107.649395956174,0.000852366886431826));
#1581=CARTESIAN_POINT('Ctrl Pts',(309.117917040108,107.646506207854,0.000966130436644397));
#1582=CARTESIAN_POINT('Ctrl Pts',(309.120805045389,107.643871988184,0.00106983434035813));
#1583=CARTESIAN_POINT('Ctrl Pts',(309.123646280806,107.641279161128,0.00118024000837683));
#1584=CARTESIAN_POINT('Ctrl Pts',(309.126426436566,107.638740291395,0.00129587843285894));
#1585=CARTESIAN_POINT('Ctrl Pts',(309.129089536048,107.636308318782,0.00140664799211357));
#1586=CARTESIAN_POINT('Ctrl Pts',(309.131696180345,107.633926232514,0.00152213948954725));
#1587=CARTESIAN_POINT('Ctrl Pts',(309.134268098533,107.631573689849,0.00164260133666816));
#1588=CARTESIAN_POINT('Ctrl Pts',(309.137374091011,107.628732627541,0.00178807781134721));
#1589=CARTESIAN_POINT('Ctrl Pts',(309.140432258855,107.625932049388,0.00194078792020382));
#1590=CARTESIAN_POINT('Ctrl Pts',(309.143541738862,107.623080486866,0.00210572392867081));
#1591=CARTESIAN_POINT('Ctrl Pts',(309.146167973411,107.620672086749,0.00224502716997969));
#1592=CARTESIAN_POINT('Ctrl Pts',(309.148831430737,107.61822675391,0.00239319556483537));
#1593=CARTESIAN_POINT('Ctrl Pts',(309.151550811229,107.615727296209,0.00255202708859348));
#1594=CARTESIAN_POINT('Ctrl Pts',(309.154473985385,107.613040526126,0.00272276163882563));
#1595=CARTESIAN_POINT('Ctrl Pts',(309.157461413861,107.610291547811,0.0029058774300252));
#1596=CARTESIAN_POINT('Ctrl Pts',(309.160491500225,107.607500444304,0.0031010194570944));
#1597=CARTESIAN_POINT('Ctrl Pts',(309.163931717824,107.604331556604,0.00332257454012022));
#1598=CARTESIAN_POINT('Ctrl Pts',(309.167426351747,107.601108886906,0.00355972957519045));
#1599=CARTESIAN_POINT('Ctrl Pts',(309.170894768208,107.597907261603,0.00380732260931604));
#1600=CARTESIAN_POINT('Ctrl Pts',(309.176337353812,107.592883320568,0.00419584177887441));
#1601=CARTESIAN_POINT('Ctrl Pts',(309.181711882087,107.587914351487,0.00461076674124374));
#1602=CARTESIAN_POINT('Ctrl Pts',(309.186604790493,107.583384867741,0.00501174550438699));
#1603=CARTESIAN_POINT('Ctrl Pts',(309.189807697547,107.580419859154,0.00527422695761999));
#1604=CARTESIAN_POINT('Ctrl Pts',(309.19280167123,107.577645574847,0.00553008357985737));
#1605=CARTESIAN_POINT('Ctrl Pts',(309.195489966716,107.575152337229,0.00576648881569963));
#1606=CARTESIAN_POINT('Ctrl Pts',(309.19789796589,107.572919058128,0.00597824515563495));
#1607=CARTESIAN_POINT('Ctrl Pts',(309.200059945767,107.570911989534,0.00617421690966645));
#1608=CARTESIAN_POINT('Ctrl Pts',(309.201940951037,107.569164087559,0.00634781840101684));
#1609=CARTESIAN_POINT('Ctrl Pts',(309.203586311277,107.567635155951,0.00649967177231462));
#1610=CARTESIAN_POINT('Ctrl Pts',(309.205016684662,107.566304529046,0.0066343719570373));
#1611=CARTESIAN_POINT('Ctrl Pts',(309.206240511199,107.565164741118,0.00675087548536202));
#1612=CARTESIAN_POINT('Ctrl Pts',(309.207413840719,107.564071982641,0.00686257189399908));
#1613=CARTESIAN_POINT('Ctrl Pts',(309.208397024273,107.56315491193,0.0069575033179982));
#1614=CARTESIAN_POINT('Ctrl Pts',(309.209231403104,107.562375472417,0.00703861978243325));
#1615=CARTESIAN_POINT('Ctrl Pts',(309.210024545486,107.561634554158,0.00711572733040676));
#1616=CARTESIAN_POINT('Ctrl Pts',(309.210683101313,107.561018116691,0.0071803440340895));
#1617=CARTESIAN_POINT('Ctrl Pts',(309.211276694015,107.560461795152,0.00723887284988378));
#1618=CARTESIAN_POINT('Ctrl Pts',(309.21164115136,107.560120221763,0.0072748086973181));
#1619=CARTESIAN_POINT('Ctrl Pts',(309.211981795631,107.559800682541,0.00730852556911362));
#1620=CARTESIAN_POINT('Ctrl Pts',(309.212321938453,107.559481598151,0.00734230449251871));
#1621=CARTESIAN_POINT('',(307.804607401849,106.151767061547,0.00734230449251694));
#1622=CARTESIAN_POINT('Ctrl Pts',(307.804607401849,106.151767061547,0.00734230449251694));
#1623=CARTESIAN_POINT('Ctrl Pts',(308.273845580717,106.621005240415,0.00734230449251694));
#1624=CARTESIAN_POINT('Ctrl Pts',(308.743083759585,107.090243419283,0.00734230449251694));
#1625=CARTESIAN_POINT('Ctrl Pts',(309.212321938453,107.559481598151,0.00734230449251694));
#1626=CARTESIAN_POINT('',(307.668568704134,106.3,0.));
#1627=CARTESIAN_POINT('Ctrl Pts',(307.804607401849,106.151767061547,0.00734230449251672));
#1628=CARTESIAN_POINT('Ctrl Pts',(307.804087652045,106.152321112985,0.00728728271968792));
#1629=CARTESIAN_POINT('Ctrl Pts',(307.803564770432,106.152878568389,0.00723219620481236));
#1630=CARTESIAN_POINT('Ctrl Pts',(307.802952661387,106.153532457306,0.00716804062303189));
#1631=CARTESIAN_POINT('Ctrl Pts',(307.802315327743,106.154213292541,0.00710124123331484));
#1632=CARTESIAN_POINT('Ctrl Pts',(307.801581419265,106.154998502165,0.00702462158322759));
#1633=CARTESIAN_POINT('Ctrl Pts',(307.800693206395,106.155950602598,0.00693276403634502));
#1634=CARTESIAN_POINT('Ctrl Pts',(307.799759093267,106.156951904814,0.00683615955843334));
#1635=CARTESIAN_POINT('Ctrl Pts',(307.798654518103,106.158137574482,0.00672272216188809));
#1636=CARTESIAN_POINT('Ctrl Pts',(307.797352379914,106.159537200136,0.00659108016112353));
#1637=CARTESIAN_POINT('Ctrl Pts',(307.795960108522,106.161033707016,0.00645032598212208));
#1638=CARTESIAN_POINT('Ctrl Pts',(307.794342258159,106.162774514998,0.00628881400555226));
#1639=CARTESIAN_POINT('Ctrl Pts',(307.792506718894,106.164751598734,0.00610981998177174));
#1640=CARTESIAN_POINT('Ctrl Pts',(307.790472775134,106.166942386588,0.00591147839099042));
#1641=CARTESIAN_POINT('Ctrl Pts',(307.788171981864,106.169422819834,0.00569179532321811));
#1642=CARTESIAN_POINT('Ctrl Pts',(307.785658461562,106.172135142911,0.005459743492499));
#1643=CARTESIAN_POINT('Ctrl Pts',(307.782303702114,106.175755241566,0.00515002724682577));
#1644=CARTESIAN_POINT('Ctrl Pts',(307.778570970528,106.179787407946,0.00481875078993071));
#1645=CARTESIAN_POINT('Ctrl Pts',(307.774656042738,106.184021490926,0.00449039273132446));
#1646=CARTESIAN_POINT('Ctrl Pts',(307.771206549308,106.187752196114,0.00420107220580818));
#1647=CARTESIAN_POINT('Ctrl Pts',(307.767619276026,106.19163568828,0.00391431028002984));
#1648=CARTESIAN_POINT('Ctrl Pts',(307.764029011794,106.19552686189,0.00364263512573171));
#1649=CARTESIAN_POINT('Ctrl Pts',(307.761078231574,106.198724954671,0.0034193497016199));
#1650=CARTESIAN_POINT('Ctrl Pts',(307.758126166582,106.201927428942,0.00320618216202234));
#1651=CARTESIAN_POINT('Ctrl Pts',(307.75522558686,106.205077415784,0.00300644523575166));
#1652=CARTESIAN_POINT('Ctrl Pts',(307.752581177975,106.207949204871,0.00282434849884039));
#1653=CARTESIAN_POINT('Ctrl Pts',(307.74997994102,106.210776952688,0.00265336488487311));
#1654=CARTESIAN_POINT('Ctrl Pts',(307.747434747025,106.21354684277,0.00249345523803979));
#1655=CARTESIAN_POINT('Ctrl Pts',(307.744999692012,106.216196870525,0.00234046541170528));
#1656=CARTESIAN_POINT('Ctrl Pts',(307.742616305383,106.218793535088,0.00219757364268887));
#1657=CARTESIAN_POINT('Ctrl Pts',(307.740264443172,106.221358726877,0.00206290180075919));
#1658=CARTESIAN_POINT('Ctrl Pts',(307.737426364761,106.224454237915,0.00190038834855256));
#1659=CARTESIAN_POINT('Ctrl Pts',(307.734631608351,106.227506738917,0.00174955104750168));
#1660=CARTESIAN_POINT('Ctrl Pts',(307.731789208322,106.230614788966,0.00160562851770263));
#1661=CARTESIAN_POINT('Ctrl Pts',(307.72938423463,106.233244530919,0.00148385470178186));
#1662=CARTESIAN_POINT('Ctrl Pts',(307.726944574451,106.235914662749,0.00136711307180698));
#1663=CARTESIAN_POINT('Ctrl Pts',(307.724452780265,106.238643719578,0.00125538971683858));
#1664=CARTESIAN_POINT('Ctrl Pts',(307.721774313071,106.24157722397,0.00113529659568889));
#1665=CARTESIAN_POINT('Ctrl Pts',(307.719035938254,106.244578453532,0.0010210984748979));
#1666=CARTESIAN_POINT('Ctrl Pts',(307.716257206745,106.247625369707,0.000914646158655108));
#1667=CARTESIAN_POINT('Ctrl Pts',(307.713102888515,106.251084121731,0.000793805235165055));
#1668=CARTESIAN_POINT('Ctrl Pts',(307.709897080536,106.254601182883,0.000683101232100563));
#1669=CARTESIAN_POINT('Ctrl Pts',(307.706713584329,106.258094890494,0.000585460322168219));
#1670=CARTESIAN_POINT('Ctrl Pts',(307.70171486392,106.263580704329,0.000432144729050234));
#1671=CARTESIAN_POINT('Ctrl Pts',(307.696774254374,106.26900549764,0.000312103262506393));
#1672=CARTESIAN_POINT('Ctrl Pts',(307.69227288238,106.273949122201,0.000226233138515886));
#1673=CARTESIAN_POINT('Ctrl Pts',(307.689327300581,106.277184102679,0.00017004194289338));
#1674=CARTESIAN_POINT('Ctrl Pts',(307.686572203851,106.280210425436,0.000128083013322838));
#1675=CARTESIAN_POINT('Ctrl Pts',(307.684097088564,106.282929555634,9.71365021167347E-5));
#1676=CARTESIAN_POINT('Ctrl Pts',(307.681879055663,106.28536625839,6.94043070239131E-5));
#1677=CARTESIAN_POINT('Ctrl Pts',(307.679886579224,106.287555485962,5.04120757281853E-5));
#1678=CARTESIAN_POINT('Ctrl Pts',(307.678152317628,106.289461283574,3.70219715084552E-5));
#1679=CARTESIAN_POINT('Ctrl Pts',(307.676636109019,106.291127460552,2.53154381208184E-5));
#1680=CARTESIAN_POINT('Ctrl Pts',(307.675317269063,106.292576998039,1.78536498772631E-5));
#1681=CARTESIAN_POINT('Ctrl Pts',(307.674188315106,106.293818086702,1.27387380990385E-5));
#1682=CARTESIAN_POINT('Ctrl Pts',(307.673105938054,106.295007972154,7.83485065634749E-6));
#1683=CARTESIAN_POINT('Ctrl Pts',(307.67219837307,106.296005957626,5.07797515481746E-6));
#1684=CARTESIAN_POINT('Ctrl Pts',(307.671427777015,106.296853584695,3.2999800536615E-6));
#1685=CARTESIAN_POINT('Ctrl Pts',(307.670695275262,106.297659309446,1.60987987656444E-6));
#1686=CARTESIAN_POINT('Ctrl Pts',(307.670086651824,106.298329046962,8.09106407758943E-7));
#1687=CARTESIAN_POINT('Ctrl Pts',(307.669537952765,106.298933004992,3.79492830271388E-7));
#1688=CARTESIAN_POINT('Ctrl Pts',(307.669199976861,106.299305018134,1.14868653064384E-7));
#1689=CARTESIAN_POINT('Ctrl Pts',(307.668884111722,106.299652760133,-2.22018904012032E-16));
#1690=CARTESIAN_POINT('Ctrl Pts',(307.668568704134,106.3,-2.22044604925031E-16));
#1691=CARTESIAN_POINT('',(308.366328852067,106.997760147933,0.));
#1692=CARTESIAN_POINT('Ctrl Pts',(307.804607401849,106.151767061547,0.00734230449251694));
#1693=CARTESIAN_POINT('Ctrl Pts',(308.230067121927,105.698228517492,0.0523823369722894));
#1694=CARTESIAN_POINT('Ctrl Pts',(308.97659280846,105.080491676347,0.471612864379995));
#1695=CARTESIAN_POINT('Ctrl Pts',(309.450331889393,104.842331079757,1.089129621252));
#1696=CARTESIAN_POINT('Ctrl Pts',(309.55224271152,104.803978259848,1.36059883292979));
#1697=CARTESIAN_POINT('Ctrl Pts',(309.564089,104.8,1.45386794110738));
#1698=CARTESIAN_POINT('Ctrl Pts',(309.564089,104.8,1.5));
#1699=CARTESIAN_POINT('Ctrl Pts',(308.273845580717,106.621005240415,0.00734230449251694));
#1700=CARTESIAN_POINT('Ctrl Pts',(308.708664908787,106.176826304352,0.052382336972289));
#1701=CARTESIAN_POINT('Ctrl Pts',(309.412260980191,105.516159848078,0.471612864379995));
#1702=CARTESIAN_POINT('Ctrl Pts',(309.807473899676,105.19947309004,1.08912962125199));
#1703=CARTESIAN_POINT('Ctrl Pts',(309.888198721064,105.139934269392,1.36059883292979));
#1704=CARTESIAN_POINT('Ctrl Pts',(309.897422333333,105.133333333333,1.45386794110738));
#1705=CARTESIAN_POINT('Ctrl Pts',(309.897422333333,105.133333333333,1.5));
#1706=CARTESIAN_POINT('Ctrl Pts',(308.743083759585,107.090243419283,0.00734230449251694));
#1707=CARTESIAN_POINT('Ctrl Pts',(309.187262695648,106.655424091213,0.0523823369722889));
#1708=CARTESIAN_POINT('Ctrl Pts',(309.847929151922,105.951828019809,0.471612864379994));
#1709=CARTESIAN_POINT('Ctrl Pts',(310.16461590996,105.556615100324,1.08912962125198));
#1710=CARTESIAN_POINT('Ctrl Pts',(310.224154730608,105.475890278936,1.36059883292979));
#1711=CARTESIAN_POINT('Ctrl Pts',(310.230755666667,105.466666666667,1.45386794110738));
#1712=CARTESIAN_POINT('Ctrl Pts',(310.230755666667,105.466666666667,1.5));
#1713=CARTESIAN_POINT('Ctrl Pts',(309.212321938453,107.559481598151,0.00734230449251694));
#1714=CARTESIAN_POINT('Ctrl Pts',(309.665860482508,107.134021878073,0.0523823369722885));
#1715=CARTESIAN_POINT('Ctrl Pts',(310.283597323653,106.38749619154,0.471612864379994));
#1716=CARTESIAN_POINT('Ctrl Pts',(310.521757920243,105.913757110607,1.08912962125198));
#1717=CARTESIAN_POINT('Ctrl Pts',(310.560110740152,105.811846288481,1.36059883292979));
#1718=CARTESIAN_POINT('Ctrl Pts',(310.564089,105.8,1.45386794110738));
#1719=CARTESIAN_POINT('Ctrl Pts',(310.564089,105.8,1.5));
#1720=CARTESIAN_POINT('',(310.564089,105.8,1.5));
#1721=CARTESIAN_POINT('Ctrl Pts',(309.212321938453,107.559481598151,0.00734230449251694));
#1722=CARTESIAN_POINT('Ctrl Pts',(309.665860482508,107.134021878073,0.0523823369722885));
#1723=CARTESIAN_POINT('Ctrl Pts',(310.283597323653,106.38749619154,0.471612864379994));
#1724=CARTESIAN_POINT('Ctrl Pts',(310.521757920243,105.913757110607,1.08912962125198));
#1725=CARTESIAN_POINT('Ctrl Pts',(310.560110740152,105.811846288481,1.36059883292979));
#1726=CARTESIAN_POINT('Ctrl Pts',(310.564089,105.8,1.45386794110738));
#1727=CARTESIAN_POINT('Ctrl Pts',(310.564089,105.8,1.5));
#1728=CARTESIAN_POINT('',(309.564089,104.8,1.5));
#1729=CARTESIAN_POINT('',(310.564089,105.8,1.5));
#1730=CARTESIAN_POINT('Ctrl Pts',(309.564089,104.8,1.5));
#1731=CARTESIAN_POINT('Ctrl Pts',(309.564089,104.8,1.45386794110738));
#1732=CARTESIAN_POINT('Ctrl Pts',(309.55224271152,104.803978259848,1.36059883292979));
#1733=CARTESIAN_POINT('Ctrl Pts',(309.450331889393,104.842331079757,1.089129621252));
#1734=CARTESIAN_POINT('Ctrl Pts',(308.97659280846,105.080491676347,0.471612864379995));
#1735=CARTESIAN_POINT('Ctrl Pts',(308.230067121927,105.698228517492,0.0523823369722894));
#1736=CARTESIAN_POINT('Ctrl Pts',(307.804607401849,106.151767061547,0.00734230449251694));
#1737=CARTESIAN_POINT('Origin',(310.064089,105.3,0.));
#1738=CARTESIAN_POINT('',(310.564089,105.8,14.5));
#1739=CARTESIAN_POINT('',(309.564089,104.8,14.5));
#1740=CARTESIAN_POINT('',(277.785589,73.0215,14.5));
#1741=CARTESIAN_POINT('',(309.564089,104.8,0.));
#1742=CARTESIAN_POINT('',(310.564089,105.8,0.));
#1743=CARTESIAN_POINT('Origin',(7.46808899999999,106.3,1.5));
#1744=CARTESIAN_POINT('',(-92.563911,104.8,1.5));
#1745=CARTESIAN_POINT('',(7.46808899999999,104.8,1.5));
#1746=CARTESIAN_POINT('',(-90.8044294018489,106.151767061547,0.00734230449251694));
#1747=CARTESIAN_POINT('Ctrl Pts',(-90.8044294018489,106.151767061547,0.00734230449251694));
#1748=CARTESIAN_POINT('Ctrl Pts',(-91.2298891219268,105.698228517492,0.0523823369722899));
#1749=CARTESIAN_POINT('Ctrl Pts',(-91.9753927816731,105.080849836291,0.471159585567805));
#1750=CARTESIAN_POINT('Ctrl Pts',(-92.4500408617583,104.842368376371,1.08908129927749));
#1751=CARTESIAN_POINT('Ctrl Pts',(-92.5522724249052,104.803836623173,1.36066816393575));
#1752=CARTESIAN_POINT('Ctrl Pts',(-92.563911,104.8,1.45386794110738));
#1753=CARTESIAN_POINT('Ctrl Pts',(-92.563911,104.8,1.5));
#1754=CARTESIAN_POINT('',(-90.6683907041341,106.3,0.));
#1755=CARTESIAN_POINT('Ctrl Pts',(-90.6683907041341,106.3,-2.22044604925031E-16));
#1756=CARTESIAN_POINT('Ctrl Pts',(-90.6689028028723,106.299436218073,-2.22002876679927E-16));
#1757=CARTESIAN_POINT('Ctrl Pts',(-90.6694180119149,106.298869022687,2.79151718258078E-7));
#1758=CARTESIAN_POINT('Ctrl Pts',(-90.6700219274828,106.298204452171,1.07466438703518E-6));
#1759=CARTESIAN_POINT('Ctrl Pts',(-90.6706507207364,106.29751250535,1.902947388409E-6));
#1760=CARTESIAN_POINT('Ctrl Pts',(-90.6713755221568,106.29671516743,3.28579799382045E-6));
#1761=CARTESIAN_POINT('Ctrl Pts',(-90.6722537671812,106.295749385707,6.02258604698314E-6));
#1762=CARTESIAN_POINT('Ctrl Pts',(-90.6731773762702,106.294733718378,8.90073764540747E-6));
#1763=CARTESIAN_POINT('Ctrl Pts',(-90.6742704887174,106.293531976237,1.32753914621176E-5));
#1764=CARTESIAN_POINT('Ctrl Pts',(-90.6755601423724,106.292114486299,2.07272519845425E-5));
#1765=CARTESIAN_POINT('Ctrl Pts',(-90.6769390101204,106.290598938965,2.86946082568738E-5));
#1766=CARTESIAN_POINT('Ctrl Pts',(-90.6785422722975,106.288837066624,4.02044947255967E-5));
#1767=CARTESIAN_POINT('Ctrl Pts',(-90.6803622573729,106.286837340183,5.77529829552947E-5));
#1768=CARTESIAN_POINT('Ctrl Pts',(-90.682378701385,106.28462175256,7.71957489930492E-5));
#1769=CARTESIAN_POINT('Ctrl Pts',(-90.6846607411876,106.282114669384,0.000104129484994111));
#1770=CARTESIAN_POINT('Ctrl Pts',(-90.6871548985941,106.279374957754,0.000141804158688474));
#1771=CARTESIAN_POINT('Ctrl Pts',(-90.6904798568608,106.275722651444,0.000192028221301248));
#1772=CARTESIAN_POINT('Ctrl Pts',(-90.6941808053883,106.271657984446,0.000261714672592949));
#1773=CARTESIAN_POINT('Ctrl Pts',(-90.6980647640978,106.267393512012,0.000354436227987698));
#1774=CARTESIAN_POINT('Ctrl Pts',(-90.7014952226885,106.26362696937,0.000436331397332037));
#1775=CARTESIAN_POINT('Ctrl Pts',(-90.7050647994227,106.259708569241,0.000536095491490994));
#1776=CARTESIAN_POINT('Ctrl Pts',(-90.708639667381,106.255785950703,0.000651768986017931));
#1777=CARTESIAN_POINT('Ctrl Pts',(-90.7115759361852,106.252564051999,0.000746779061193282));
#1778=CARTESIAN_POINT('Ctrl Pts',(-90.7145150438247,106.24934011193,0.000852366886382769));
#1779=CARTESIAN_POINT('Ctrl Pts',(-90.7174047921455,106.246171959893,0.000966130436597767));
#1780=CARTESIAN_POINT('Ctrl Pts',(-90.7200390118146,106.243283954612,0.00106983434030985));
#1781=CARTESIAN_POINT('Ctrl Pts',(-90.7226318388714,106.240442719196,0.0011802400083275));
#1782=CARTESIAN_POINT('Ctrl Pts',(-90.7251707086045,106.237662563435,0.00129587843280854));
#1783=CARTESIAN_POINT('Ctrl Pts',(-90.7276026812175,106.234999463953,0.00140664799206539));
#1784=CARTESIAN_POINT('Ctrl Pts',(-90.7299847674854,106.232392819656,0.00152213948950169));
#1785=CARTESIAN_POINT('Ctrl Pts',(-90.7323373101504,106.229820901468,0.00164260133662553));
#1786=CARTESIAN_POINT('Ctrl Pts',(-90.7351783724589,106.22671490899,0.0017880778113173));
#1787=CARTESIAN_POINT('Ctrl Pts',(-90.7379789506119,106.223656741145,0.00194078792018748));
#1788=CARTESIAN_POINT('Ctrl Pts',(-90.740830513134,106.220547261138,0.00210572392867081));
#1789=CARTESIAN_POINT('Ctrl Pts',(-90.743238913251,106.217921026589,0.0022450271699807));
#1790=CARTESIAN_POINT('Ctrl Pts',(-90.7456842460901,106.215257569263,0.00239319556483753));
#1791=CARTESIAN_POINT('Ctrl Pts',(-90.7481837037909,106.212538188771,0.00255202708859703));
#1792=CARTESIAN_POINT('Ctrl Pts',(-90.7508704738744,106.209615014615,0.00272276163882958));
#1793=CARTESIAN_POINT('Ctrl Pts',(-90.7536194521891,106.206627586139,0.00290587743002964));
#1794=CARTESIAN_POINT('Ctrl Pts',(-90.7564105556964,106.203597499775,0.00310101945709929));
#1795=CARTESIAN_POINT('Ctrl Pts',(-90.759579443396,106.200157282176,0.00332257454012296));
#1796=CARTESIAN_POINT('Ctrl Pts',(-90.7628021130942,106.196662648254,0.00355972957519081));
#1797=CARTESIAN_POINT('Ctrl Pts',(-90.7660037383976,106.193194231792,0.0038073226093136));
#1798=CARTESIAN_POINT('Ctrl Pts',(-90.7710276794325,106.187751646188,0.00419584177887234));
#1799=CARTESIAN_POINT('Ctrl Pts',(-90.7759966485131,106.182377117913,0.00461076674124168));
#1800=CARTESIAN_POINT('Ctrl Pts',(-90.7805261322587,106.177484209507,0.00501174550438521));
#1801=CARTESIAN_POINT('Ctrl Pts',(-90.7834911408461,106.174281302452,0.00527422695764975));
#1802=CARTESIAN_POINT('Ctrl Pts',(-90.7862654251535,106.171287328769,0.00553008357991714));
#1803=CARTESIAN_POINT('Ctrl Pts',(-90.7887586627716,106.168599033283,0.00576648881578312));
#1804=CARTESIAN_POINT('Ctrl Pts',(-90.7909919418724,106.166191034109,0.00597824515570733));
#1805=CARTESIAN_POINT('Ctrl Pts',(-90.7929990104671,106.164029054232,0.00617421690972773));
#1806=CARTESIAN_POINT('Ctrl Pts',(-90.7947469124412,106.162148048963,0.00634781840106791));
#1807=CARTESIAN_POINT('Ctrl Pts',(-90.79627584405,106.160502688722,0.00649967177236252));
#1808=CARTESIAN_POINT('Ctrl Pts',(-90.7976064709548,106.159072315337,0.00663437195708151));
#1809=CARTESIAN_POINT('Ctrl Pts',(-90.7987462588826,106.1578484888,0.00675087548540243));
#1810=CARTESIAN_POINT('Ctrl Pts',(-90.7998390173593,106.15667515928,0.00686257189403711));
#1811=CARTESIAN_POINT('Ctrl Pts',(-90.80075608807,106.155691975727,0.00695750331803344));
#1812=CARTESIAN_POINT('Ctrl Pts',(-90.801535527583,106.154857596895,0.00703861978246589));
#1813=CARTESIAN_POINT('Ctrl Pts',(-90.8022764458425,106.154064454514,0.00711572733043633));
#1814=CARTESIAN_POINT('Ctrl Pts',(-90.8028928833092,106.153405898687,0.00718034403411626));
#1815=CARTESIAN_POINT('Ctrl Pts',(-90.8034492048484,106.152812305985,0.00723887284990909));
#1816=CARTESIAN_POINT('Ctrl Pts',(-90.8037907782371,106.15244784864,0.00727480869733315));
#1817=CARTESIAN_POINT('Ctrl Pts',(-90.8041103174588,106.152107204369,0.00730852556912025));
#1818=CARTESIAN_POINT('Ctrl Pts',(-90.8044294018489,106.151767061547,0.00734230449251672));
#1819=CARTESIAN_POINT('',(7.46808899999999,106.3,0.));
#1820=CARTESIAN_POINT('Origin',(-93.563911,104.8,0.));
#1821=CARTESIAN_POINT('',(-92.563911,104.8,14.5));
#1822=CARTESIAN_POINT('',(7.46808899999999,104.8,14.5));
#1823=CARTESIAN_POINT('',(-92.563911,104.8,0.));
#1824=CARTESIAN_POINT('Origin',(108.500089,177.75,14.5));
#1825=CARTESIAN_POINT('',(310.564089,249.7,14.5));
#1826=CARTESIAN_POINT('',(310.564089,141.275,14.5));
#1827=CARTESIAN_POINT('',(309.564089,250.7,14.5));
#1828=CARTESIAN_POINT('',(277.785589,282.4785,14.5));
#1829=CARTESIAN_POINT('',(-92.563911,250.7,14.5));
#1830=CARTESIAN_POINT('',(209.532089,250.7,14.5));
#1831=CARTESIAN_POINT('',(-93.563911,249.7,14.5));
#1832=CARTESIAN_POINT('',(-60.7854110000009,282.4785,14.5));
#1833=CARTESIAN_POINT('',(-93.563911,105.8,14.5));
#1834=CARTESIAN_POINT('',(-93.563911,214.225,14.5));
#1835=CARTESIAN_POINT('',(-60.785411,73.0215,14.5));
#1836=CARTESIAN_POINT('',(306.564089,108.8,14.5));
#1837=CARTESIAN_POINT('',(-89.563911,108.8,14.5));
#1838=CARTESIAN_POINT('',(207.532089,108.8,14.5));
#1839=CARTESIAN_POINT('',(-89.563911,246.7,14.5));
#1840=CARTESIAN_POINT('',(-89.563911,143.275,14.5));
#1841=CARTESIAN_POINT('',(306.564089,246.7,14.5));
#1842=CARTESIAN_POINT('',(9.46808899999999,246.7,14.5));
#1843=CARTESIAN_POINT('',(306.564089,212.225,14.5));
#1844=CARTESIAN_POINT('Ctrl Pts',(307.804607401849,249.348232938453,0.00734230449251694));
#1845=CARTESIAN_POINT('Ctrl Pts',(307.802683523824,249.34618209134,0.0071386388465322));
#1846=CARTESIAN_POINT('Ctrl Pts',(307.798903754259,249.342142203359,0.00674207590450106));
#1847=CARTESIAN_POINT('Ctrl Pts',(307.779964822757,249.321737251691,0.00486450352875935));
#1848=CARTESIAN_POINT('Ctrl Pts',(307.751291120623,249.290704797527,0.00261515475565857));
#1849=CARTESIAN_POINT('Ctrl Pts',(307.721517564358,249.258170342762,0.000981594172363954));
#1850=CARTESIAN_POINT('Ctrl Pts',(307.692984264668,249.22683488617,0.00015379630049999));
#1851=CARTESIAN_POINT('Ctrl Pts',(307.674201104234,249.206198888595,1.39491276136896E-6));
#1852=CARTESIAN_POINT('Ctrl Pts',(307.670464694019,249.202087341271,-1.93117861646509E-19));
#1853=CARTESIAN_POINT('Ctrl Pts',(307.668568704134,249.2,0.));
#1854=CARTESIAN_POINT('Ctrl Pts',(308.273845580717,248.878994759585,0.00734230449251694));
#1855=CARTESIAN_POINT('Ctrl Pts',(308.271879379663,248.876986235501,0.0071386388465322));
#1856=CARTESIAN_POINT('Ctrl Pts',(308.267943500924,248.873102456694,0.00674207590450106));
#1857=CARTESIAN_POINT('Ctrl Pts',(308.248491898834,248.853210175614,0.00486450352875936));
#1858=CARTESIAN_POINT('Ctrl Pts',(308.219089870898,248.822906047251,0.00261515475565857));
#1859=CARTESIAN_POINT('Ctrl Pts',(308.188243860386,248.791444046735,0.000981594172363956));
#1860=CARTESIAN_POINT('Ctrl Pts',(308.158959241215,248.760859909622,0.00015379630049999));
#1861=CARTESIAN_POINT('Ctrl Pts',(308.139622021574,248.740777971256,1.39491276136989E-6));
#1862=CARTESIAN_POINT('Ctrl Pts',(308.13570190977,248.736850125521,-1.86314110556523E-19));
#1863=CARTESIAN_POINT('Ctrl Pts',(308.133742136089,248.734826568045,0.));
#1864=CARTESIAN_POINT('Ctrl Pts',(308.743083759585,248.409756580717,0.00734230449251694));
#1865=CARTESIAN_POINT('Ctrl Pts',(308.741075235501,248.407790379663,0.0071386388465322));
#1866=CARTESIAN_POINT('Ctrl Pts',(308.737219636425,248.403854500924,0.00604706779411716));
#1867=CARTESIAN_POINT('Ctrl Pts',(308.716879429078,248.384402898834,0.00445702638289974));
#1868=CARTESIAN_POINT('Ctrl Pts',(308.686068615903,248.355000870898,0.00352546192224655));
#1869=CARTESIAN_POINT('Ctrl Pts',(308.65478868033,248.324154860386,-4.54267609476799E-5));
#1870=CARTESIAN_POINT('Ctrl Pts',(308.624451433306,248.294870241216,0.000517329246181426));
#1871=CARTESIAN_POINT('Ctrl Pts',(308.604754820958,248.275533021574,0.000696078523765753));
#1872=CARTESIAN_POINT('Ctrl Pts',(308.600939125521,248.27161290977,-2.04532871342459E-19));
#1873=CARTESIAN_POINT('Ctrl Pts',(308.598915568045,248.269653136089,0.));
#1874=CARTESIAN_POINT('Ctrl Pts',(309.212321938453,247.940518401849,0.00734230449251694));
#1875=CARTESIAN_POINT('Ctrl Pts',(309.21027109134,247.938594523824,0.0071386388465322));
#1876=CARTESIAN_POINT('Ctrl Pts',(309.206231203359,247.934814754259,0.00674207590450073));
#1877=CARTESIAN_POINT('Ctrl Pts',(309.185826251691,247.915875822757,0.0048645035287563));
#1878=CARTESIAN_POINT('Ctrl Pts',(309.154793797527,247.887202120623,0.00261515475565612));
#1879=CARTESIAN_POINT('Ctrl Pts',(309.122259342762,247.857428564359,0.000981594172366195));
#1880=CARTESIAN_POINT('Ctrl Pts',(309.09092388617,247.828895264668,0.000153796300500296));
#1881=CARTESIAN_POINT('Ctrl Pts',(309.070287888595,247.810112104234,1.3949127613475E-6));
#1882=CARTESIAN_POINT('Ctrl Pts',(309.066176341271,247.806375694019,-1.93117861646509E-19));
#1883=CARTESIAN_POINT('Ctrl Pts',(309.064089,247.804479704134,0.));
#1884=CARTESIAN_POINT('',(307.668568704134,249.2,0.));
#1885=CARTESIAN_POINT('',(307.804607401849,249.348232938453,0.00734230449251694));
#1886=CARTESIAN_POINT('Ctrl Pts',(307.668568704134,249.2,2.22044604925031E-16));
#1887=CARTESIAN_POINT('Ctrl Pts',(307.669080802872,249.200563781927,2.21961148434823E-16));
#1888=CARTESIAN_POINT('Ctrl Pts',(307.669596011915,249.201130977313,2.79151718511763E-7));
#1889=CARTESIAN_POINT('Ctrl Pts',(307.670199927483,249.201795547829,1.07466438725723E-6));
#1890=CARTESIAN_POINT('Ctrl Pts',(307.670828720736,249.20248749465,1.90294738862041E-6));
#1891=CARTESIAN_POINT('Ctrl Pts',(307.671553522157,249.20328483257,3.28579799425139E-6));
#1892=CARTESIAN_POINT('Ctrl Pts',(307.672431767181,249.204250614293,6.02258604742723E-6));
#1893=CARTESIAN_POINT('Ctrl Pts',(307.67335537627,249.205266281622,8.90073764595502E-6));
#1894=CARTESIAN_POINT('Ctrl Pts',(307.674448488717,249.206468023764,1.327539146269E-5));
#1895=CARTESIAN_POINT('Ctrl Pts',(307.675738142373,249.207885513702,2.07272519856527E-5));
#1896=CARTESIAN_POINT('Ctrl Pts',(307.677117010121,249.209401061036,2.86946082596914E-5));
#1897=CARTESIAN_POINT('Ctrl Pts',(307.678720272298,249.211162933377,4.0204494731497E-5));
#1898=CARTESIAN_POINT('Ctrl Pts',(307.680540257374,249.213162659818,5.77529829670631E-5));
#1899=CARTESIAN_POINT('Ctrl Pts',(307.682556701386,249.215378247442,7.71957490074472E-5));
#1900=CARTESIAN_POINT('Ctrl Pts',(307.684838741189,249.217885330617,0.000104129485011456));
#1901=CARTESIAN_POINT('Ctrl Pts',(307.687332898595,249.220625042247,0.000141804158709125));
#1902=CARTESIAN_POINT('Ctrl Pts',(307.690657856863,249.224277348558,0.000192028221332892));
#1903=CARTESIAN_POINT('Ctrl Pts',(307.694358805391,249.228342015556,0.000261714672641198));
#1904=CARTESIAN_POINT('Ctrl Pts',(307.698242764101,249.232606487991,0.000354436228058086));
#1905=CARTESIAN_POINT('Ctrl Pts',(307.701673222691,249.236373030633,0.000436331397402837));
#1906=CARTESIAN_POINT('Ctrl Pts',(307.705242799425,249.240291430762,0.000536095491558334));
#1907=CARTESIAN_POINT('Ctrl Pts',(307.708817667383,249.244214049299,0.000651768986076995));
#1908=CARTESIAN_POINT('Ctrl Pts',(307.711753936187,249.247435948003,0.000746779061250331));
#1909=CARTESIAN_POINT('Ctrl Pts',(307.714693043826,249.250659888072,0.000852366886435579));
#1910=CARTESIAN_POINT('Ctrl Pts',(307.717582792147,249.253828040108,0.000966130436645285));
#1911=CARTESIAN_POINT('Ctrl Pts',(307.720217011816,249.256716045389,0.00106983434035755));
#1912=CARTESIAN_POINT('Ctrl Pts',(307.722809838872,249.259557280806,0.00118024000837477));
#1913=CARTESIAN_POINT('Ctrl Pts',(307.725348708605,249.262337436566,0.00129587843285517));
#1914=CARTESIAN_POINT('Ctrl Pts',(307.727780681218,249.265000536048,0.00140664799211123));
#1915=CARTESIAN_POINT('Ctrl Pts',(307.730162767486,249.267607180345,0.00152213948954633));
#1916=CARTESIAN_POINT('Ctrl Pts',(307.732515310151,249.270179098533,0.00164260133666905));
#1917=CARTESIAN_POINT('Ctrl Pts',(307.735356372459,249.273285091011,0.00178807781133456));
#1918=CARTESIAN_POINT('Ctrl Pts',(307.738156950611,249.276343258855,0.00194078792017649));
#1919=CARTESIAN_POINT('Ctrl Pts',(307.741008513133,249.279452738862,0.00210572392862596));
#1920=CARTESIAN_POINT('Ctrl Pts',(307.74341691325,249.28207897341,0.00224502716993432));
#1921=CARTESIAN_POINT('Ctrl Pts',(307.745862246089,249.284742430736,0.00239319556478927));
#1922=CARTESIAN_POINT('Ctrl Pts',(307.74836170379,249.287461811229,0.00255202708854685));
#1923=CARTESIAN_POINT('Ctrl Pts',(307.751048473874,249.290384985384,0.00272276163878436));
#1924=CARTESIAN_POINT('Ctrl Pts',(307.753797452188,249.29337241386,0.00290587742999021));
#1925=CARTESIAN_POINT('Ctrl Pts',(307.756588555696,249.296402500224,0.00310101945706687));
#1926=CARTESIAN_POINT('Ctrl Pts',(307.759757443396,249.299842717824,0.0033225745400957));
#1927=CARTESIAN_POINT('Ctrl Pts',(307.762980113094,249.303337351746,0.0035597295751698));
#1928=CARTESIAN_POINT('Ctrl Pts',(307.766181738397,249.306805768208,0.00380732260929961));
#1929=CARTESIAN_POINT('Ctrl Pts',(307.771205679432,249.312248353812,0.00419584177885917));
#1930=CARTESIAN_POINT('Ctrl Pts',(307.776174648513,249.317622882087,0.00461076674123013));
#1931=CARTESIAN_POINT('Ctrl Pts',(307.780704132259,249.322515790493,0.00501174550437544));
#1932=CARTESIAN_POINT('Ctrl Pts',(307.783669140846,249.325718697547,0.00527422695763864));
#1933=CARTESIAN_POINT('Ctrl Pts',(307.786443425153,249.328712671231,0.00553008357990485));
#1934=CARTESIAN_POINT('Ctrl Pts',(307.788936662771,249.331400966717,0.00576648881577024));
#1935=CARTESIAN_POINT('Ctrl Pts',(307.791169941872,249.333808965891,0.00597824515569651));
#1936=CARTESIAN_POINT('Ctrl Pts',(307.793177010467,249.335970945768,0.00617421690971899));
#1937=CARTESIAN_POINT('Ctrl Pts',(307.794924912441,249.337851951037,0.00634781840106102));
#1938=CARTESIAN_POINT('Ctrl Pts',(307.79645384405,249.339497311278,0.00649967177235279));
#1939=CARTESIAN_POINT('Ctrl Pts',(307.797784470955,249.340927684663,0.00663437195706979));
#1940=CARTESIAN_POINT('Ctrl Pts',(307.798924258882,249.3421515112,0.00675087548538955));
#1941=CARTESIAN_POINT('Ctrl Pts',(307.800017017359,249.34332484072,0.00686257189402968));
#1942=CARTESIAN_POINT('Ctrl Pts',(307.80093408807,249.344308024273,0.00695750331803011));
#1943=CARTESIAN_POINT('Ctrl Pts',(307.801713527583,249.345142403105,0.00703861978246567));
#1944=CARTESIAN_POINT('Ctrl Pts',(307.802454445842,249.345935545486,0.00711572733043757));
#1945=CARTESIAN_POINT('Ctrl Pts',(307.803070883309,249.346594101313,0.00718034403411855));
#1946=CARTESIAN_POINT('Ctrl Pts',(307.803627204848,249.347187694016,0.0072388728499122));
#1947=CARTESIAN_POINT('Ctrl Pts',(307.803968778237,249.34755215136,0.00727480869733591));
#1948=CARTESIAN_POINT('Ctrl Pts',(307.804288317459,249.347892795631,0.00730852556912254));
#1949=CARTESIAN_POINT('Ctrl Pts',(307.804607401849,249.348232938453,0.00734230449251871));
#1950=CARTESIAN_POINT('',(309.212321938453,247.940518401849,0.00734230449251694));
#1951=CARTESIAN_POINT('Ctrl Pts',(309.212321938453,247.940518401849,0.00734230449251694));
#1952=CARTESIAN_POINT('Ctrl Pts',(308.743083759585,248.409756580717,0.00734230449251694));
#1953=CARTESIAN_POINT('Ctrl Pts',(308.273845580717,248.878994759585,0.00734230449251694));
#1954=CARTESIAN_POINT('Ctrl Pts',(307.804607401849,249.348232938453,0.00734230449251694));
#1955=CARTESIAN_POINT('',(309.064089,247.804479704134,0.));
#1956=CARTESIAN_POINT('Ctrl Pts',(309.212321938453,247.940518401849,0.00734230449251871));
#1957=CARTESIAN_POINT('Ctrl Pts',(309.211767887015,247.939998652045,0.00728728271969051));
#1958=CARTESIAN_POINT('Ctrl Pts',(309.211210431611,247.939475770432,0.00723219620481557));
#1959=CARTESIAN_POINT('Ctrl Pts',(309.210556542694,247.938863661387,0.00716804062303589));
#1960=CARTESIAN_POINT('Ctrl Pts',(309.209875707459,247.938226327743,0.00710124123331756));
#1961=CARTESIAN_POINT('Ctrl Pts',(309.209090497835,247.937492419265,0.00702462158322874));
#1962=CARTESIAN_POINT('Ctrl Pts',(309.208138397402,247.936604206395,0.00693276403634369));
#1963=CARTESIAN_POINT('Ctrl Pts',(309.207137095186,247.935670093267,0.00683615955844566));
#1964=CARTESIAN_POINT('Ctrl Pts',(309.205951425519,247.934565518103,0.00672272216191889));
#1965=CARTESIAN_POINT('Ctrl Pts',(309.204551799865,247.933263379915,0.00659108016117815));
#1966=CARTESIAN_POINT('Ctrl Pts',(309.203055292985,247.931871108522,0.00645032598218618));
#1967=CARTESIAN_POINT('Ctrl Pts',(309.201314485003,247.93025325816,0.00628881400562723));
#1968=CARTESIAN_POINT('Ctrl Pts',(309.199337401267,247.928417718895,0.00610981998185767));
#1969=CARTESIAN_POINT('Ctrl Pts',(309.197146613412,247.926383775133,0.00591147839095142));
#1970=CARTESIAN_POINT('Ctrl Pts',(309.194666180164,247.924082981862,0.00569179532302447));
#1971=CARTESIAN_POINT('Ctrl Pts',(309.191953857085,247.921569461558,0.00545974349213973));
#1972=CARTESIAN_POINT('Ctrl Pts',(309.188333758428,247.918214702109,0.00515002724635566));
#1973=CARTESIAN_POINT('Ctrl Pts',(309.184301592047,247.914481970521,0.00481875078934662));
#1974=CARTESIAN_POINT('Ctrl Pts',(309.180067509066,247.910567042729,0.00449039273064455));
#1975=CARTESIAN_POINT('Ctrl Pts',(309.176336803878,247.907117549301,0.00420107220521331));
#1976=CARTESIAN_POINT('Ctrl Pts',(309.172453311713,247.903530276019,0.00391431027953077));
#1977=CARTESIAN_POINT('Ctrl Pts',(309.168562138104,247.899940011789,0.00364263512532426));
#1978=CARTESIAN_POINT('Ctrl Pts',(309.165364045323,247.896989231569,0.00341934970124798));
#1979=CARTESIAN_POINT('Ctrl Pts',(309.162161571053,247.894037166578,0.00320618216168698));
#1980=CARTESIAN_POINT('Ctrl Pts',(309.159011584212,247.891136586856,0.00300644523545079));
#1981=CARTESIAN_POINT('Ctrl Pts',(309.156139795124,247.88849217797,0.00282434849854289));
#1982=CARTESIAN_POINT('Ctrl Pts',(309.153312047307,247.885890941015,0.00265336488458045));
#1983=CARTESIAN_POINT('Ctrl Pts',(309.150542157225,247.883345747021,0.00249345523775268));
#1984=CARTESIAN_POINT('Ctrl Pts',(309.147892129471,247.880910692008,0.00234046541148364));
#1985=CARTESIAN_POINT('Ctrl Pts',(309.145295464909,247.87852730538,0.0021975736425253));
#1986=CARTESIAN_POINT('Ctrl Pts',(309.142730273121,247.87617544317,0.00206290180064683));
#1987=CARTESIAN_POINT('Ctrl Pts',(309.139634762084,247.87333736476,0.0019003883485064));
#1988=CARTESIAN_POINT('Ctrl Pts',(309.136582261083,247.870542608351,0.00174955104751184));
#1989=CARTESIAN_POINT('Ctrl Pts',(309.133474211035,247.867700208323,0.00160562851776436));
#1990=CARTESIAN_POINT('Ctrl Pts',(309.130844469082,247.865295234631,0.00148385470183138));
#1991=CARTESIAN_POINT('Ctrl Pts',(309.128174337252,247.862855574452,0.00136711307184511));
#1992=CARTESIAN_POINT('Ctrl Pts',(309.125445280422,247.860363780266,0.00125538971686612));
#1993=CARTESIAN_POINT('Ctrl Pts',(309.122511776031,247.857685313071,0.00113529659570482));
#1994=CARTESIAN_POINT('Ctrl Pts',(309.119510546468,247.854946938254,0.00102109847490308));
#1995=CARTESIAN_POINT('Ctrl Pts',(309.116463630293,247.852168206745,0.000914646158650889));
#1996=CARTESIAN_POINT('Ctrl Pts',(309.113004878269,247.849013888515,0.000793805235146484));
#1997=CARTESIAN_POINT('Ctrl Pts',(309.109487817116,247.845808080535,0.000683101232070123));
#1998=CARTESIAN_POINT('Ctrl Pts',(309.105994109505,247.842624584328,0.000585460322129361));
#1999=CARTESIAN_POINT('Ctrl Pts',(309.10050829567,247.837625863919,0.000432144729020166));
#2000=CARTESIAN_POINT('Ctrl Pts',(309.095083502359,247.832685254373,0.000312103262483974));
#2001=CARTESIAN_POINT('Ctrl Pts',(309.090139877798,247.828183882379,0.000226233138499454));
#2002=CARTESIAN_POINT('Ctrl Pts',(309.086904897321,247.825238300581,0.000170041942891583));
#2003=CARTESIAN_POINT('Ctrl Pts',(309.083878574565,247.822483203851,0.000128083013329884));
#2004=CARTESIAN_POINT('Ctrl Pts',(309.081159444367,247.820008088564,9.7136502127837E-5));
#2005=CARTESIAN_POINT('Ctrl Pts',(309.078722741611,247.817790055663,6.94043070318857E-5));
#2006=CARTESIAN_POINT('Ctrl Pts',(309.076533514039,247.815797579225,5.04120757339141E-5));
#2007=CARTESIAN_POINT('Ctrl Pts',(309.074627716426,247.814063317628,3.70219715126741E-5));
#2008=CARTESIAN_POINT('Ctrl Pts',(309.072961539448,247.81254710902,2.53154381241731E-5));
#2009=CARTESIAN_POINT('Ctrl Pts',(309.071512001961,247.811228269063,1.78536498797861E-5));
#2010=CARTESIAN_POINT('Ctrl Pts',(309.070270913298,247.810099315106,1.27387381010369E-5));
#2011=CARTESIAN_POINT('Ctrl Pts',(309.069081027847,247.809016938054,7.83485065782012E-6));
#2012=CARTESIAN_POINT('Ctrl Pts',(309.068083042375,247.808109373071,5.07797515617922E-6));
#2013=CARTESIAN_POINT('Ctrl Pts',(309.067235415305,247.807338777016,3.29998005477172E-6));
#2014=CARTESIAN_POINT('Ctrl Pts',(309.066429690554,247.806606275262,1.60987987749806E-6));
#2015=CARTESIAN_POINT('Ctrl Pts',(309.065759953038,247.805997651824,8.09106408325366E-7));
#2016=CARTESIAN_POINT('Ctrl Pts',(309.065155995008,247.805448952765,3.79492830715478E-7));
#2017=CARTESIAN_POINT('Ctrl Pts',(309.064783981866,247.805110976861,1.14868653349787E-7));
#2018=CARTESIAN_POINT('Ctrl Pts',(309.064436239867,247.804795111722,2.21993203099019E-16));
#2019=CARTESIAN_POINT('Ctrl Pts',(309.064089,247.804479704134,2.22044604925031E-16));
#2020=CARTESIAN_POINT('',(308.366328852067,248.502239852067,0.));
#2021=CARTESIAN_POINT('Ctrl Pts',(309.212321938453,247.940518401849,0.00734230449251694));
#2022=CARTESIAN_POINT('Ctrl Pts',(309.665860482508,248.365978121927,0.0523823369722895));
#2023=CARTESIAN_POINT('Ctrl Pts',(310.283565256387,249.112540978859,0.471646647596818));
#2024=CARTESIAN_POINT('Ctrl Pts',(310.521749616165,249.586246499238,1.08913452966846));
#2025=CARTESIAN_POINT('Ctrl Pts',(310.56010217421,249.688160993934,1.36060553456482));
#2026=CARTESIAN_POINT('Ctrl Pts',(310.564089,249.7,1.45386794110738));
#2027=CARTESIAN_POINT('Ctrl Pts',(310.564089,249.7,1.5));
#2028=CARTESIAN_POINT('Ctrl Pts',(308.743083759585,248.409756580717,0.00734230449251694));
#2029=CARTESIAN_POINT('Ctrl Pts',(309.187262695648,248.844575908787,0.0523823369722895));
#2030=CARTESIAN_POINT('Ctrl Pts',(309.847920163878,249.548186071369,0.47164664759682));
#2031=CARTESIAN_POINT('Ctrl Pts',(310.164611577189,249.943384538214,1.08913452966846));
#2032=CARTESIAN_POINT('Ctrl Pts',(310.224151447451,250.024111720693,1.36060553456482));
#2033=CARTESIAN_POINT('Ctrl Pts',(310.230755666667,250.033333333333,1.45386794110738));
#2034=CARTESIAN_POINT('Ctrl Pts',(310.230755666667,250.033333333333,1.5));
#2035=CARTESIAN_POINT('Ctrl Pts',(308.273845580717,248.878994759585,0.00734230449251694));
#2036=CARTESIAN_POINT('Ctrl Pts',(308.708664908787,249.323173695648,0.0523823369722895));
#2037=CARTESIAN_POINT('Ctrl Pts',(309.412275071369,249.983831163878,0.47164664759682));
#2038=CARTESIAN_POINT('Ctrl Pts',(309.807473538214,250.300522577189,1.08913452966846));
#2039=CARTESIAN_POINT('Ctrl Pts',(309.888200720693,250.360062447451,1.36060553456482));
#2040=CARTESIAN_POINT('Ctrl Pts',(309.897422333333,250.366666666667,1.45386794110738));
#2041=CARTESIAN_POINT('Ctrl Pts',(309.897422333333,250.366666666667,1.5));
#2042=CARTESIAN_POINT('Ctrl Pts',(307.804607401849,249.348232938453,0.00734230449251694));
#2043=CARTESIAN_POINT('Ctrl Pts',(308.230067121927,249.801771482508,0.0523823369722895));
#2044=CARTESIAN_POINT('Ctrl Pts',(308.97662997886,250.419476256387,0.471646647596821));
#2045=CARTESIAN_POINT('Ctrl Pts',(309.450335499238,250.657660616164,1.08913452966846));
#2046=CARTESIAN_POINT('Ctrl Pts',(309.552249993934,250.69601317421,1.36060553456482));
#2047=CARTESIAN_POINT('Ctrl Pts',(309.564089,250.7,1.45386794110738));
#2048=CARTESIAN_POINT('Ctrl Pts',(309.564089,250.7,1.5));
#2049=CARTESIAN_POINT('',(309.564089,250.7,1.5));
#2050=CARTESIAN_POINT('Ctrl Pts',(307.804607401849,249.348232938453,0.00734230449251694));
#2051=CARTESIAN_POINT('Ctrl Pts',(308.230067121927,249.801771482508,0.0523823369722895));
#2052=CARTESIAN_POINT('Ctrl Pts',(308.97662997886,250.419476256387,0.471646647596821));
#2053=CARTESIAN_POINT('Ctrl Pts',(309.450335499238,250.657660616164,1.08913452966846));
#2054=CARTESIAN_POINT('Ctrl Pts',(309.552249993934,250.69601317421,1.36060553456482));
#2055=CARTESIAN_POINT('Ctrl Pts',(309.564089,250.7,1.45386794110738));
#2056=CARTESIAN_POINT('Ctrl Pts',(309.564089,250.7,1.5));
#2057=CARTESIAN_POINT('',(310.564089,249.7,1.5));
#2058=CARTESIAN_POINT('',(309.564089,250.7,1.5));
#2059=CARTESIAN_POINT('Ctrl Pts',(310.564089,249.7,1.5));
#2060=CARTESIAN_POINT('Ctrl Pts',(310.564089,249.7,1.45386794110738));
#2061=CARTESIAN_POINT('Ctrl Pts',(310.56010217421,249.688160993934,1.36060553456482));
#2062=CARTESIAN_POINT('Ctrl Pts',(310.521749616165,249.586246499238,1.08913452966846));
#2063=CARTESIAN_POINT('Ctrl Pts',(310.283565256387,249.112540978859,0.471646647596818));
#2064=CARTESIAN_POINT('Ctrl Pts',(309.665860482508,248.365978121927,0.0523823369722895));
#2065=CARTESIAN_POINT('Ctrl Pts',(309.212321938453,247.940518401849,0.00734230449251694));
#2066=CARTESIAN_POINT('Origin',(310.064089,250.2,0.));
#2067=CARTESIAN_POINT('',(310.564089,249.7,0.));
#2068=CARTESIAN_POINT('',(309.564089,250.7,0.));
#2069=CARTESIAN_POINT('Origin',(209.532089,249.2,1.5));
#2070=CARTESIAN_POINT('',(-90.6683907041341,249.2,0.));
#2071=CARTESIAN_POINT('',(209.532089,249.2,0.));
#2072=CARTESIAN_POINT('',(-90.8044294018489,249.348232938453,0.00734230449251666));
#2073=CARTESIAN_POINT('Ctrl Pts',(-90.8044294018489,249.348232938453,0.00734230449251538));
#2074=CARTESIAN_POINT('Ctrl Pts',(-90.8039096520447,249.347678887015,0.00728728271969123));
#2075=CARTESIAN_POINT('Ctrl Pts',(-90.8033867704322,249.347121431611,0.00723219620482018));
#2076=CARTESIAN_POINT('Ctrl Pts',(-90.8027746613869,249.346467542694,0.00716804062304655));
#2077=CARTESIAN_POINT('Ctrl Pts',(-90.8021373277436,249.345786707459,0.00710124123333025));
#2078=CARTESIAN_POINT('Ctrl Pts',(-90.8014034192647,249.345001497835,0.00702462158324441));
#2079=CARTESIAN_POINT('Ctrl Pts',(-90.8005152063954,249.344049397402,0.00693276403636278));
#2080=CARTESIAN_POINT('Ctrl Pts',(-90.7995810932668,249.343048095186,0.00683615955845958));
#2081=CARTESIAN_POINT('Ctrl Pts',(-90.7984765181037,249.341862425519,0.00672272216192525));
#2082=CARTESIAN_POINT('Ctrl Pts',(-90.7971743799149,249.340462799865,0.00659108016117393));
#2083=CARTESIAN_POINT('Ctrl Pts',(-90.7957821085223,249.338966292984,0.00645032598217096));
#2084=CARTESIAN_POINT('Ctrl Pts',(-90.7941642581597,249.337225485002,0.00628881400559744));
#2085=CARTESIAN_POINT('Ctrl Pts',(-90.7923287188944,249.335248401267,0.00610981998181126));
#2086=CARTESIAN_POINT('Ctrl Pts',(-90.7902947751337,249.333057613413,0.00591147839099562));
#2087=CARTESIAN_POINT('Ctrl Pts',(-90.7879939818639,249.330577180166,0.00569179532318056));
#2088=CARTESIAN_POINT('Ctrl Pts',(-90.7854804615608,249.327864857088,0.00545974349241507));
#2089=CARTESIAN_POINT('Ctrl Pts',(-90.7821257021126,249.324244758432,0.005150027246716));
#2090=CARTESIAN_POINT('Ctrl Pts',(-90.7783929705263,249.320212592052,0.00481875078979386));
#2091=CARTESIAN_POINT('Ctrl Pts',(-90.7744780427357,249.315978509072,0.00449039273116525));
#2092=CARTESIAN_POINT('Ctrl Pts',(-90.7710285493067,249.312247803885,0.00420107220568195));
#2093=CARTESIAN_POINT('Ctrl Pts',(-90.7674412760244,249.308364311719,0.00391431027993905));
#2094=CARTESIAN_POINT('Ctrl Pts',(-90.7638510117932,249.304473138109,0.00364263512567331));
#2095=CARTESIAN_POINT('Ctrl Pts',(-90.760900231573,249.301275045328,0.00341934970156014));
#2096=CARTESIAN_POINT('Ctrl Pts',(-90.7579481665814,249.298072571057,0.00320618216196202));
#2097=CARTESIAN_POINT('Ctrl Pts',(-90.7550475868593,249.294922584215,0.00300644523569127));
#2098=CARTESIAN_POINT('Ctrl Pts',(-90.7524031779738,249.292050795128,0.00282434849876603));
#2099=CARTESIAN_POINT('Ctrl Pts',(-90.7498019410186,249.28922304731,0.00265336488478677));
#2100=CARTESIAN_POINT('Ctrl Pts',(-90.7472567470237,249.286453157229,0.00249345523794342));
#2101=CARTESIAN_POINT('Ctrl Pts',(-90.7448216920106,249.283803129474,0.00234046541164398));
#2102=CARTESIAN_POINT('Ctrl Pts',(-90.7424383053828,249.281206464912,0.0021975736426585));
#2103=CARTESIAN_POINT('Ctrl Pts',(-90.7400864431718,249.278641273123,0.00206290180075608));
#2104=CARTESIAN_POINT('Ctrl Pts',(-90.7372483647613,249.275545762085,0.00190038834855041));
#2105=CARTESIAN_POINT('Ctrl Pts',(-90.7344536083513,249.272493261083,0.00174955104749999));
#2106=CARTESIAN_POINT('Ctrl Pts',(-90.7316112083223,249.269385211034,0.00160562851770152));
#2107=CARTESIAN_POINT('Ctrl Pts',(-90.7292062346298,249.26675546908,0.00148385470177361));
#2108=CARTESIAN_POINT('Ctrl Pts',(-90.7267665744511,249.264085337251,0.00136711307179212));
#2109=CARTESIAN_POINT('Ctrl Pts',(-90.7242747802647,249.261356280421,0.00125538971681771));
#2110=CARTESIAN_POINT('Ctrl Pts',(-90.721596313071,249.25842277603,0.00113529659568484));
#2111=CARTESIAN_POINT('Ctrl Pts',(-90.7188579382546,249.255421546468,0.00102109847490925));
#2112=CARTESIAN_POINT('Ctrl Pts',(-90.7160792067457,249.252374630294,0.000914646158679533));
#2113=CARTESIAN_POINT('Ctrl Pts',(-90.7129248885148,249.248915878269,0.000793805235143127));
#2114=CARTESIAN_POINT('Ctrl Pts',(-90.7097190805344,249.245398817115,0.000683101232039523));
#2115=CARTESIAN_POINT('Ctrl Pts',(-90.706535584326,249.241905109503,0.000585460322078735));
#2116=CARTESIAN_POINT('Ctrl Pts',(-90.7015368639176,249.236419295668,0.000432144728980659));
#2117=CARTESIAN_POINT('Ctrl Pts',(-90.6965962543716,249.230994502358,0.000312103262455317));
#2118=CARTESIAN_POINT('Ctrl Pts',(-90.6920948823778,249.226050877797,0.000226233138478582));
#2119=CARTESIAN_POINT('Ctrl Pts',(-90.6891493005791,249.222815897319,0.000170041942863272));
#2120=CARTESIAN_POINT('Ctrl Pts',(-90.6863942038493,249.219789574562,0.000128083013298741));
#2121=CARTESIAN_POINT('Ctrl Pts',(-90.6839190885621,249.217070444364,9.71365020976389E-5));
#2122=CARTESIAN_POINT('Ctrl Pts',(-90.6817010556614,249.214633741609,6.9404307010445E-5));
#2123=CARTESIAN_POINT('Ctrl Pts',(-90.6797085792231,249.212444514037,5.0412075718592E-5));
#2124=CARTESIAN_POINT('Ctrl Pts',(-90.6779743176266,249.210538716425,3.70219715015718E-5));
#2125=CARTESIAN_POINT('Ctrl Pts',(-90.6764581090184,249.208872539447,2.53154381152673E-5));
#2126=CARTESIAN_POINT('Ctrl Pts',(-90.6751392690619,249.20742300196,1.78536498729997E-5));
#2127=CARTESIAN_POINT('Ctrl Pts',(-90.674010315105,249.206181913297,1.27387380957078E-5));
#2128=CARTESIAN_POINT('Ctrl Pts',(-90.6729279380529,249.204992027846,7.83485065439222E-6));
#2129=CARTESIAN_POINT('Ctrl Pts',(-90.6720203730698,249.203994042374,5.07797515368109E-6));
#2130=CARTESIAN_POINT('Ctrl Pts',(-90.671249777015,249.203146415305,3.29998005299537E-6));
#2131=CARTESIAN_POINT('Ctrl Pts',(-90.6705172752618,249.202340690554,1.60987987631614E-6));
#2132=CARTESIAN_POINT('Ctrl Pts',(-90.6699086518233,249.201670953038,8.09106407631302E-7));
#2133=CARTESIAN_POINT('Ctrl Pts',(-90.6693599527645,249.201066995008,3.79492830271388E-7));
#2134=CARTESIAN_POINT('Ctrl Pts',(-90.6690219768611,249.200694981866,1.14868653185821E-7));
#2135=CARTESIAN_POINT('Ctrl Pts',(-90.6687061117215,249.200347239867,2.21993203099044E-16));
#2136=CARTESIAN_POINT('Ctrl Pts',(-90.6683907041341,249.2,2.22044604925031E-16));
#2137=CARTESIAN_POINT('',(-92.563911,250.7,1.5));
#2138=CARTESIAN_POINT('Ctrl Pts',(-92.563911,250.7,1.5));
#2139=CARTESIAN_POINT('Ctrl Pts',(-92.563911,250.7,1.45386794110738));
#2140=CARTESIAN_POINT('Ctrl Pts',(-92.5532322991704,250.696901433779,1.36063606619987));
#2141=CARTESIAN_POINT('Ctrl Pts',(-92.4741602244546,250.666705574568,1.15654580249448));
#2142=CARTESIAN_POINT('Ctrl Pts',(-92.2357958965436,250.552241128543,0.792618057322206));
#2143=CARTESIAN_POINT('Ctrl Pts',(-91.6741473778641,250.188090783391,0.276536566646795));
#2144=CARTESIAN_POINT('Ctrl Pts',(-91.0880692152342,249.650591967823,0.0373689928123646));
#2145=CARTESIAN_POINT('Ctrl Pts',(-90.8044294018489,249.348232938453,0.00734230449251666));
#2146=CARTESIAN_POINT('',(209.532089,250.7,1.5));
#2147=CARTESIAN_POINT('Origin',(108.500089,177.75,0.));
#2148=CARTESIAN_POINT('',(-92.063911,107.695520295866,0.));
#2149=CARTESIAN_POINT('',(-91.3661508520671,106.997760147933,0.));
#2150=CARTESIAN_POINT('',(-92.063911,247.804479704134,0.));
#2151=CARTESIAN_POINT('',(-92.063911,214.225,0.));
#2152=CARTESIAN_POINT('',(-91.3661508520671,248.502239852067,0.));
#2153=CARTESIAN_POINT('',(309.064089,141.275,0.));
#2154=CARTESIAN_POINT('',(112.99375,242.09375,0.));
#2155=CARTESIAN_POINT('Origin',(114.59375,242.09375,0.));
#2156=CARTESIAN_POINT('',(299.05625,241.91875,0.));
#2157=CARTESIAN_POINT('Origin',(300.65625,241.91875,0.));
#2158=CARTESIAN_POINT('',(-85.6,241.946689,0.));
#2159=CARTESIAN_POINT('Origin',(-84.,241.946689,0.));
#2160=CARTESIAN_POINT('',(112.682801,114.306116,0.));
#2161=CARTESIAN_POINT('Origin',(114.282801,114.306116,0.));
#2162=CARTESIAN_POINT('',(299.4,114.5,0.));
#2163=CARTESIAN_POINT('Origin',(301.,114.5,0.));
#2164=CARTESIAN_POINT('',(-85.407218,114.747352,0.));
#2165=CARTESIAN_POINT('Origin',(-83.807218,114.747352,0.));
#2166=CARTESIAN_POINT('',(-90.563911,106.8,0.));
#2167=CARTESIAN_POINT('',(307.564089,106.8,0.));
#2168=CARTESIAN_POINT('',(208.032089,106.8,0.));
#2169=CARTESIAN_POINT('',(308.564089,107.8,0.));
#2170=CARTESIAN_POINT('Origin',(307.564089,107.8,0.));
#2171=CARTESIAN_POINT('',(308.564089,109.5,0.));
#2172=CARTESIAN_POINT('',(308.564088999999,143.625000000002,0.));
#2173=CARTESIAN_POINT('',(307.564089,110.5,0.));
#2174=CARTESIAN_POINT('Origin',(307.564089,109.5,0.));
#2175=CARTESIAN_POINT('',(-90.5639110000001,110.5,0.));
#2176=CARTESIAN_POINT('',(8.96808899999996,110.5,0.));
#2177=CARTESIAN_POINT('',(-91.563911,109.5,0.));
#2178=CARTESIAN_POINT('Origin',(-90.563911,109.5,0.));
#2179=CARTESIAN_POINT('',(-91.563911,107.8,0.));
#2180=CARTESIAN_POINT('',(-91.563911,142.775,0.));
#2181=CARTESIAN_POINT('Origin',(-90.563911,107.8,0.));
#2182=CARTESIAN_POINT('',(-90.563911,245.946689,0.));
#2183=CARTESIAN_POINT('',(307.564089,245.946689,0.));
#2184=CARTESIAN_POINT('',(208.032089,245.946689,0.));
#2185=CARTESIAN_POINT('',(308.564089,246.946689,0.));
#2186=CARTESIAN_POINT('Origin',(307.564089,246.946689,0.));
#2187=CARTESIAN_POINT('',(308.564089,247.7,0.));
#2188=CARTESIAN_POINT('',(308.564089,212.725,0.));
#2189=CARTESIAN_POINT('',(307.564089,248.7,0.));
#2190=CARTESIAN_POINT('Origin',(307.564089,247.7,0.));
#2191=CARTESIAN_POINT('',(-90.5639110000001,248.7,0.));
#2192=CARTESIAN_POINT('',(8.96808899999995,248.7,0.));
#2193=CARTESIAN_POINT('',(-91.5639110000001,247.7,0.));
#2194=CARTESIAN_POINT('Origin',(-90.563911,247.7,0.));
#2195=CARTESIAN_POINT('',(-91.563911,246.946689,0.));
#2196=CARTESIAN_POINT('',(-91.5639109999984,212.348344499995,0.));
#2197=CARTESIAN_POINT('Origin',(-90.563911,246.946689,0.));
#2198=CARTESIAN_POINT('Ctrl Pts',(-92.2121439384526,247.940518401849,0.00734230449251499));
#2199=CARTESIAN_POINT('Ctrl Pts',(-92.2100930913402,247.938594523824,0.0071386388465302));
#2200=CARTESIAN_POINT('Ctrl Pts',(-92.2060538349253,247.934815351235,0.00674217891959705));
#2201=CARTESIAN_POINT('Ctrl Pts',(-92.1856487411046,247.915876288675,0.00486458467312147));
#2202=CARTESIAN_POINT('Ctrl Pts',(-92.1546157981063,247.887202151694,0.00261532616819703));
#2203=CARTESIAN_POINT('Ctrl Pts',(-92.1220806632277,247.857427973994,0.00098179858787299));
#2204=CARTESIAN_POINT('Ctrl Pts',(-92.0907452136684,247.828894665967,0.000153855238713927));
#2205=CARTESIAN_POINT('Ctrl Pts',(-92.0701090463024,247.810111349484,1.46272585381629E-6));
#2206=CARTESIAN_POINT('Ctrl Pts',(-92.0659983412714,247.806375694019,-1.93117861646509E-19));
#2207=CARTESIAN_POINT('Ctrl Pts',(-92.063911,247.804479704134,0.));
#2208=CARTESIAN_POINT('Ctrl Pts',(-91.7429057595847,248.409756580717,0.00734230449251555));
#2209=CARTESIAN_POINT('Ctrl Pts',(-91.7408972355014,248.407790379663,0.00713863884653078));
#2210=CARTESIAN_POINT('Ctrl Pts',(-91.7370140882609,248.403855097899,0.00674217891959763));
#2211=CARTESIAN_POINT('Ctrl Pts',(-91.7171216650272,248.384403364752,0.00486458467312201));
#2212=CARTESIAN_POINT('Ctrl Pts',(-91.6868170478309,248.355000901969,0.00261532616819745));
#2213=CARTESIAN_POINT('Ctrl Pts',(-91.6553543672002,248.324154270022,0.000981798587873233));
#2214=CARTESIAN_POINT('Ctrl Pts',(-91.6247702371211,248.294869642514,0.000153855238714035));
#2215=CARTESIAN_POINT('Ctrl Pts',(-91.6046881289631,248.275532266823,1.46272585383869E-6));
#2216=CARTESIAN_POINT('Ctrl Pts',(-91.6007611255205,248.27161290977,-1.86314110556523E-19));
#2217=CARTESIAN_POINT('Ctrl Pts',(-91.5987375680447,248.269653136089,0.));
#2218=CARTESIAN_POINT('Ctrl Pts',(-91.2736675807168,248.878994759585,0.00734230449251611));
#2219=CARTESIAN_POINT('Ctrl Pts',(-91.2717013796627,248.876986235501,0.00713863884653135));
#2220=CARTESIAN_POINT('Ctrl Pts',(-91.2677660978994,248.873131332044,0.00604697642247752));
#2221=CARTESIAN_POINT('Ctrl Pts',(-91.2483143647523,248.8527909689,0.00445695666406346));
#2222=CARTESIAN_POINT('Ctrl Pts',(-91.2189119019693,248.821979723117,0.00352563536084466));
#2223=CARTESIAN_POINT('Ctrl Pts',(-91.1880652700215,248.79069912804,-4.50087337648833E-5));
#2224=CARTESIAN_POINT('Ctrl Pts',(-91.1587806425143,248.760361797479,0.000517597987030865));
#2225=CARTESIAN_POINT('Ctrl Pts',(-91.1394432668229,248.740665020873,0.000696408697241175));
#2226=CARTESIAN_POINT('Ctrl Pts',(-91.1355239097696,248.736850125521,-2.04532871342459E-19));
#2227=CARTESIAN_POINT('Ctrl Pts',(-91.1335641360894,248.734826568045,0.));
#2228=CARTESIAN_POINT('Ctrl Pts',(-90.8044294018489,249.348232938453,0.00734230449251666));
#2229=CARTESIAN_POINT('Ctrl Pts',(-90.802505523824,249.34618209134,0.00713863884653193));
#2230=CARTESIAN_POINT('Ctrl Pts',(-90.798726351235,249.342142834925,0.0067421789195993));
#2231=CARTESIAN_POINT('Ctrl Pts',(-90.779787288675,249.321737741105,0.00486458467312646));
#2232=CARTESIAN_POINT('Ctrl Pts',(-90.7511131516939,249.290704798106,0.00261532616820078));
#2233=CARTESIAN_POINT('Ctrl Pts',(-90.7213389739941,249.258169663228,0.000981798587870936));
#2234=CARTESIAN_POINT('Ctrl Pts',(-90.692805665967,249.226834213668,0.000153855238713543));
#2235=CARTESIAN_POINT('Ctrl Pts',(-90.6740223494836,249.206198046302,1.46272585380086E-6));
#2236=CARTESIAN_POINT('Ctrl Pts',(-90.6702866940187,249.202087341271,-1.93117861646509E-19));
#2237=CARTESIAN_POINT('Ctrl Pts',(-90.6683907041341,249.2,0.));
#2238=CARTESIAN_POINT('',(-92.2121439384526,247.940518401849,0.00734230449251499));
#2239=CARTESIAN_POINT('Ctrl Pts',(-92.063911,247.804479704134,2.22044604925031E-16));
#2240=CARTESIAN_POINT('Ctrl Pts',(-92.0644747819273,247.804991802872,2.21961148434823E-16));
#2241=CARTESIAN_POINT('Ctrl Pts',(-92.0650419773127,247.805507011915,2.79151718729249E-7));
#2242=CARTESIAN_POINT('Ctrl Pts',(-92.0657065478292,247.806110927483,1.07466438747927E-6));
#2243=CARTESIAN_POINT('Ctrl Pts',(-92.0663984946499,247.806739720736,1.90294738883635E-6));
#2244=CARTESIAN_POINT('Ctrl Pts',(-92.06719583257,247.807464522157,3.28579799430279E-6));
#2245=CARTESIAN_POINT('Ctrl Pts',(-92.0681616142933,247.808342767181,6.02258604742723E-6));
#2246=CARTESIAN_POINT('Ctrl Pts',(-92.0691772816218,247.80926637627,8.90073764590457E-6));
#2247=CARTESIAN_POINT('Ctrl Pts',(-92.0703790237635,247.810359488717,1.32753914624187E-5));
#2248=CARTESIAN_POINT('Ctrl Pts',(-92.0717965137015,247.811649142372,2.07272519852086E-5));
#2249=CARTESIAN_POINT('Ctrl Pts',(-92.0733120610356,247.813028010121,2.86946082584221E-5));
#2250=CARTESIAN_POINT('Ctrl Pts',(-92.0750739333767,247.814631272298,4.02044947287925E-5));
#2251=CARTESIAN_POINT('Ctrl Pts',(-92.0770736598177,247.816451257373,5.7752982961512E-5));
#2252=CARTESIAN_POINT('Ctrl Pts',(-92.0792892474411,247.818467701386,7.71957490013919E-5));
#2253=CARTESIAN_POINT('Ctrl Pts',(-92.0817963306166,247.820749741188,0.000104129485005179));
#2254=CARTESIAN_POINT('Ctrl Pts',(-92.084536042247,247.823243898595,0.000141804158703573));
#2255=CARTESIAN_POINT('Ctrl Pts',(-92.0881883485574,247.826568856862,0.000192028221323729));
#2256=CARTESIAN_POINT('Ctrl Pts',(-92.0922530155555,247.83026980539,0.000261714672626343));
#2257=CARTESIAN_POINT('Ctrl Pts',(-92.0965174879904,247.8341537641,0.000354436228035437));
#2258=CARTESIAN_POINT('Ctrl Pts',(-92.1002840306318,247.83758422269,0.000436331397380194));
#2259=CARTESIAN_POINT('Ctrl Pts',(-92.1042024307612,247.841153799424,0.000536095491537045));
#2260=CARTESIAN_POINT('Ctrl Pts',(-92.1081250492985,247.844728667382,0.000651768986058565));
#2261=CARTESIAN_POINT('Ctrl Pts',(-92.1113469480026,247.847664936186,0.000746779061233269));
#2262=CARTESIAN_POINT('Ctrl Pts',(-92.1145708880716,247.850604043826,0.000852366886420971));
#2263=CARTESIAN_POINT('Ctrl Pts',(-92.1177390401081,247.853493792146,0.000966130436633295));
#2264=CARTESIAN_POINT('Ctrl Pts',(-92.1206270453886,247.856128011815,0.00106983434034593));
#2265=CARTESIAN_POINT('Ctrl Pts',(-92.1234682808053,247.858720838872,0.00118024000836373));
#2266=CARTESIAN_POINT('Ctrl Pts',(-92.126248436566,247.861259708605,0.00129587843284473));
#2267=CARTESIAN_POINT('Ctrl Pts',(-92.1289115360476,247.863691681218,0.00140664799209987));
#2268=CARTESIAN_POINT('Ctrl Pts',(-92.131518180345,247.866073767486,0.00152213948953367));
#2269=CARTESIAN_POINT('Ctrl Pts',(-92.1340900985324,247.868426310151,0.00164260133665528));
#2270=CARTESIAN_POINT('Ctrl Pts',(-92.1371960910106,247.871267372459,0.00178807781133712));
#2271=CARTESIAN_POINT('Ctrl Pts',(-92.1402542588553,247.874067950612,0.00194078792019712));
#2272=CARTESIAN_POINT('Ctrl Pts',(-92.1433637388624,247.876919513134,0.0021057239286677));
#2273=CARTESIAN_POINT('Ctrl Pts',(-92.1459899734112,247.879327913251,0.00224502716997496));
#2274=CARTESIAN_POINT('Ctrl Pts',(-92.1486534307369,247.88177324609,0.00239319556482852));
#2275=CARTESIAN_POINT('Ctrl Pts',(-92.1513728112292,247.884272703791,0.0025520270885846));
#2276=CARTESIAN_POINT('Ctrl Pts',(-92.1542959853844,247.886959473874,0.00272276163881433));
#2277=CARTESIAN_POINT('Ctrl Pts',(-92.1572834138607,247.889708452189,0.00290587743001129));
#2278=CARTESIAN_POINT('Ctrl Pts',(-92.1603135002246,247.892499555696,0.00310101945707753));
#2279=CARTESIAN_POINT('Ctrl Pts',(-92.1637537178243,247.895668443396,0.00332257454010816));
#2280=CARTESIAN_POINT('Ctrl Pts',(-92.1672483517465,247.898891113094,0.00355972957518424));
#2281=CARTESIAN_POINT('Ctrl Pts',(-92.170716768208,247.902092738397,0.00380732260931604));
#2282=CARTESIAN_POINT('Ctrl Pts',(-92.1761593538124,247.907116679432,0.00419584177887436));
#2283=CARTESIAN_POINT('Ctrl Pts',(-92.1815338820869,247.912085648513,0.00461076674124351));
#2284=CARTESIAN_POINT('Ctrl Pts',(-92.1864267904932,247.916615132259,0.00501174550438654));
#2285=CARTESIAN_POINT('Ctrl Pts',(-92.1896296975474,247.919580140846,0.00527422695762938));
#2286=CARTESIAN_POINT('Ctrl Pts',(-92.1926236712305,247.922354425153,0.00553008357987581));
#2287=CARTESIAN_POINT('Ctrl Pts',(-92.1953119667161,247.924847662771,0.00576648881572539));
#2288=CARTESIAN_POINT('Ctrl Pts',(-92.1977199658902,247.927080941872,0.00597824515565696));
#2289=CARTESIAN_POINT('Ctrl Pts',(-92.1998819457675,247.929088010467,0.00617421690968501));
#2290=CARTESIAN_POINT('Ctrl Pts',(-92.2017629510368,247.930835912441,0.00634781840103193));
#2291=CARTESIAN_POINT('Ctrl Pts',(-92.2034083112773,247.93236484405,0.00649967177232777));
#2292=CARTESIAN_POINT('Ctrl Pts',(-92.2048386846626,247.933695470954,0.0066343719570484));
#2293=CARTESIAN_POINT('Ctrl Pts',(-92.2060625111995,247.934835258882,0.00675087548537134));
#2294=CARTESIAN_POINT('Ctrl Pts',(-92.2072358407195,247.935928017359,0.00686257189400885));
#2295=CARTESIAN_POINT('Ctrl Pts',(-92.2082190242728,247.93684508807,0.00695750331800779));
#2296=CARTESIAN_POINT('Ctrl Pts',(-92.2090534031043,247.937624527583,0.00703861978244258));
#2297=CARTESIAN_POINT('Ctrl Pts',(-92.2098465454857,247.938365445842,0.00711572733041499));
#2298=CARTESIAN_POINT('Ctrl Pts',(-92.210505101313,247.938981883309,0.00718034403409671));
#2299=CARTESIAN_POINT('Ctrl Pts',(-92.2110986940153,247.939538204848,0.00723887284989044));
#2300=CARTESIAN_POINT('Ctrl Pts',(-92.2114631513599,247.939879778237,0.00727480869732092));
#2301=CARTESIAN_POINT('Ctrl Pts',(-92.2118037956308,247.940199317459,0.00730852556911353));
#2302=CARTESIAN_POINT('Ctrl Pts',(-92.2121439384526,247.940518401849,0.00734230449251538));
#2303=CARTESIAN_POINT('Ctrl Pts',(-90.8044294018489,249.348232938453,0.00734230449251666));
#2304=CARTESIAN_POINT('Ctrl Pts',(-91.2736675807168,248.878994759585,0.00734230449251611));
#2305=CARTESIAN_POINT('Ctrl Pts',(-91.7429057595847,248.409756580717,0.00734230449251555));
#2306=CARTESIAN_POINT('Ctrl Pts',(-92.2121439384526,247.940518401849,0.00734230449251499));
#2307=CARTESIAN_POINT('Origin',(-93.063911,250.2,0.));
#2308=CARTESIAN_POINT('',(-92.563911,250.7,0.));
#2309=CARTESIAN_POINT('',(-93.563911,249.7,1.5));
#2310=CARTESIAN_POINT('',(-92.563911,250.7,1.5));
#2311=CARTESIAN_POINT('',(-93.563911,249.7,0.));
#2312=CARTESIAN_POINT('Ctrl Pts',(-93.563911,249.7,1.5));
#2313=CARTESIAN_POINT('Ctrl Pts',(-93.563911,249.7,1.45386794110738));
#2314=CARTESIAN_POINT('Ctrl Pts',(-93.5608124337789,249.68932129917,1.36063606619987));
#2315=CARTESIAN_POINT('Ctrl Pts',(-93.5306165745684,249.610249224455,1.15654580249448));
#2316=CARTESIAN_POINT('Ctrl Pts',(-93.4161521285427,249.371884896544,0.792618057322211));
#2317=CARTESIAN_POINT('Ctrl Pts',(-93.0520017833907,248.810236377864,0.27653656664679));
#2318=CARTESIAN_POINT('Ctrl Pts',(-92.5145029678228,248.224158215234,0.0373689928123594));
#2319=CARTESIAN_POINT('Ctrl Pts',(-92.2121439384526,247.940518401849,0.00734230449251499));
#2320=CARTESIAN_POINT('Ctrl Pts',(-93.2305776666667,250.033333333333,1.5));
#2321=CARTESIAN_POINT('Ctrl Pts',(-93.2305776666667,250.033333333333,1.45386794110738));
#2322=CARTESIAN_POINT('Ctrl Pts',(-93.2249523889094,250.02518134404,1.36063606619987));
#2323=CARTESIAN_POINT('Ctrl Pts',(-93.1784644578638,249.962401341159,1.15654580249448));
#2324=CARTESIAN_POINT('Ctrl Pts',(-93.0227000512097,249.765336973877,0.79261805732221));
#2325=CARTESIAN_POINT('Ctrl Pts',(-92.5927169815485,249.269521179706,0.276536566646792));
#2326=CARTESIAN_POINT('Ctrl Pts',(-92.0390250502933,248.699636132764,0.0373689928123611));
#2327=CARTESIAN_POINT('Ctrl Pts',(-91.7429057595847,248.409756580717,0.00734230449251555));
#2328=CARTESIAN_POINT('Ctrl Pts',(-92.8972443333333,250.366666666667,1.5));
#2329=CARTESIAN_POINT('Ctrl Pts',(-92.8972443333333,250.366666666667,1.45386794110738));
#2330=CARTESIAN_POINT('Ctrl Pts',(-92.8890923440399,250.361041388909,1.36063606619987));
#2331=CARTESIAN_POINT('Ctrl Pts',(-92.8263123411592,250.314553457864,1.15654580249448));
#2332=CARTESIAN_POINT('Ctrl Pts',(-92.6292479738766,250.15878905121,0.792618057322208));
#2333=CARTESIAN_POINT('Ctrl Pts',(-92.1334321797063,249.728805981549,0.276536566646793));
#2334=CARTESIAN_POINT('Ctrl Pts',(-91.5635471327637,249.175114050293,0.0373689928123629));
#2335=CARTESIAN_POINT('Ctrl Pts',(-91.2736675807168,248.878994759585,0.00734230449251611));
#2336=CARTESIAN_POINT('Ctrl Pts',(-92.563911,250.7,1.5));
#2337=CARTESIAN_POINT('Ctrl Pts',(-92.563911,250.7,1.45386794110738));
#2338=CARTESIAN_POINT('Ctrl Pts',(-92.5532322991704,250.696901433779,1.36063606619987));
#2339=CARTESIAN_POINT('Ctrl Pts',(-92.4741602244546,250.666705574568,1.15654580249448));
#2340=CARTESIAN_POINT('Ctrl Pts',(-92.2357958965436,250.552241128543,0.792618057322206));
#2341=CARTESIAN_POINT('Ctrl Pts',(-91.6741473778641,250.188090783391,0.276536566646795));
#2342=CARTESIAN_POINT('Ctrl Pts',(-91.0880692152342,249.650591967823,0.0373689928123646));
#2343=CARTESIAN_POINT('Ctrl Pts',(-90.8044294018489,249.348232938453,0.00734230449251666));
#2344=CARTESIAN_POINT('Ctrl Pts',(-92.2121439384526,247.940518401849,0.00734230449251499));
#2345=CARTESIAN_POINT('Ctrl Pts',(-92.5145029678228,248.224158215234,0.0373689928123594));
#2346=CARTESIAN_POINT('Ctrl Pts',(-93.0520017833907,248.810236377864,0.27653656664679));
#2347=CARTESIAN_POINT('Ctrl Pts',(-93.4161521285427,249.371884896544,0.792618057322211));
#2348=CARTESIAN_POINT('Ctrl Pts',(-93.5306165745684,249.610249224455,1.15654580249448));
#2349=CARTESIAN_POINT('Ctrl Pts',(-93.5608124337789,249.68932129917,1.36063606619987));
#2350=CARTESIAN_POINT('Ctrl Pts',(-93.563911,249.7,1.45386794110738));
#2351=CARTESIAN_POINT('Ctrl Pts',(-93.563911,249.7,1.5));
#2352=CARTESIAN_POINT('Origin',(310.564089,250.7,0.));
#2353=CARTESIAN_POINT('Ctrl Pts',(-90.8044294018489,106.151767061547,0.00734230449251694));
#2354=CARTESIAN_POINT('Ctrl Pts',(-90.802505523824,106.15381790866,0.00713863884653199));
#2355=CARTESIAN_POINT('Ctrl Pts',(-90.7987274150138,106.157856038422,0.00674235654912761));
#2356=CARTESIAN_POINT('Ctrl Pts',(-90.7797881173179,106.178261387136,0.00486472221569096));
#2357=CARTESIAN_POINT('Ctrl Pts',(-90.7511132203321,106.209295183738,0.00261561864799332));
#2358=CARTESIAN_POINT('Ctrl Pts',(-90.7213379482839,106.241831516054,0.000982149072277175));
#2359=CARTESIAN_POINT('Ctrl Pts',(-90.6928046187153,106.273166961893,0.000153953400268769));
#2360=CARTESIAN_POINT('Ctrl Pts',(-90.6740210214489,106.293803434872,1.57742443617894E-6));
#2361=CARTESIAN_POINT('Ctrl Pts',(-90.6702866940187,106.297912658729,0.));
#2362=CARTESIAN_POINT('Ctrl Pts',(-90.6683907041341,106.3,0.));
#2363=CARTESIAN_POINT('Ctrl Pts',(-91.2736675807168,106.621005240415,0.00734230449251694));
#2364=CARTESIAN_POINT('Ctrl Pts',(-91.2717013796627,106.623013764499,0.00713863884653199));
#2365=CARTESIAN_POINT('Ctrl Pts',(-91.2677671616781,106.626895785087,0.00674235654912761));
#2366=CARTESIAN_POINT('Ctrl Pts',(-91.2483151933953,106.646788463214,0.00486472221569096));
#2367=CARTESIAN_POINT('Ctrl Pts',(-91.2189119706076,106.677093934013,0.00261561864799333));
#2368=CARTESIAN_POINT('Ctrl Pts',(-91.1880642443113,106.708557812082,0.000982149072277179));
#2369=CARTESIAN_POINT('Ctrl Pts',(-91.1587795952625,106.739141938441,0.00015395340026877));
#2370=CARTESIAN_POINT('Ctrl Pts',(-91.1394419387881,106.759224352211,1.57742443618045E-6));
#2371=CARTESIAN_POINT('Ctrl Pts',(-91.1355239097696,106.76314987448,-5.21330796097335E-20));
#2372=CARTESIAN_POINT('Ctrl Pts',(-91.1335641360894,106.765173431955,0.));
#2373=CARTESIAN_POINT('Ctrl Pts',(-91.7429057595847,107.090243419283,0.00734230449251694));
#2374=CARTESIAN_POINT('Ctrl Pts',(-91.7408972355015,107.092209620337,0.00713863884653199));
#2375=CARTESIAN_POINT('Ctrl Pts',(-91.7370435691412,107.096143838322,0.00604680720323768));
#2376=CARTESIAN_POINT('Ctrl Pts',(-91.7167029260983,107.115595806605,0.00445682538580783));
#2377=CARTESIAN_POINT('Ctrl Pts',(-91.6858909232219,107.144999029392,0.00352592595750006));
#2378=CARTESIAN_POINT('Ctrl Pts',(-91.6546091669318,107.175846755689,-4.42876072200194E-5));
#2379=CARTESIAN_POINT('Ctrl Pts',(-91.6242716829984,107.205131404738,0.00051806283679542));
#2380=CARTESIAN_POINT('Ctrl Pts',(-91.6045746110897,107.224469061212,0.000696984691677609));
#2381=CARTESIAN_POINT('Ctrl Pts',(-91.6007611255205,107.22838709023,-1.35761229586386E-19));
#2382=CARTESIAN_POINT('Ctrl Pts',(-91.5987375680447,107.230346863911,0.));
#2383=CARTESIAN_POINT('Ctrl Pts',(-92.2121439384526,107.559481598151,0.00734230449251694));
#2384=CARTESIAN_POINT('Ctrl Pts',(-92.2100930913402,107.561405476176,0.00713863884653199));
#2385=CARTESIAN_POINT('Ctrl Pts',(-92.2060549615775,107.565183584986,0.00674235654912788));
#2386=CARTESIAN_POINT('Ctrl Pts',(-92.1856496128636,107.584122882682,0.00486472221569369));
#2387=CARTESIAN_POINT('Ctrl Pts',(-92.1546158162623,107.612797779668,0.00261561864799689));
#2388=CARTESIAN_POINT('Ctrl Pts',(-92.1220794839456,107.642573051716,0.000982149072277344));
#2389=CARTESIAN_POINT('Ctrl Pts',(-92.0907440381065,107.671106381285,0.000153953400268779));
#2390=CARTESIAN_POINT('Ctrl Pts',(-92.0701075651279,107.689889978551,1.57742443620054E-6));
#2391=CARTESIAN_POINT('Ctrl Pts',(-92.0659983412714,107.693624305981,-1.93117861646509E-19));
#2392=CARTESIAN_POINT('Ctrl Pts',(-92.063911,107.695520295866,0.));
#2393=CARTESIAN_POINT('',(-92.2121439384526,107.559481598151,0.00734230449251694));
#2394=CARTESIAN_POINT('Ctrl Pts',(-92.2121439384526,107.559481598151,0.00734230449251694));
#2395=CARTESIAN_POINT('Ctrl Pts',(-91.7429057595847,107.090243419283,0.00734230449251694));
#2396=CARTESIAN_POINT('Ctrl Pts',(-91.2736675807168,106.621005240415,0.00734230449251694));
#2397=CARTESIAN_POINT('Ctrl Pts',(-90.8044294018489,106.151767061547,0.00734230449251694));
#2398=CARTESIAN_POINT('Ctrl Pts',(-92.2121439384526,107.559481598151,0.00734230449251694));
#2399=CARTESIAN_POINT('Ctrl Pts',(-92.2115898870151,107.560001347955,0.00728728271969009));
#2400=CARTESIAN_POINT('Ctrl Pts',(-92.2110324316106,107.560524229568,0.00723219620481613));
#2401=CARTESIAN_POINT('Ctrl Pts',(-92.2103785426938,107.561136338613,0.00716804062303855));
#2402=CARTESIAN_POINT('Ctrl Pts',(-92.2096977074589,107.561773672257,0.00710124123332283));
#2403=CARTESIAN_POINT('Ctrl Pts',(-92.2089124978349,107.562507580735,0.00702462158323797));
#2404=CARTESIAN_POINT('Ctrl Pts',(-92.207960397402,107.563395793605,0.00693276403635767));
#2405=CARTESIAN_POINT('Ctrl Pts',(-92.2069590951863,107.564329906733,0.00683615955846431));
#2406=CARTESIAN_POINT('Ctrl Pts',(-92.2057734255191,107.565434481896,0.00672272216194342));
#2407=CARTESIAN_POINT('Ctrl Pts',(-92.2043737998651,107.566736620085,0.00659108016120968));
#2408=CARTESIAN_POINT('Ctrl Pts',(-92.2028772929849,107.568128891477,0.00645032598221648));
#2409=CARTESIAN_POINT('Ctrl Pts',(-92.2011364850031,107.56974674184,0.0062888140056548));
#2410=CARTESIAN_POINT('Ctrl Pts',(-92.1991594012676,107.571582281105,0.0061098199818812));
#2411=CARTESIAN_POINT('Ctrl Pts',(-92.1969686134125,107.573616224866,0.00591147839098987));
#2412=CARTESIAN_POINT('Ctrl Pts',(-92.1944881801648,107.575917018137,0.00569179532308067));
#2413=CARTESIAN_POINT('Ctrl Pts',(-92.1917758570861,107.578430538441,0.0054597434922139));
#2414=CARTESIAN_POINT('Ctrl Pts',(-92.188155758429,107.581785297891,0.00515002724642749));
#2415=CARTESIAN_POINT('Ctrl Pts',(-92.1841235920475,107.585518029478,0.004818750789413));
#2416=CARTESIAN_POINT('Ctrl Pts',(-92.1798895090663,107.58943295727,0.00449039273070428));
#2417=CARTESIAN_POINT('Ctrl Pts',(-92.1761588038789,107.592882450699,0.00420107220524939));
#2418=CARTESIAN_POINT('Ctrl Pts',(-92.1722753117134,107.596469723981,0.00391431027954253));
#2419=CARTESIAN_POINT('Ctrl Pts',(-92.168384138104,107.600059988212,0.00364263512531426));
#2420=CARTESIAN_POINT('Ctrl Pts',(-92.1651860453228,107.603010768431,0.00341934970123411));
#2421=CARTESIAN_POINT('Ctrl Pts',(-92.1619835710528,107.605962833423,0.00320618216166975));
#2422=CARTESIAN_POINT('Ctrl Pts',(-92.1588335842112,107.608863413145,0.00300644523543059));
#2423=CARTESIAN_POINT('Ctrl Pts',(-92.1559617951238,107.61150782203,0.00282434849852706));
#2424=CARTESIAN_POINT('Ctrl Pts',(-92.1531340473065,107.614109058985,0.00265336488456838));
#2425=CARTESIAN_POINT('Ctrl Pts',(-92.1503641572252,107.616654252979,0.00249345523774402));
#2426=CARTESIAN_POINT('Ctrl Pts',(-92.1477141294706,107.619089307992,0.00234046541147507));
#2427=CARTESIAN_POINT('Ctrl Pts',(-92.1451174649092,107.62147269462,0.0021975736425166));
#2428=CARTESIAN_POINT('Ctrl Pts',(-92.1425522731209,107.62382455683,0.00206290180063817));
#2429=CARTESIAN_POINT('Ctrl Pts',(-92.139456762084,107.62666263524,0.00190038834850696));
#2430=CARTESIAN_POINT('Ctrl Pts',(-92.1364042610833,107.629457391648,0.00174955104752051));
#2431=CARTESIAN_POINT('Ctrl Pts',(-92.1332962110352,107.632299791676,0.00160562851778034));
#2432=CARTESIAN_POINT('Ctrl Pts',(-92.1306664690821,107.634704765369,0.00148385470184613));
#2433=CARTESIAN_POINT('Ctrl Pts',(-92.1279963372521,107.637144425548,0.00136711307185856));
#2434=CARTESIAN_POINT('Ctrl Pts',(-92.1252672804226,107.639636219734,0.00125538971687855));
#2435=CARTESIAN_POINT('Ctrl Pts',(-92.1223337760308,107.642314686929,0.00113529659571011));
#2436=CARTESIAN_POINT('Ctrl Pts',(-92.1193325464678,107.645053061746,0.0010210984749022));
#2437=CARTESIAN_POINT('Ctrl Pts',(-92.1162856302931,107.647831793255,0.00091464615864445));
#2438=CARTESIAN_POINT('Ctrl Pts',(-92.1128268782683,107.650986111485,0.000793805235135595));
#2439=CARTESIAN_POINT('Ctrl Pts',(-92.1093098171156,107.654191919465,0.000683101232055366));
#2440=CARTESIAN_POINT('Ctrl Pts',(-92.1058161095041,107.657375415673,0.000585460322112263));
#2441=CARTESIAN_POINT('Ctrl Pts',(-92.1003302956694,107.662374136081,0.000432144729006766));
#2442=CARTESIAN_POINT('Ctrl Pts',(-92.0949055023585,107.667314745628,0.000312103262474477));
#2443=CARTESIAN_POINT('Ctrl Pts',(-92.089961877798,107.671816117622,0.000226233138492571));
#2444=CARTESIAN_POINT('Ctrl Pts',(-92.0867268973205,107.67476169942,0.000170041942887718));
#2445=CARTESIAN_POINT('Ctrl Pts',(-92.0837005745645,107.677516796149,0.000128083013327773));
#2446=CARTESIAN_POINT('Ctrl Pts',(-92.0809814443668,107.679991911436,9.71365021269488E-5));
#2447=CARTESIAN_POINT('Ctrl Pts',(-92.0785447416108,107.682209944337,6.94043070312682E-5));
#2448=CARTESIAN_POINT('Ctrl Pts',(-92.0763555140386,107.684202420775,5.04120757333419E-5));
#2449=CARTESIAN_POINT('Ctrl Pts',(-92.0744497164261,107.685936682372,3.702197151223E-5));
#2450=CARTESIAN_POINT('Ctrl Pts',(-92.0727835394485,107.68745289098,2.53154381240758E-5));
#2451=CARTESIAN_POINT('Ctrl Pts',(-92.0713340019614,107.688771730937,1.78536498799576E-5));
#2452=CARTESIAN_POINT('Ctrl Pts',(-92.0700929132983,107.689900684894,1.27387381012589E-5));
#2453=CARTESIAN_POINT('Ctrl Pts',(-92.068903027847,107.690983061946,7.83485065829412E-6));
#2454=CARTESIAN_POINT('Ctrl Pts',(-92.067905042375,107.691890626929,5.0779751564496E-6));
#2455=CARTESIAN_POINT('Ctrl Pts',(-92.0670574153055,107.692661222984,3.29998005499377E-6));
#2456=CARTESIAN_POINT('Ctrl Pts',(-92.0662516905544,107.693393724738,1.60987987752028E-6));
#2457=CARTESIAN_POINT('Ctrl Pts',(-92.0655819530386,107.694002348176,8.0910640838304E-7));
#2458=CARTESIAN_POINT('Ctrl Pts',(-92.0649779950084,107.694551047235,3.79492830715478E-7));
#2459=CARTESIAN_POINT('Ctrl Pts',(-92.0646059818663,107.694889023139,1.14868653297468E-7));
#2460=CARTESIAN_POINT('Ctrl Pts',(-92.0642582398668,107.695204888278,2.21993203099014E-16));
#2461=CARTESIAN_POINT('Ctrl Pts',(-92.063911,107.695520295866,2.22044604925031E-16));
#2462=CARTESIAN_POINT('Ctrl Pts',(-92.2121439384526,107.559481598151,0.00734230449251694));
#2463=CARTESIAN_POINT('Ctrl Pts',(-92.665682482508,107.134021878073,0.0523823369722896));
#2464=CARTESIAN_POINT('Ctrl Pts',(-93.283061163709,106.388518218327,0.4711595855678));
#2465=CARTESIAN_POINT('Ctrl Pts',(-93.5215426236293,105.913870138242,1.08908129927748));
#2466=CARTESIAN_POINT('Ctrl Pts',(-93.5600743768274,105.811638575095,1.36066816393575));
#2467=CARTESIAN_POINT('Ctrl Pts',(-93.563911,105.8,1.45386794110738));
#2468=CARTESIAN_POINT('Ctrl Pts',(-93.563911,105.8,1.5));
#2469=CARTESIAN_POINT('Ctrl Pts',(-91.7429057595847,107.090243419283,0.00734230449251694));
#2470=CARTESIAN_POINT('Ctrl Pts',(-92.1870846956476,106.655424091213,0.0523823369722897));
#2471=CARTESIAN_POINT('Ctrl Pts',(-92.8471717030304,105.952628757648,0.471159585567801));
#2472=CARTESIAN_POINT('Ctrl Pts',(-93.1643753696723,105.556702884285,1.08908129927749));
#2473=CARTESIAN_POINT('Ctrl Pts',(-93.2241403928534,105.475704591121,1.36066816393575));
#2474=CARTESIAN_POINT('Ctrl Pts',(-93.2305776666667,105.466666666667,1.45386794110738));
#2475=CARTESIAN_POINT('Ctrl Pts',(-93.2305776666667,105.466666666667,1.5));
#2476=CARTESIAN_POINT('Ctrl Pts',(-91.2736675807168,106.621005240415,0.00734230449251694));
#2477=CARTESIAN_POINT('Ctrl Pts',(-91.7084869087872,106.176826304352,0.0523823369722898));
#2478=CARTESIAN_POINT('Ctrl Pts',(-92.4112822423518,105.51673929697,0.471159585567803));
#2479=CARTESIAN_POINT('Ctrl Pts',(-92.8072081157153,105.199535630328,1.08908129927749));
#2480=CARTESIAN_POINT('Ctrl Pts',(-92.8882064088793,105.139770607147,1.36066816393575));
#2481=CARTESIAN_POINT('Ctrl Pts',(-92.8972443333333,105.133333333333,1.45386794110738));
#2482=CARTESIAN_POINT('Ctrl Pts',(-92.8972443333333,105.133333333333,1.5));
#2483=CARTESIAN_POINT('Ctrl Pts',(-90.8044294018489,106.151767061547,0.00734230449251694));
#2484=CARTESIAN_POINT('Ctrl Pts',(-91.2298891219268,105.698228517492,0.0523823369722899));
#2485=CARTESIAN_POINT('Ctrl Pts',(-91.9753927816731,105.080849836291,0.471159585567805));
#2486=CARTESIAN_POINT('Ctrl Pts',(-92.4500408617583,104.842368376371,1.08908129927749));
#2487=CARTESIAN_POINT('Ctrl Pts',(-92.5522724249052,104.803836623173,1.36066816393575));
#2488=CARTESIAN_POINT('Ctrl Pts',(-92.563911,104.8,1.45386794110738));
#2489=CARTESIAN_POINT('Ctrl Pts',(-92.563911,104.8,1.5));
#2490=CARTESIAN_POINT('',(-93.563911,105.8,1.5));
#2491=CARTESIAN_POINT('',(-92.563911,104.8,1.5));
#2492=CARTESIAN_POINT('Ctrl Pts',(-93.563911,105.8,1.5));
#2493=CARTESIAN_POINT('Ctrl Pts',(-93.563911,105.8,1.45386794110738));
#2494=CARTESIAN_POINT('Ctrl Pts',(-93.5600743768274,105.811638575095,1.36066816393575));
#2495=CARTESIAN_POINT('Ctrl Pts',(-93.5215426236293,105.913870138242,1.08908129927748));
#2496=CARTESIAN_POINT('Ctrl Pts',(-93.283061163709,106.388518218327,0.4711595855678));
#2497=CARTESIAN_POINT('Ctrl Pts',(-92.665682482508,107.134021878073,0.0523823369722896));
#2498=CARTESIAN_POINT('Ctrl Pts',(-92.2121439384526,107.559481598151,0.00734230449251694));
#2499=CARTESIAN_POINT('Origin',(-93.063911,105.3,0.));
#2500=CARTESIAN_POINT('',(-93.563911,105.8,0.));
#2501=CARTESIAN_POINT('Origin',(-92.063911,214.225,1.5));
#2502=CARTESIAN_POINT('',(-93.563911,214.225,1.5));
#2503=CARTESIAN_POINT('Origin',(309.064089,141.275,1.5));
#2504=CARTESIAN_POINT('',(310.564089,141.275,1.5));
#2505=CARTESIAN_POINT('Origin',(310.564089,104.8,0.));
#2506=CARTESIAN_POINT('Origin',(307.564089,247.51167225,-2.));
#2507=CARTESIAN_POINT('',(307.564089,247.7,-3.));
#2508=CARTESIAN_POINT('',(308.564089,247.7,-2.));
#2509=CARTESIAN_POINT('Origin',(307.564089,247.7,-2.));
#2510=CARTESIAN_POINT('',(308.564089,246.946689,-2.));
#2511=CARTESIAN_POINT('',(308.564089,247.51167225,-2.));
#2512=CARTESIAN_POINT('',(307.564089,246.946689,-3.));
#2513=CARTESIAN_POINT('Origin',(307.564089,246.946689,-2.));
#2514=CARTESIAN_POINT('',(307.564089,247.51167225,-3.));
#2515=CARTESIAN_POINT('Origin',(208.032089,246.946689,-2.));
#2516=CARTESIAN_POINT('',(307.564089,245.946689,-2.));
#2517=CARTESIAN_POINT('Origin',(307.564089,246.946689,-2.));
#2518=CARTESIAN_POINT('',(-90.563911,245.946689,-2.));
#2519=CARTESIAN_POINT('',(208.032089,245.946689,-2.));
#2520=CARTESIAN_POINT('',(-90.5639110000001,246.946689,-3.));
#2521=CARTESIAN_POINT('Origin',(-90.5639110000001,246.946689,-2.));
#2522=CARTESIAN_POINT('',(208.032089,246.946689,-3.));
#2523=CARTESIAN_POINT('Origin',(307.564089,246.946689,-2.));
#2524=CARTESIAN_POINT('Origin',(307.564089,246.946689,-2.));
#2525=CARTESIAN_POINT('Origin',(-90.563911,247.135016749995,-2.));
#2526=CARTESIAN_POINT('',(-91.563911,246.946689,-2.));
#2527=CARTESIAN_POINT('Origin',(-90.563911,246.946689,-2.));
#2528=CARTESIAN_POINT('',(-91.5639110000001,247.7,-2.));
#2529=CARTESIAN_POINT('',(-91.563911,247.135016749995,-2.));
#2530=CARTESIAN_POINT('',(-90.5639110000001,247.7,-3.));
#2531=CARTESIAN_POINT('Origin',(-90.5639110000001,247.7,-2.));
#2532=CARTESIAN_POINT('',(-90.563911,247.135016749995,-3.));
#2533=CARTESIAN_POINT('Origin',(-90.563911,246.946689,-2.));
#2534=CARTESIAN_POINT('Origin',(-90.563911,246.946689,-2.));
#2535=CARTESIAN_POINT('Origin',(8.96808899999993,247.7,-2.));
#2536=CARTESIAN_POINT('',(-90.5639110000001,248.7,-2.));
#2537=CARTESIAN_POINT('Origin',(-90.5639110000001,247.7,-2.));
#2538=CARTESIAN_POINT('',(307.564089,248.7,-2.));
#2539=CARTESIAN_POINT('',(8.96808899999993,248.7,-2.));
#2540=CARTESIAN_POINT('Origin',(307.564089,247.7,-2.));
#2541=CARTESIAN_POINT('',(8.96808899999993,247.7,-3.));
#2542=CARTESIAN_POINT('Origin',(-90.563911,247.7,-2.));
#2543=CARTESIAN_POINT('Origin',(-90.563911,247.7,-2.));
#2544=CARTESIAN_POINT('Origin',(307.564089,247.7,-2.));
#2545=CARTESIAN_POINT('Origin',(307.564089,247.7,-2.));
#2546=CARTESIAN_POINT('Origin',(307.564089,246.946689,0.));
#2547=CARTESIAN_POINT('',(308.564089,246.946689,0.));
#2548=CARTESIAN_POINT('',(307.564089,245.946689,0.));
#2549=CARTESIAN_POINT('Origin',(308.564089,247.7,0.));
#2550=CARTESIAN_POINT('',(308.564089,247.7,0.));
#2551=CARTESIAN_POINT('Origin',(307.564089,247.7,0.));
#2552=CARTESIAN_POINT('',(307.564089,248.7,0.));
#2553=CARTESIAN_POINT('Origin',(-90.5639110000001,248.7,0.));
#2554=CARTESIAN_POINT('',(-90.5639110000001,248.7,0.));
#2555=CARTESIAN_POINT('Origin',(108.500089,247.3233445,-3.));
#2556=CARTESIAN_POINT('Ctrl Pts',(-90.563911,110.5,-1.5));
#2557=CARTESIAN_POINT('Ctrl Pts',(-90.563911,110.5,-1.72439947525641));
#2558=CARTESIAN_POINT('Ctrl Pts',(-90.5379360859044,110.422075257713,-2.05919578163089));
#2559=CARTESIAN_POINT('Ctrl Pts',(-90.3982999741537,110.003166922461,-2.73162354340286));
#2560=CARTESIAN_POINT('Ctrl Pts',(-90.2135106501709,109.448798950513,-3.));
#2561=CARTESIAN_POINT('Ctrl Pts',(-90.063911,109.,-3.));
#2562=CARTESIAN_POINT('Ctrl Pts',(-90.8631103003419,110.5,-1.5));
#2563=CARTESIAN_POINT('Ctrl Pts',(-90.8631103003419,110.5,-1.76983161875639));
#2564=CARTESIAN_POINT('Ctrl Pts',(-90.7994975492083,110.388093251589,-2.16478870071262));
#2565=CARTESIAN_POINT('Ctrl Pts',(-90.5309415146328,109.889116015747,-2.81915748279231));
#2566=CARTESIAN_POINT('Ctrl Pts',(-90.2705009930932,109.391808607591,-3.));
#2567=CARTESIAN_POINT('Ctrl Pts',(-90.063911,109.,-3.));
#2568=CARTESIAN_POINT('Ctrl Pts',(-91.3808998329828,110.248694885498,-1.5));
#2569=CARTESIAN_POINT('Ctrl Pts',(-91.3808998329828,110.248694885498,-1.80886361787659));
#2570=CARTESIAN_POINT('Ctrl Pts',(-91.2544362164643,110.128826384631,-2.25445361083844));
#2571=CARTESIAN_POINT('Ctrl Pts',(-90.7668799885153,109.669087530318,-2.88623322986726));
#2572=CARTESIAN_POINT('Ctrl Pts',(-90.3702340932072,109.292075507477,-3.));
#2573=CARTESIAN_POINT('Ctrl Pts',(-90.063911,109.,-3.));
#2574=CARTESIAN_POINT('Ctrl Pts',(-91.563911,109.724399475256,-1.5));
#2575=CARTESIAN_POINT('Ctrl Pts',(-91.563911,109.724399475256,-1.75802247462222));
#2576=CARTESIAN_POINT('Ctrl Pts',(-91.4606402574059,109.670329010838,-2.13755088393913));
#2577=CARTESIAN_POINT('Ctrl Pts',(-90.9827890976186,109.434999970692,-2.79723783340435));
#2578=CARTESIAN_POINT('Ctrl Pts',(-90.4699671933211,109.192342407363,-3.));
#2579=CARTESIAN_POINT('Ctrl Pts',(-90.063911,109.,-3.));
#2580=CARTESIAN_POINT('Ctrl Pts',(-91.563911,109.5,-1.5));
#2581=CARTESIAN_POINT('Ctrl Pts',(-91.563911,109.5,-1.72439947525641));
#2582=CARTESIAN_POINT('Ctrl Pts',(-91.4859862577132,109.474025085904,-2.05919578163089));
#2583=CARTESIAN_POINT('Ctrl Pts',(-91.0670779224611,109.334388974154,-2.73162354340286));
#2584=CARTESIAN_POINT('Ctrl Pts',(-90.5127099505128,109.149599650171,-3.));
#2585=CARTESIAN_POINT('Ctrl Pts',(-90.063911,109.,-3.));
#2586=CARTESIAN_POINT('',(-90.563911,110.5,-1.5));
#2587=CARTESIAN_POINT('',(-90.063911,109.,-3.));
#2588=CARTESIAN_POINT('Origin',(-90.063911,109.,-1.5));
#2589=CARTESIAN_POINT('',(-91.563911,109.5,-1.5));
#2590=CARTESIAN_POINT('Origin',(-90.063911,109.,-1.5));
#2591=CARTESIAN_POINT('Origin',(-90.563911,109.5,-1.5));
#2592=CARTESIAN_POINT('Ctrl Pts',(-91.563911,107.8,-1.5));
#2593=CARTESIAN_POINT('Ctrl Pts',(-91.563911,107.8,-1.72439947525641));
#2594=CARTESIAN_POINT('Ctrl Pts',(-91.4612413935317,107.834223202156,-2.1723559514162));
#2595=CARTESIAN_POINT('Ctrl Pts',(-90.959422803991,108.001496065336,-2.80321430676573));
#2596=CARTESIAN_POINT('Ctrl Pts',(-90.4005102128846,108.187800262372,-3.));
#2597=CARTESIAN_POINT('Ctrl Pts',(-90.063911,108.3,-3.));
#2598=CARTESIAN_POINT('Ctrl Pts',(-91.563911,107.500800699658,-1.5));
#2599=CARTESIAN_POINT('Ctrl Pts',(-91.563911,107.500800699658,-1.7698316187564));
#2600=CARTESIAN_POINT('Ctrl Pts',(-91.4104631015751,107.588092371345,-2.296153108211));
#2601=CARTESIAN_POINT('Ctrl Pts',(-90.8463048223914,107.888680732434,-2.86313345488425));
#2602=CARTESIAN_POINT('Ctrl Pts',(-90.3577674556929,108.14505750518,-3.));
#2603=CARTESIAN_POINT('Ctrl Pts',(-90.063911,108.3,-3.));
#2604=CARTESIAN_POINT('Ctrl Pts',(-91.3126062875824,106.983010684573,-1.5));
#2605=CARTESIAN_POINT('Ctrl Pts',(-91.3126062875824,106.983010684573,-1.80886361787659));
#2606=CARTESIAN_POINT('Ctrl Pts',(-91.1462153877083,107.158729096948,-2.39983502072084));
#2607=CARTESIAN_POINT('Ctrl Pts',(-90.646834613502,107.688265994888,-2.90697223170565));
#2608=CARTESIAN_POINT('Ctrl Pts',(-90.2829676306074,108.070257680095,-3.));
#2609=CARTESIAN_POINT('Ctrl Pts',(-90.063911,108.3,-3.));
#2610=CARTESIAN_POINT('Ctrl Pts',(-90.7883104752564,106.8,-1.5));
#2611=CARTESIAN_POINT('Ctrl Pts',(-90.7883104752564,106.8,-1.75802247462222));
#2612=CARTESIAN_POINT('Ctrl Pts',(-90.7145621621738,106.940455396941,-2.26431976300886));
#2613=CARTESIAN_POINT('Ctrl Pts',(-90.4479140759141,107.488342772964,-2.84832174819167));
#2614=CARTESIAN_POINT('Ctrl Pts',(-90.208167805522,107.995457855009,-3.));
#2615=CARTESIAN_POINT('Ctrl Pts',(-90.063911,108.3,-3.));
#2616=CARTESIAN_POINT('Ctrl Pts',(-90.563911,106.8,-1.5));
#2617=CARTESIAN_POINT('Ctrl Pts',(-90.563911,106.8,-1.72439947525641));
#2618=CARTESIAN_POINT('Ctrl Pts',(-90.5296877978439,106.902669606468,-2.1723559514162));
#2619=CARTESIAN_POINT('Ctrl Pts',(-90.3624149346637,107.404488196009,-2.80321430676573));
#2620=CARTESIAN_POINT('Ctrl Pts',(-90.1761107376282,107.963400787115,-3.));
#2621=CARTESIAN_POINT('Ctrl Pts',(-90.063911,108.3,-3.));
#2622=CARTESIAN_POINT('',(-91.563911,107.8,-1.5));
#2623=CARTESIAN_POINT('',(-90.063911,108.3,-3.));
#2624=CARTESIAN_POINT('Origin',(-90.063911,108.3,-1.5));
#2625=CARTESIAN_POINT('',(-90.563911,106.8,-1.5));
#2626=CARTESIAN_POINT('Origin',(-90.063911,108.3,-1.5));
#2627=CARTESIAN_POINT('Origin',(-90.563911,107.8,-1.5));
#2628=CARTESIAN_POINT('Ctrl Pts',(307.564089,106.8,-1.5));
#2629=CARTESIAN_POINT('Ctrl Pts',(307.564089,106.8,-1.7243994752564));
#2630=CARTESIAN_POINT('Ctrl Pts',(307.538100053473,106.87796683958,-2.05913673236223));
#2631=CARTESIAN_POINT('Ctrl Pts',(307.398457127755,107.296895616735,-2.73152426136202));
#2632=CARTESIAN_POINT('Ctrl Pts',(307.213688650171,107.851201049487,-2.99999999999998));
#2633=CARTESIAN_POINT('Ctrl Pts',(307.064089,108.3,-3.));
#2634=CARTESIAN_POINT('Ctrl Pts',(307.863288300342,106.8,-1.5));
#2635=CARTESIAN_POINT('Ctrl Pts',(307.863288300342,106.8,-1.76983161875638));
#2636=CARTESIAN_POINT('Ctrl Pts',(307.799633770636,106.911978291235,-2.16478678065293));
#2637=CARTESIAN_POINT('Ctrl Pts',(307.531077149797,107.410955659875,-2.81916152069542));
#2638=CARTESIAN_POINT('Ctrl Pts',(307.270678993093,107.908191392409,-2.99999999999999));
#2639=CARTESIAN_POINT('Ctrl Pts',(307.064089,108.3,-3.));
#2640=CARTESIAN_POINT('Ctrl Pts',(308.381048415041,107.051329632335,-1.5));
#2641=CARTESIAN_POINT('Ctrl Pts',(308.381048415041,107.051329632335,-1.80886361787658));
#2642=CARTESIAN_POINT('Ctrl Pts',(308.254602898603,107.171178110784,-2.25435725005198));
#2643=CARTESIAN_POINT('Ctrl Pts',(307.767101885752,107.630863810919,-2.88621161390632));
#2644=CARTESIAN_POINT('Ctrl Pts',(307.370412093207,108.007924492523,-2.99999999999999));
#2645=CARTESIAN_POINT('Ctrl Pts',(307.064089,108.3,-3.));
#2646=CARTESIAN_POINT('Ctrl Pts',(308.564089,107.575600524744,-1.5));
#2647=CARTESIAN_POINT('Ctrl Pts',(308.564089,107.575600524744,-1.75802247462222));
#2648=CARTESIAN_POINT('Ctrl Pts',(308.460791065763,107.62967212648,-2.13749259884859));
#2649=CARTESIAN_POINT('Ctrl Pts',(307.982952538523,107.864987209264,-2.79718131572104));
#2650=CARTESIAN_POINT('Ctrl Pts',(307.470145193321,108.107657592637,-2.99999999999999));
#2651=CARTESIAN_POINT('Ctrl Pts',(307.064089,108.3,-3.));
#2652=CARTESIAN_POINT('Ctrl Pts',(308.564089,107.8,-1.5));
#2653=CARTESIAN_POINT('Ctrl Pts',(308.564089,107.8,-1.72439947525641));
#2654=CARTESIAN_POINT('Ctrl Pts',(308.48612216042,107.825988946527,-2.05913673236226));
#2655=CARTESIAN_POINT('Ctrl Pts',(308.067193383265,107.965631872245,-2.73152426136205));
#2656=CARTESIAN_POINT('Ctrl Pts',(307.512887950513,108.150400349829,-2.99999999999999));
#2657=CARTESIAN_POINT('Ctrl Pts',(307.064089,108.3,-3.));
#2658=CARTESIAN_POINT('',(307.564089,106.8,-1.5));
#2659=CARTESIAN_POINT('',(307.064089,108.3,-3.));
#2660=CARTESIAN_POINT('Origin',(307.064089,108.3,-1.5));
#2661=CARTESIAN_POINT('',(308.564089,107.8,-1.5));
#2662=CARTESIAN_POINT('Origin',(307.064089,108.3,-1.5));
#2663=CARTESIAN_POINT('Origin',(307.564089,107.8,-1.5));
#2664=CARTESIAN_POINT('Ctrl Pts',(308.564089,109.5,-1.5));
#2665=CARTESIAN_POINT('Ctrl Pts',(308.564089,109.5,-1.72439947525641));
#2666=CARTESIAN_POINT('Ctrl Pts',(308.461404020255,109.465771673418,-2.17233067331556));
#2667=CARTESIAN_POINT('Ctrl Pts',(307.959579233635,109.298496744545,-2.80316357411728));
#2668=CARTESIAN_POINT('Ctrl Pts',(307.400688212885,109.112199737628,-3.));
#2669=CARTESIAN_POINT('Ctrl Pts',(307.064089,109.,-3.));
#2670=CARTESIAN_POINT('Ctrl Pts',(308.564089,109.799199300342,-1.5));
#2671=CARTESIAN_POINT('Ctrl Pts',(308.564089,109.799199300342,-1.7698316187564));
#2672=CARTESIAN_POINT('Ctrl Pts',(308.410510668465,109.711831986361,-2.29614699336482));
#2673=CARTESIAN_POINT('Ctrl Pts',(307.846303984041,109.411218221331,-2.86312958486027));
#2674=CARTESIAN_POINT('Ctrl Pts',(307.357945455693,109.15494249482,-3.));
#2675=CARTESIAN_POINT('Ctrl Pts',(307.064089,109.,-3.));
#2676=CARTESIAN_POINT('Ctrl Pts',(308.312759268379,110.316959295912,-1.5));
#2677=CARTESIAN_POINT('Ctrl Pts',(308.312759268379,110.316959295912,-1.80886361787659));
#2678=CARTESIAN_POINT('Ctrl Pts',(308.146281623249,110.141144228083,-2.39969335602112));
#2679=CARTESIAN_POINT('Ctrl Pts',(307.64690320028,109.611605404828,-2.90689323961129));
#2680=CARTESIAN_POINT('Ctrl Pts',(307.283145630607,109.229742319905,-3.));
#2681=CARTESIAN_POINT('Ctrl Pts',(307.064089,109.,-3.));
#2682=CARTESIAN_POINT('Ctrl Pts',(307.788488475256,110.5,-1.5));
#2683=CARTESIAN_POINT('Ctrl Pts',(307.788488475256,110.5,-1.75802247462222));
#2684=CARTESIAN_POINT('Ctrl Pts',(307.714712294839,110.359476035694,-2.26427224377239));
#2685=CARTESIAN_POINT('Ctrl Pts',(307.448066912461,109.811575538957,-2.84828407328225));
#2686=CARTESIAN_POINT('Ctrl Pts',(307.208345805522,109.304542144991,-3.));
#2687=CARTESIAN_POINT('Ctrl Pts',(307.064089,109.,-3.));
#2688=CARTESIAN_POINT('Ctrl Pts',(307.564089,110.5,-1.5));
#2689=CARTESIAN_POINT('Ctrl Pts',(307.564089,110.5,-1.72439947525641));
#2690=CARTESIAN_POINT('Ctrl Pts',(307.529860673418,110.397315020255,-2.17233067331554));
#2691=CARTESIAN_POINT('Ctrl Pts',(307.362585744545,109.895490233635,-2.80316357411727));
#2692=CARTESIAN_POINT('Ctrl Pts',(307.176288737628,109.336599212885,-3.));
#2693=CARTESIAN_POINT('Ctrl Pts',(307.064089,109.,-3.));
#2694=CARTESIAN_POINT('',(308.564089,109.5,-1.5));
#2695=CARTESIAN_POINT('',(307.064089,109.,-3.));
#2696=CARTESIAN_POINT('Origin',(307.064089,109.,-1.5));
#2697=CARTESIAN_POINT('',(307.564089,110.5,-1.5));
#2698=CARTESIAN_POINT('Origin',(307.064089,109.,-1.5));
#2699=CARTESIAN_POINT('Origin',(307.564089,109.5,-1.5));
#2700=CARTESIAN_POINT('Origin',(8.96808899999998,109.,-1.5));
#2701=CARTESIAN_POINT('',(8.96808899999998,110.5,-1.5));
#2702=CARTESIAN_POINT('',(8.96808899999998,109.,-3.));
#2703=CARTESIAN_POINT('Origin',(307.064089,109.075000000002,-1.5));
#2704=CARTESIAN_POINT('',(307.064089,109.075000000002,-3.));
#2705=CARTESIAN_POINT('',(308.564089,109.075000000002,-1.5));
#2706=CARTESIAN_POINT('Origin',(208.032089,108.3,-1.5));
#2707=CARTESIAN_POINT('',(208.032089,108.3,-3.));
#2708=CARTESIAN_POINT('',(208.032089,106.8,-1.5));
#2709=CARTESIAN_POINT('Origin',(-90.063911,108.225,-1.5));
#2710=CARTESIAN_POINT('',(-90.063911,108.225,-3.));
#2711=CARTESIAN_POINT('',(-91.563911,108.225,-1.5));
#2712=CARTESIAN_POINT('Origin',(307.564089,106.8,0.));
#2713=CARTESIAN_POINT('',(307.564089,106.8,0.));
#2714=CARTESIAN_POINT('',(-90.563911,106.8,0.));
#2715=CARTESIAN_POINT('Origin',(307.564089,107.8,0.));
#2716=CARTESIAN_POINT('',(308.564089,107.8,0.));
#2717=CARTESIAN_POINT('Origin',(308.564089,109.5,0.));
#2718=CARTESIAN_POINT('',(308.564089,109.5,0.));
#2719=CARTESIAN_POINT('Origin',(307.564089,109.5,0.));
#2720=CARTESIAN_POINT('',(307.564089,110.5,0.));
#2721=CARTESIAN_POINT('Origin',(108.500089,108.65,-3.));
#2722=CARTESIAN_POINT('Origin',(307.564089,245.946689,0.));
#2723=CARTESIAN_POINT('',(-90.563911,245.946689,0.));
#2724=CARTESIAN_POINT('Origin',(-90.563911,247.7,0.));
#2725=CARTESIAN_POINT('',(-91.5639110000001,247.7,0.));
#2726=CARTESIAN_POINT('Origin',(-91.563911,246.946689,0.));
#2727=CARTESIAN_POINT('',(-91.563911,246.946689,0.));
#2728=CARTESIAN_POINT('Origin',(-90.563911,246.946689,0.));
#2729=CARTESIAN_POINT('Origin',(-90.5639110000001,110.5,0.));
#2730=CARTESIAN_POINT('',(-90.5639110000001,110.5,0.));
#2731=CARTESIAN_POINT('Origin',(-90.563911,109.5,0.));
#2732=CARTESIAN_POINT('',(-91.563911,109.5,0.));
#2733=CARTESIAN_POINT('Origin',(-91.563911,107.8,0.));
#2734=CARTESIAN_POINT('',(-91.563911,107.8,0.));
#2735=CARTESIAN_POINT('Origin',(-90.563911,107.8,0.));
#2736=CARTESIAN_POINT('Origin',(114.59375,242.09375,10.));
#2737=CARTESIAN_POINT('',(112.99375,242.09375,4.));
#2738=CARTESIAN_POINT('Origin',(114.59375,242.09375,4.));
#2739=CARTESIAN_POINT('',(112.99375,242.09375,10.));
#2740=CARTESIAN_POINT('Origin',(300.65625,241.91875,10.));
#2741=CARTESIAN_POINT('',(299.05625,241.91875,4.));
#2742=CARTESIAN_POINT('Origin',(300.65625,241.91875,4.));
#2743=CARTESIAN_POINT('',(299.05625,241.91875,10.));
#2744=CARTESIAN_POINT('Origin',(-84.,241.946689,10.));
#2745=CARTESIAN_POINT('',(-85.6,241.946689,4.));
#2746=CARTESIAN_POINT('Origin',(-84.,241.946689,4.));
#2747=CARTESIAN_POINT('',(-85.6,241.946689,10.));
#2748=CARTESIAN_POINT('Origin',(114.282801,114.306116,10.));
#2749=CARTESIAN_POINT('',(112.682801,114.306116,4.));
#2750=CARTESIAN_POINT('Origin',(114.282801,114.306116,4.));
#2751=CARTESIAN_POINT('',(112.682801,114.306116,10.));
#2752=CARTESIAN_POINT('Origin',(301.,114.5,10.));
#2753=CARTESIAN_POINT('',(299.4,114.5,4.));
#2754=CARTESIAN_POINT('Origin',(301.,114.5,4.));
#2755=CARTESIAN_POINT('',(299.4,114.5,10.));
#2756=CARTESIAN_POINT('Origin',(-83.807218,114.747352,10.));
#2757=CARTESIAN_POINT('',(-85.407218,114.747352,4.));
#2758=CARTESIAN_POINT('Origin',(-83.807218,114.747352,4.));
#2759=CARTESIAN_POINT('',(-85.407218,114.747352,10.));
#2760=CARTESIAN_POINT('Origin',(-89.563911,108.8,4.));
#2761=CARTESIAN_POINT('',(-89.563911,108.8,4.));
#2762=CARTESIAN_POINT('',(-89.563911,108.8,11.));
#2763=CARTESIAN_POINT('',(-89.563911,246.7,4.));
#2764=CARTESIAN_POINT('',(-89.563911,143.275,4.));
#2765=CARTESIAN_POINT('',(-89.563911,246.7,11.));
#2766=CARTESIAN_POINT('Origin',(306.564089,108.8,4.));
#2767=CARTESIAN_POINT('',(306.564089,108.8,4.));
#2768=CARTESIAN_POINT('',(306.564089,108.8,4.));
#2769=CARTESIAN_POINT('',(207.532089,108.8,4.));
#2770=CARTESIAN_POINT('Origin',(306.564089,246.7,4.));
#2771=CARTESIAN_POINT('',(306.564089,246.7,4.));
#2772=CARTESIAN_POINT('',(306.564089,246.7,4.));
#2773=CARTESIAN_POINT('',(306.564089,212.225,4.));
#2774=CARTESIAN_POINT('Origin',(-89.563911,246.7,4.));
#2775=CARTESIAN_POINT('',(9.468089,246.7,4.));
#2776=CARTESIAN_POINT('Origin',(-93.563911,250.7,0.));
#2777=CARTESIAN_POINT('Origin',(108.500089,177.75,4.));
#2778=UNCERTAINTY_MEASURE_WITH_UNIT(LENGTH_MEASURE(0.01),#2782,
'DISTANCE_ACCURACY_VALUE',
'Maximum model space distance between geometric entities at asserted c
onnectivities');
#2779=UNCERTAINTY_MEASURE_WITH_UNIT(LENGTH_MEASURE(0.01),#2782,
'DISTANCE_ACCURACY_VALUE',
'Maximum model space distance between geometric entities at asserted c
onnectivities');
#2780=(
GEOMETRIC_REPRESENTATION_CONTEXT(3)
GLOBAL_UNCERTAINTY_ASSIGNED_CONTEXT((#2778))
GLOBAL_UNIT_ASSIGNED_CONTEXT((#2782,#2784,#2785))
REPRESENTATION_CONTEXT('','3D')
);
#2781=(
GEOMETRIC_REPRESENTATION_CONTEXT(3)
GLOBAL_UNCERTAINTY_ASSIGNED_CONTEXT((#2779))
GLOBAL_UNIT_ASSIGNED_CONTEXT((#2782,#2784,#2785))
REPRESENTATION_CONTEXT('','3D')
);
#2782=(
LENGTH_UNIT()
NAMED_UNIT(*)
SI_UNIT(.MILLI.,.METRE.)
);
#2783=(
LENGTH_UNIT()
NAMED_UNIT(*)
SI_UNIT($,.METRE.)
);
#2784=(
NAMED_UNIT(*)
PLANE_ANGLE_UNIT()
SI_UNIT($,.RADIAN.)
);
#2785=(
NAMED_UNIT(*)
SI_UNIT($,.STERADIAN.)
SOLID_ANGLE_UNIT()
);
#2786=SHAPE_DEFINITION_REPRESENTATION(#2787,#2788);
#2787=PRODUCT_DEFINITION_SHAPE('',$,#2790);
#2788=SHAPE_REPRESENTATION('',(#1124),#2780);
#2789=PRODUCT_DEFINITION_CONTEXT('part definition',#2794,'design');
#2790=PRODUCT_DEFINITION('2026-07-27-16-15-50-756','Bottom Plate',#2791,
#2789);
#2791=PRODUCT_DEFINITION_FORMATION('',$,#2796);
#2792=PRODUCT_RELATED_PRODUCT_CATEGORY('Bottom Plate','Bottom Plate',(#2796));
#2793=APPLICATION_PROTOCOL_DEFINITION('international standard',
'automotive_design',2009,#2794);
#2794=APPLICATION_CONTEXT(
'Core Data for Automotive Mechanical Design Process');
#2795=PRODUCT_CONTEXT('part definition',#2794,'mechanical');
#2796=PRODUCT('2026-07-27-16-15-50-756','Bottom Plate',$,(#2795));
#2797=PRESENTATION_STYLE_ASSIGNMENT((#2799));
#2798=PRESENTATION_STYLE_ASSIGNMENT((#2800));
#2799=SURFACE_STYLE_USAGE(.BOTH.,#2801);
#2800=SURFACE_STYLE_USAGE(.BOTH.,#2802);
#2801=SURFACE_SIDE_STYLE('',(#2803));
#2802=SURFACE_SIDE_STYLE('',(#2804));
#2803=SURFACE_STYLE_FILL_AREA(#2805);
#2804=SURFACE_STYLE_FILL_AREA(#2806);
#2805=FILL_AREA_STYLE('Steel - Satin',(#2807));
#2806=FILL_AREA_STYLE('EPX 82 (with Carbon M2 M3 L1 3D Printers)',(#2808));
#2807=FILL_AREA_STYLE_COLOUR('Steel - Satin',#2809);
#2808=FILL_AREA_STYLE_COLOUR(
'EPX 82 (with Carbon M2 M3 L1 3D Printers)',#2810);
#2809=COLOUR_RGB('Steel - Satin',0.627450980392157,0.627450980392157,0.627450980392157);
#2810=COLOUR_RGB('EPX 82 (with Carbon M2 M3 L1 3D Printers)',0.247058823529412,
0.247058823529412,0.247058823529412);
ENDSEC;
END-ISO-10303-21;
