ISO-10303-21;
HEADER;
/* Generated by software containing ST-Developer
 * from STEP Tools, Inc. (www.steptools.com) 
 */

FILE_DESCRIPTION(
/* description */ (''),
/* implementation_level */ '2;1');

FILE_NAME(
/* name */ 'Mid Plate.step',
/* time_stamp */ '2026-07-27T16:15:44-04:00',
/* author */ (''),
/* organization */ (''),
/* preprocessor_version */ 'ST-DEVELOPER v20.1',
/* originating_system */ 'Autodesk Translation Framework v15.8.0.0',
/* authorisation */ '');

FILE_SCHEMA (('AUTOMOTIVE_DESIGN { 1 0 10303 214 3 1 1 }'));
ENDSEC;

DATA;
#10=MECHANICAL_DESIGN_GEOMETRIC_PRESENTATION_REPRESENTATION('',(#13),#14811);
#11=SHAPE_REPRESENTATION_RELATIONSHIP('SRR','None',#14818,#12);
#12=ADVANCED_BREP_SHAPE_REPRESENTATION('',(#14),#14810);
#13=STYLED_ITEM('',(#14828),#14);
#14=MANIFOLD_SOLID_BREP('Body1',#9519);
#15=FACE_BOUND('',#1071,.T.);
#16=FACE_BOUND('',#1072,.T.);
#17=FACE_BOUND('',#1073,.T.);
#18=FACE_BOUND('',#1074,.T.);
#19=FACE_BOUND('',#1075,.T.);
#20=FACE_BOUND('',#1076,.T.);
#21=FACE_BOUND('',#1077,.T.);
#22=FACE_BOUND('',#1078,.T.);
#23=FACE_BOUND('',#1079,.T.);
#24=FACE_BOUND('',#1080,.T.);
#25=FACE_BOUND('',#1081,.T.);
#26=FACE_BOUND('',#1082,.T.);
#27=FACE_BOUND('',#1083,.T.);
#28=FACE_BOUND('',#1084,.T.);
#29=FACE_BOUND('',#1085,.T.);
#30=FACE_BOUND('',#1086,.T.);
#31=FACE_BOUND('',#1087,.T.);
#32=FACE_BOUND('',#1088,.T.);
#33=FACE_BOUND('',#1089,.T.);
#34=FACE_BOUND('',#1090,.T.);
#35=FACE_BOUND('',#1091,.T.);
#36=FACE_BOUND('',#1092,.T.);
#37=FACE_BOUND('',#1093,.T.);
#38=FACE_BOUND('',#1094,.T.);
#39=FACE_BOUND('',#1095,.T.);
#40=FACE_BOUND('',#1096,.T.);
#41=FACE_BOUND('',#1097,.T.);
#42=FACE_BOUND('',#1098,.T.);
#43=FACE_BOUND('',#1099,.T.);
#44=FACE_BOUND('',#1100,.T.);
#45=FACE_BOUND('',#1101,.T.);
#46=FACE_BOUND('',#1102,.T.);
#47=FACE_BOUND('',#1103,.T.);
#48=FACE_BOUND('',#1104,.T.);
#49=FACE_BOUND('',#1105,.T.);
#50=FACE_BOUND('',#1106,.T.);
#51=FACE_BOUND('',#1107,.T.);
#52=FACE_BOUND('',#1108,.T.);
#53=FACE_BOUND('',#1109,.T.);
#54=FACE_BOUND('',#1110,.T.);
#55=FACE_BOUND('',#1111,.T.);
#56=FACE_BOUND('',#1112,.T.);
#57=FACE_BOUND('',#1113,.T.);
#58=FACE_BOUND('',#1114,.T.);
#59=FACE_BOUND('',#1115,.T.);
#60=FACE_BOUND('',#1116,.T.);
#61=FACE_BOUND('',#1117,.T.);
#62=FACE_BOUND('',#1118,.T.);
#63=FACE_BOUND('',#1119,.T.);
#64=FACE_BOUND('',#1120,.T.);
#65=FACE_BOUND('',#1121,.T.);
#66=FACE_BOUND('',#1122,.T.);
#67=FACE_BOUND('',#1123,.T.);
#68=FACE_BOUND('',#1124,.T.);
#69=FACE_BOUND('',#1125,.T.);
#70=FACE_BOUND('',#1126,.T.);
#71=FACE_BOUND('',#1127,.T.);
#72=FACE_BOUND('',#1128,.T.);
#73=FACE_BOUND('',#1129,.T.);
#74=FACE_BOUND('',#1130,.T.);
#75=FACE_BOUND('',#1131,.T.);
#76=FACE_BOUND('',#1132,.T.);
#77=FACE_BOUND('',#1133,.T.);
#78=FACE_BOUND('',#1134,.T.);
#79=FACE_BOUND('',#1135,.T.);
#80=FACE_BOUND('',#1136,.T.);
#81=FACE_BOUND('',#1137,.T.);
#82=FACE_BOUND('',#1138,.T.);
#83=FACE_BOUND('',#1139,.T.);
#84=FACE_BOUND('',#1140,.T.);
#85=FACE_BOUND('',#1141,.T.);
#86=FACE_BOUND('',#1142,.T.);
#87=FACE_BOUND('',#1143,.T.);
#88=FACE_BOUND('',#1144,.T.);
#89=FACE_BOUND('',#1145,.T.);
#90=FACE_BOUND('',#1146,.T.);
#91=FACE_BOUND('',#1147,.T.);
#92=FACE_BOUND('',#1148,.T.);
#93=FACE_BOUND('',#1149,.T.);
#94=FACE_BOUND('',#1150,.T.);
#95=FACE_BOUND('',#1151,.T.);
#96=FACE_BOUND('',#1152,.T.);
#97=FACE_BOUND('',#1153,.T.);
#98=FACE_BOUND('',#1154,.T.);
#99=FACE_BOUND('',#1155,.T.);
#100=FACE_BOUND('',#1156,.T.);
#101=FACE_BOUND('',#1157,.T.);
#102=FACE_BOUND('',#1158,.T.);
#103=FACE_BOUND('',#1159,.T.);
#104=FACE_BOUND('',#1167,.T.);
#105=FACE_BOUND('',#1168,.T.);
#106=FACE_BOUND('',#1169,.T.);
#107=FACE_BOUND('',#1170,.T.);
#108=FACE_BOUND('',#1171,.T.);
#109=FACE_BOUND('',#1172,.T.);
#110=FACE_BOUND('',#1173,.T.);
#111=FACE_BOUND('',#1174,.T.);
#112=FACE_BOUND('',#1175,.T.);
#113=FACE_BOUND('',#1176,.T.);
#114=FACE_BOUND('',#1177,.T.);
#115=FACE_BOUND('',#1178,.T.);
#116=FACE_BOUND('',#1179,.T.);
#117=FACE_BOUND('',#1180,.T.);
#118=FACE_BOUND('',#1181,.T.);
#119=FACE_BOUND('',#1182,.T.);
#120=FACE_BOUND('',#1183,.T.);
#121=FACE_BOUND('',#1184,.T.);
#122=FACE_BOUND('',#1185,.T.);
#123=FACE_BOUND('',#1186,.T.);
#124=FACE_BOUND('',#1187,.T.);
#125=FACE_BOUND('',#1188,.T.);
#126=FACE_BOUND('',#1189,.T.);
#127=FACE_BOUND('',#1190,.T.);
#128=FACE_BOUND('',#1191,.T.);
#129=FACE_BOUND('',#1192,.T.);
#130=FACE_BOUND('',#1193,.T.);
#131=FACE_BOUND('',#1194,.T.);
#132=FACE_BOUND('',#1195,.T.);
#133=FACE_BOUND('',#1196,.T.);
#134=FACE_BOUND('',#1197,.T.);
#135=FACE_BOUND('',#1198,.T.);
#136=FACE_BOUND('',#1199,.T.);
#137=FACE_BOUND('',#1200,.T.);
#138=FACE_BOUND('',#1201,.T.);
#139=FACE_BOUND('',#1202,.T.);
#140=FACE_BOUND('',#1203,.T.);
#141=FACE_BOUND('',#1204,.T.);
#142=FACE_BOUND('',#1205,.T.);
#143=FACE_BOUND('',#1206,.T.);
#144=FACE_BOUND('',#1207,.T.);
#145=FACE_BOUND('',#1208,.T.);
#146=FACE_BOUND('',#1209,.T.);
#147=FACE_BOUND('',#1210,.T.);
#148=FACE_BOUND('',#1211,.T.);
#149=FACE_BOUND('',#1212,.T.);
#150=FACE_BOUND('',#1213,.T.);
#151=FACE_BOUND('',#1214,.T.);
#152=FACE_BOUND('',#1215,.T.);
#153=FACE_BOUND('',#1216,.T.);
#154=FACE_BOUND('',#1217,.T.);
#155=FACE_BOUND('',#1218,.T.);
#156=FACE_BOUND('',#1219,.T.);
#157=FACE_BOUND('',#1220,.T.);
#158=FACE_BOUND('',#1221,.T.);
#159=FACE_BOUND('',#1222,.T.);
#160=FACE_BOUND('',#1223,.T.);
#161=FACE_BOUND('',#1224,.T.);
#162=FACE_BOUND('',#1225,.T.);
#163=FACE_BOUND('',#1226,.T.);
#164=FACE_BOUND('',#1227,.T.);
#165=FACE_BOUND('',#1228,.T.);
#166=FACE_BOUND('',#1229,.T.);
#167=FACE_BOUND('',#1230,.T.);
#168=FACE_BOUND('',#1231,.T.);
#169=FACE_BOUND('',#1232,.T.);
#170=FACE_BOUND('',#1233,.T.);
#171=FACE_BOUND('',#1234,.T.);
#172=FACE_BOUND('',#1235,.T.);
#173=FACE_BOUND('',#1236,.T.);
#174=FACE_BOUND('',#1237,.T.);
#175=FACE_BOUND('',#1238,.T.);
#176=FACE_BOUND('',#1239,.T.);
#177=FACE_BOUND('',#1240,.T.);
#178=FACE_BOUND('',#1241,.T.);
#179=FACE_BOUND('',#1242,.T.);
#180=FACE_BOUND('',#1243,.T.);
#181=FACE_BOUND('',#1244,.T.);
#182=FACE_BOUND('',#1245,.T.);
#183=FACE_BOUND('',#1246,.T.);
#184=FACE_BOUND('',#1247,.T.);
#185=FACE_BOUND('',#1248,.T.);
#186=FACE_BOUND('',#1249,.T.);
#187=FACE_BOUND('',#1250,.T.);
#188=FACE_BOUND('',#1251,.T.);
#189=FACE_BOUND('',#1252,.T.);
#190=FACE_BOUND('',#1253,.T.);
#191=FACE_BOUND('',#1254,.T.);
#192=FACE_BOUND('',#1255,.T.);
#193=PLANE('',#9536);
#194=PLANE('',#9537);
#195=PLANE('',#9538);
#196=PLANE('',#9539);
#197=PLANE('',#9543);
#198=PLANE('',#9544);
#199=PLANE('',#9545);
#200=PLANE('',#9546);
#201=PLANE('',#9553);
#202=PLANE('',#9554);
#203=PLANE('',#9555);
#204=PLANE('',#9556);
#205=PLANE('',#9557);
#206=PLANE('',#9558);
#207=PLANE('',#9559);
#208=PLANE('',#9566);
#209=PLANE('',#9573);
#210=PLANE('',#9574);
#211=PLANE('',#9575);
#212=PLANE('',#9576);
#213=PLANE('',#9577);
#214=PLANE('',#9578);
#215=PLANE('',#9579);
#216=PLANE('',#9580);
#217=PLANE('',#9581);
#218=PLANE('',#9582);
#219=PLANE('',#9583);
#220=PLANE('',#9584);
#221=PLANE('',#9585);
#222=PLANE('',#9586);
#223=PLANE('',#9587);
#224=PLANE('',#9588);
#225=PLANE('',#9589);
#226=PLANE('',#9590);
#227=PLANE('',#9591);
#228=PLANE('',#9592);
#229=PLANE('',#9593);
#230=PLANE('',#9594);
#231=PLANE('',#9595);
#232=PLANE('',#9596);
#233=PLANE('',#9597);
#234=PLANE('',#9598);
#235=PLANE('',#9599);
#236=PLANE('',#9600);
#237=PLANE('',#9601);
#238=PLANE('',#9602);
#239=PLANE('',#9603);
#240=PLANE('',#9604);
#241=PLANE('',#9605);
#242=PLANE('',#9606);
#243=PLANE('',#9607);
#244=PLANE('',#9608);
#245=PLANE('',#9609);
#246=PLANE('',#9610);
#247=PLANE('',#9611);
#248=PLANE('',#9612);
#249=PLANE('',#9613);
#250=PLANE('',#9614);
#251=PLANE('',#9615);
#252=PLANE('',#9616);
#253=PLANE('',#9617);
#254=PLANE('',#9618);
#255=PLANE('',#9619);
#256=PLANE('',#9620);
#257=PLANE('',#9621);
#258=PLANE('',#9622);
#259=PLANE('',#9623);
#260=PLANE('',#9624);
#261=PLANE('',#9625);
#262=PLANE('',#9626);
#263=PLANE('',#9627);
#264=PLANE('',#9628);
#265=PLANE('',#9629);
#266=PLANE('',#9630);
#267=PLANE('',#9631);
#268=PLANE('',#9632);
#269=PLANE('',#9633);
#270=PLANE('',#9634);
#271=PLANE('',#9635);
#272=PLANE('',#9636);
#273=PLANE('',#9637);
#274=PLANE('',#9638);
#275=PLANE('',#9639);
#276=PLANE('',#9640);
#277=PLANE('',#9641);
#278=PLANE('',#9642);
#279=PLANE('',#9643);
#280=PLANE('',#9644);
#281=PLANE('',#9645);
#282=PLANE('',#9646);
#283=PLANE('',#9647);
#284=PLANE('',#9648);
#285=PLANE('',#9649);
#286=PLANE('',#9650);
#287=PLANE('',#9651);
#288=PLANE('',#9652);
#289=PLANE('',#9653);
#290=PLANE('',#9654);
#291=PLANE('',#9655);
#292=PLANE('',#9656);
#293=PLANE('',#9657);
#294=PLANE('',#9658);
#295=PLANE('',#9659);
#296=PLANE('',#9660);
#297=PLANE('',#9661);
#298=PLANE('',#9662);
#299=PLANE('',#9663);
#300=PLANE('',#9664);
#301=PLANE('',#9665);
#302=PLANE('',#9666);
#303=PLANE('',#9667);
#304=PLANE('',#9668);
#305=PLANE('',#9669);
#306=PLANE('',#9670);
#307=PLANE('',#9671);
#308=PLANE('',#9672);
#309=PLANE('',#9673);
#310=PLANE('',#9674);
#311=PLANE('',#9675);
#312=PLANE('',#9676);
#313=PLANE('',#9677);
#314=PLANE('',#9678);
#315=PLANE('',#9679);
#316=PLANE('',#9680);
#317=PLANE('',#9681);
#318=PLANE('',#9682);
#319=PLANE('',#9683);
#320=PLANE('',#9684);
#321=PLANE('',#9685);
#322=PLANE('',#9686);
#323=PLANE('',#9687);
#324=PLANE('',#9688);
#325=PLANE('',#9689);
#326=PLANE('',#9690);
#327=PLANE('',#9691);
#328=PLANE('',#9692);
#329=PLANE('',#9693);
#330=PLANE('',#9694);
#331=PLANE('',#9695);
#332=PLANE('',#9696);
#333=PLANE('',#9697);
#334=PLANE('',#9698);
#335=PLANE('',#9699);
#336=PLANE('',#9700);
#337=PLANE('',#9701);
#338=PLANE('',#9702);
#339=PLANE('',#9703);
#340=PLANE('',#9704);
#341=PLANE('',#9705);
#342=PLANE('',#9706);
#343=PLANE('',#9707);
#344=PLANE('',#9708);
#345=PLANE('',#9709);
#346=PLANE('',#9710);
#347=PLANE('',#9711);
#348=PLANE('',#9712);
#349=PLANE('',#9713);
#350=PLANE('',#9714);
#351=PLANE('',#9715);
#352=PLANE('',#9716);
#353=PLANE('',#9717);
#354=PLANE('',#9718);
#355=PLANE('',#9719);
#356=PLANE('',#9720);
#357=PLANE('',#9721);
#358=PLANE('',#9722);
#359=PLANE('',#9723);
#360=PLANE('',#9724);
#361=PLANE('',#9725);
#362=PLANE('',#9726);
#363=PLANE('',#9727);
#364=PLANE('',#9728);
#365=PLANE('',#9729);
#366=PLANE('',#9730);
#367=PLANE('',#9731);
#368=PLANE('',#9732);
#369=PLANE('',#9733);
#370=PLANE('',#9734);
#371=PLANE('',#9735);
#372=PLANE('',#9736);
#373=PLANE('',#9737);
#374=PLANE('',#9738);
#375=PLANE('',#9739);
#376=PLANE('',#9740);
#377=PLANE('',#9741);
#378=PLANE('',#9742);
#379=PLANE('',#9743);
#380=PLANE('',#9744);
#381=PLANE('',#9745);
#382=PLANE('',#9746);
#383=PLANE('',#9747);
#384=PLANE('',#9748);
#385=PLANE('',#9749);
#386=PLANE('',#9750);
#387=PLANE('',#9751);
#388=PLANE('',#9752);
#389=PLANE('',#9753);
#390=PLANE('',#9754);
#391=PLANE('',#9755);
#392=PLANE('',#9756);
#393=PLANE('',#9757);
#394=PLANE('',#9758);
#395=PLANE('',#9759);
#396=PLANE('',#9760);
#397=PLANE('',#9761);
#398=PLANE('',#9762);
#399=PLANE('',#9763);
#400=PLANE('',#9764);
#401=PLANE('',#9765);
#402=PLANE('',#9766);
#403=PLANE('',#9767);
#404=PLANE('',#9768);
#405=PLANE('',#9769);
#406=PLANE('',#9770);
#407=PLANE('',#9771);
#408=PLANE('',#9772);
#409=PLANE('',#9773);
#410=PLANE('',#9774);
#411=PLANE('',#9775);
#412=PLANE('',#9776);
#413=PLANE('',#9777);
#414=PLANE('',#9778);
#415=PLANE('',#9779);
#416=PLANE('',#9780);
#417=PLANE('',#9781);
#418=PLANE('',#9782);
#419=PLANE('',#9783);
#420=PLANE('',#9784);
#421=PLANE('',#9785);
#422=PLANE('',#9786);
#423=PLANE('',#9787);
#424=PLANE('',#9788);
#425=PLANE('',#9789);
#426=PLANE('',#9790);
#427=PLANE('',#9791);
#428=PLANE('',#9792);
#429=PLANE('',#9793);
#430=PLANE('',#9794);
#431=PLANE('',#9795);
#432=PLANE('',#9796);
#433=PLANE('',#9797);
#434=PLANE('',#9798);
#435=PLANE('',#9799);
#436=PLANE('',#9800);
#437=PLANE('',#9801);
#438=PLANE('',#9802);
#439=PLANE('',#9803);
#440=PLANE('',#9804);
#441=PLANE('',#9805);
#442=PLANE('',#9806);
#443=PLANE('',#9807);
#444=PLANE('',#9808);
#445=PLANE('',#9809);
#446=PLANE('',#9810);
#447=PLANE('',#9811);
#448=PLANE('',#9812);
#449=PLANE('',#9813);
#450=PLANE('',#9814);
#451=PLANE('',#9815);
#452=PLANE('',#9816);
#453=PLANE('',#9817);
#454=PLANE('',#9818);
#455=PLANE('',#9819);
#456=PLANE('',#9820);
#457=PLANE('',#9821);
#458=PLANE('',#9822);
#459=PLANE('',#9823);
#460=PLANE('',#9824);
#461=PLANE('',#9825);
#462=PLANE('',#9826);
#463=PLANE('',#9827);
#464=PLANE('',#9828);
#465=PLANE('',#9829);
#466=PLANE('',#9830);
#467=PLANE('',#9831);
#468=PLANE('',#9832);
#469=PLANE('',#9833);
#470=PLANE('',#9834);
#471=PLANE('',#9835);
#472=PLANE('',#9836);
#473=PLANE('',#9837);
#474=PLANE('',#9838);
#475=PLANE('',#9839);
#476=PLANE('',#9840);
#477=PLANE('',#9841);
#478=PLANE('',#9842);
#479=PLANE('',#9843);
#480=PLANE('',#9844);
#481=PLANE('',#9845);
#482=PLANE('',#9846);
#483=PLANE('',#9847);
#484=PLANE('',#9848);
#485=PLANE('',#9849);
#486=PLANE('',#9850);
#487=PLANE('',#9851);
#488=PLANE('',#9852);
#489=PLANE('',#9853);
#490=PLANE('',#9854);
#491=PLANE('',#9855);
#492=PLANE('',#9856);
#493=PLANE('',#9857);
#494=PLANE('',#9858);
#495=PLANE('',#9859);
#496=PLANE('',#9860);
#497=PLANE('',#9861);
#498=PLANE('',#9862);
#499=PLANE('',#9863);
#500=PLANE('',#9864);
#501=PLANE('',#9865);
#502=PLANE('',#9866);
#503=PLANE('',#9867);
#504=PLANE('',#9868);
#505=PLANE('',#9869);
#506=PLANE('',#9870);
#507=PLANE('',#9871);
#508=PLANE('',#9872);
#509=PLANE('',#9873);
#510=PLANE('',#9874);
#511=PLANE('',#9875);
#512=PLANE('',#9876);
#513=PLANE('',#9877);
#514=PLANE('',#9878);
#515=PLANE('',#9879);
#516=PLANE('',#9880);
#517=PLANE('',#9881);
#518=PLANE('',#9882);
#519=PLANE('',#9883);
#520=PLANE('',#9884);
#521=PLANE('',#9885);
#522=PLANE('',#9886);
#523=PLANE('',#9887);
#524=PLANE('',#9888);
#525=PLANE('',#9889);
#526=PLANE('',#9890);
#527=PLANE('',#9891);
#528=PLANE('',#9892);
#529=PLANE('',#9893);
#530=PLANE('',#9894);
#531=PLANE('',#9895);
#532=PLANE('',#9896);
#533=PLANE('',#9897);
#534=PLANE('',#9898);
#535=PLANE('',#9899);
#536=PLANE('',#9900);
#537=PLANE('',#9901);
#538=PLANE('',#9902);
#539=PLANE('',#9903);
#540=PLANE('',#9904);
#541=PLANE('',#9905);
#542=PLANE('',#9906);
#543=PLANE('',#9907);
#544=PLANE('',#9908);
#545=PLANE('',#9909);
#546=PLANE('',#9910);
#547=PLANE('',#9911);
#548=PLANE('',#9912);
#549=PLANE('',#9913);
#550=PLANE('',#9914);
#551=PLANE('',#9915);
#552=PLANE('',#9916);
#553=PLANE('',#9917);
#554=PLANE('',#9918);
#555=PLANE('',#9919);
#556=PLANE('',#9920);
#557=PLANE('',#9921);
#558=PLANE('',#9922);
#559=PLANE('',#9923);
#560=PLANE('',#9924);
#561=PLANE('',#9925);
#562=PLANE('',#9926);
#563=PLANE('',#9927);
#564=PLANE('',#9928);
#565=PLANE('',#9929);
#566=PLANE('',#9930);
#567=PLANE('',#9931);
#568=PLANE('',#9932);
#569=PLANE('',#9933);
#570=PLANE('',#9934);
#571=PLANE('',#9935);
#572=PLANE('',#9936);
#573=PLANE('',#9937);
#574=PLANE('',#9938);
#575=PLANE('',#9939);
#576=PLANE('',#9940);
#577=PLANE('',#9941);
#578=PLANE('',#9942);
#579=PLANE('',#9943);
#580=PLANE('',#9944);
#581=PLANE('',#9945);
#582=PLANE('',#9946);
#583=PLANE('',#9947);
#584=PLANE('',#9948);
#585=PLANE('',#9949);
#586=PLANE('',#9950);
#587=PLANE('',#9951);
#588=PLANE('',#9952);
#589=PLANE('',#9953);
#590=PLANE('',#9954);
#591=PLANE('',#9955);
#592=PLANE('',#9956);
#593=PLANE('',#9957);
#594=PLANE('',#9958);
#595=PLANE('',#9959);
#596=PLANE('',#9960);
#597=PLANE('',#9961);
#598=PLANE('',#9962);
#599=PLANE('',#9963);
#600=PLANE('',#9964);
#601=PLANE('',#9965);
#602=PLANE('',#9966);
#603=PLANE('',#9967);
#604=PLANE('',#9968);
#605=PLANE('',#9969);
#606=PLANE('',#9970);
#607=PLANE('',#9971);
#608=PLANE('',#9972);
#609=PLANE('',#9973);
#610=PLANE('',#9974);
#611=PLANE('',#9975);
#612=PLANE('',#9976);
#613=PLANE('',#9977);
#614=PLANE('',#9978);
#615=PLANE('',#9979);
#616=PLANE('',#9980);
#617=PLANE('',#9981);
#618=PLANE('',#9982);
#619=PLANE('',#9983);
#620=PLANE('',#9984);
#621=PLANE('',#9985);
#622=PLANE('',#9986);
#623=FACE_OUTER_BOUND('',#1061,.T.);
#624=FACE_OUTER_BOUND('',#1062,.T.);
#625=FACE_OUTER_BOUND('',#1063,.T.);
#626=FACE_OUTER_BOUND('',#1064,.T.);
#627=FACE_OUTER_BOUND('',#1065,.T.);
#628=FACE_OUTER_BOUND('',#1066,.T.);
#629=FACE_OUTER_BOUND('',#1067,.T.);
#630=FACE_OUTER_BOUND('',#1068,.T.);
#631=FACE_OUTER_BOUND('',#1069,.T.);
#632=FACE_OUTER_BOUND('',#1070,.T.);
#633=FACE_OUTER_BOUND('',#1160,.T.);
#634=FACE_OUTER_BOUND('',#1161,.T.);
#635=FACE_OUTER_BOUND('',#1162,.T.);
#636=FACE_OUTER_BOUND('',#1163,.T.);
#637=FACE_OUTER_BOUND('',#1164,.T.);
#638=FACE_OUTER_BOUND('',#1165,.T.);
#639=FACE_OUTER_BOUND('',#1166,.T.);
#640=FACE_OUTER_BOUND('',#1256,.T.);
#641=FACE_OUTER_BOUND('',#1257,.T.);
#642=FACE_OUTER_BOUND('',#1258,.T.);
#643=FACE_OUTER_BOUND('',#1259,.T.);
#644=FACE_OUTER_BOUND('',#1260,.T.);
#645=FACE_OUTER_BOUND('',#1261,.T.);
#646=FACE_OUTER_BOUND('',#1262,.T.);
#647=FACE_OUTER_BOUND('',#1263,.T.);
#648=FACE_OUTER_BOUND('',#1264,.T.);
#649=FACE_OUTER_BOUND('',#1265,.T.);
#650=FACE_OUTER_BOUND('',#1266,.T.);
#651=FACE_OUTER_BOUND('',#1267,.T.);
#652=FACE_OUTER_BOUND('',#1268,.T.);
#653=FACE_OUTER_BOUND('',#1269,.T.);
#654=FACE_OUTER_BOUND('',#1270,.T.);
#655=FACE_OUTER_BOUND('',#1271,.T.);
#656=FACE_OUTER_BOUND('',#1272,.T.);
#657=FACE_OUTER_BOUND('',#1273,.T.);
#658=FACE_OUTER_BOUND('',#1274,.T.);
#659=FACE_OUTER_BOUND('',#1275,.T.);
#660=FACE_OUTER_BOUND('',#1276,.T.);
#661=FACE_OUTER_BOUND('',#1277,.T.);
#662=FACE_OUTER_BOUND('',#1278,.T.);
#663=FACE_OUTER_BOUND('',#1279,.T.);
#664=FACE_OUTER_BOUND('',#1280,.T.);
#665=FACE_OUTER_BOUND('',#1281,.T.);
#666=FACE_OUTER_BOUND('',#1282,.T.);
#667=FACE_OUTER_BOUND('',#1283,.T.);
#668=FACE_OUTER_BOUND('',#1284,.T.);
#669=FACE_OUTER_BOUND('',#1285,.T.);
#670=FACE_OUTER_BOUND('',#1286,.T.);
#671=FACE_OUTER_BOUND('',#1287,.T.);
#672=FACE_OUTER_BOUND('',#1288,.T.);
#673=FACE_OUTER_BOUND('',#1289,.T.);
#674=FACE_OUTER_BOUND('',#1290,.T.);
#675=FACE_OUTER_BOUND('',#1291,.T.);
#676=FACE_OUTER_BOUND('',#1292,.T.);
#677=FACE_OUTER_BOUND('',#1293,.T.);
#678=FACE_OUTER_BOUND('',#1294,.T.);
#679=FACE_OUTER_BOUND('',#1295,.T.);
#680=FACE_OUTER_BOUND('',#1296,.T.);
#681=FACE_OUTER_BOUND('',#1297,.T.);
#682=FACE_OUTER_BOUND('',#1298,.T.);
#683=FACE_OUTER_BOUND('',#1299,.T.);
#684=FACE_OUTER_BOUND('',#1300,.T.);
#685=FACE_OUTER_BOUND('',#1301,.T.);
#686=FACE_OUTER_BOUND('',#1302,.T.);
#687=FACE_OUTER_BOUND('',#1303,.T.);
#688=FACE_OUTER_BOUND('',#1304,.T.);
#689=FACE_OUTER_BOUND('',#1305,.T.);
#690=FACE_OUTER_BOUND('',#1306,.T.);
#691=FACE_OUTER_BOUND('',#1307,.T.);
#692=FACE_OUTER_BOUND('',#1308,.T.);
#693=FACE_OUTER_BOUND('',#1309,.T.);
#694=FACE_OUTER_BOUND('',#1310,.T.);
#695=FACE_OUTER_BOUND('',#1311,.T.);
#696=FACE_OUTER_BOUND('',#1312,.T.);
#697=FACE_OUTER_BOUND('',#1313,.T.);
#698=FACE_OUTER_BOUND('',#1314,.T.);
#699=FACE_OUTER_BOUND('',#1315,.T.);
#700=FACE_OUTER_BOUND('',#1316,.T.);
#701=FACE_OUTER_BOUND('',#1317,.T.);
#702=FACE_OUTER_BOUND('',#1318,.T.);
#703=FACE_OUTER_BOUND('',#1319,.T.);
#704=FACE_OUTER_BOUND('',#1320,.T.);
#705=FACE_OUTER_BOUND('',#1321,.T.);
#706=FACE_OUTER_BOUND('',#1322,.T.);
#707=FACE_OUTER_BOUND('',#1323,.T.);
#708=FACE_OUTER_BOUND('',#1324,.T.);
#709=FACE_OUTER_BOUND('',#1325,.T.);
#710=FACE_OUTER_BOUND('',#1326,.T.);
#711=FACE_OUTER_BOUND('',#1327,.T.);
#712=FACE_OUTER_BOUND('',#1328,.T.);
#713=FACE_OUTER_BOUND('',#1329,.T.);
#714=FACE_OUTER_BOUND('',#1330,.T.);
#715=FACE_OUTER_BOUND('',#1331,.T.);
#716=FACE_OUTER_BOUND('',#1332,.T.);
#717=FACE_OUTER_BOUND('',#1333,.T.);
#718=FACE_OUTER_BOUND('',#1334,.T.);
#719=FACE_OUTER_BOUND('',#1335,.T.);
#720=FACE_OUTER_BOUND('',#1336,.T.);
#721=FACE_OUTER_BOUND('',#1337,.T.);
#722=FACE_OUTER_BOUND('',#1338,.T.);
#723=FACE_OUTER_BOUND('',#1339,.T.);
#724=FACE_OUTER_BOUND('',#1340,.T.);
#725=FACE_OUTER_BOUND('',#1341,.T.);
#726=FACE_OUTER_BOUND('',#1342,.T.);
#727=FACE_OUTER_BOUND('',#1343,.T.);
#728=FACE_OUTER_BOUND('',#1344,.T.);
#729=FACE_OUTER_BOUND('',#1345,.T.);
#730=FACE_OUTER_BOUND('',#1346,.T.);
#731=FACE_OUTER_BOUND('',#1347,.T.);
#732=FACE_OUTER_BOUND('',#1348,.T.);
#733=FACE_OUTER_BOUND('',#1349,.T.);
#734=FACE_OUTER_BOUND('',#1350,.T.);
#735=FACE_OUTER_BOUND('',#1351,.T.);
#736=FACE_OUTER_BOUND('',#1352,.T.);
#737=FACE_OUTER_BOUND('',#1353,.T.);
#738=FACE_OUTER_BOUND('',#1354,.T.);
#739=FACE_OUTER_BOUND('',#1355,.T.);
#740=FACE_OUTER_BOUND('',#1356,.T.);
#741=FACE_OUTER_BOUND('',#1357,.T.);
#742=FACE_OUTER_BOUND('',#1358,.T.);
#743=FACE_OUTER_BOUND('',#1359,.T.);
#744=FACE_OUTER_BOUND('',#1360,.T.);
#745=FACE_OUTER_BOUND('',#1361,.T.);
#746=FACE_OUTER_BOUND('',#1362,.T.);
#747=FACE_OUTER_BOUND('',#1363,.T.);
#748=FACE_OUTER_BOUND('',#1364,.T.);
#749=FACE_OUTER_BOUND('',#1365,.T.);
#750=FACE_OUTER_BOUND('',#1366,.T.);
#751=FACE_OUTER_BOUND('',#1367,.T.);
#752=FACE_OUTER_BOUND('',#1368,.T.);
#753=FACE_OUTER_BOUND('',#1369,.T.);
#754=FACE_OUTER_BOUND('',#1370,.T.);
#755=FACE_OUTER_BOUND('',#1371,.T.);
#756=FACE_OUTER_BOUND('',#1372,.T.);
#757=FACE_OUTER_BOUND('',#1373,.T.);
#758=FACE_OUTER_BOUND('',#1374,.T.);
#759=FACE_OUTER_BOUND('',#1375,.T.);
#760=FACE_OUTER_BOUND('',#1376,.T.);
#761=FACE_OUTER_BOUND('',#1377,.T.);
#762=FACE_OUTER_BOUND('',#1378,.T.);
#763=FACE_OUTER_BOUND('',#1379,.T.);
#764=FACE_OUTER_BOUND('',#1380,.T.);
#765=FACE_OUTER_BOUND('',#1381,.T.);
#766=FACE_OUTER_BOUND('',#1382,.T.);
#767=FACE_OUTER_BOUND('',#1383,.T.);
#768=FACE_OUTER_BOUND('',#1384,.T.);
#769=FACE_OUTER_BOUND('',#1385,.T.);
#770=FACE_OUTER_BOUND('',#1386,.T.);
#771=FACE_OUTER_BOUND('',#1387,.T.);
#772=FACE_OUTER_BOUND('',#1388,.T.);
#773=FACE_OUTER_BOUND('',#1389,.T.);
#774=FACE_OUTER_BOUND('',#1390,.T.);
#775=FACE_OUTER_BOUND('',#1391,.T.);
#776=FACE_OUTER_BOUND('',#1392,.T.);
#777=FACE_OUTER_BOUND('',#1393,.T.);
#778=FACE_OUTER_BOUND('',#1394,.T.);
#779=FACE_OUTER_BOUND('',#1395,.T.);
#780=FACE_OUTER_BOUND('',#1396,.T.);
#781=FACE_OUTER_BOUND('',#1397,.T.);
#782=FACE_OUTER_BOUND('',#1398,.T.);
#783=FACE_OUTER_BOUND('',#1399,.T.);
#784=FACE_OUTER_BOUND('',#1400,.T.);
#785=FACE_OUTER_BOUND('',#1401,.T.);
#786=FACE_OUTER_BOUND('',#1402,.T.);
#787=FACE_OUTER_BOUND('',#1403,.T.);
#788=FACE_OUTER_BOUND('',#1404,.T.);
#789=FACE_OUTER_BOUND('',#1405,.T.);
#790=FACE_OUTER_BOUND('',#1406,.T.);
#791=FACE_OUTER_BOUND('',#1407,.T.);
#792=FACE_OUTER_BOUND('',#1408,.T.);
#793=FACE_OUTER_BOUND('',#1409,.T.);
#794=FACE_OUTER_BOUND('',#1410,.T.);
#795=FACE_OUTER_BOUND('',#1411,.T.);
#796=FACE_OUTER_BOUND('',#1412,.T.);
#797=FACE_OUTER_BOUND('',#1413,.T.);
#798=FACE_OUTER_BOUND('',#1414,.T.);
#799=FACE_OUTER_BOUND('',#1415,.T.);
#800=FACE_OUTER_BOUND('',#1416,.T.);
#801=FACE_OUTER_BOUND('',#1417,.T.);
#802=FACE_OUTER_BOUND('',#1418,.T.);
#803=FACE_OUTER_BOUND('',#1419,.T.);
#804=FACE_OUTER_BOUND('',#1420,.T.);
#805=FACE_OUTER_BOUND('',#1421,.T.);
#806=FACE_OUTER_BOUND('',#1422,.T.);
#807=FACE_OUTER_BOUND('',#1423,.T.);
#808=FACE_OUTER_BOUND('',#1424,.T.);
#809=FACE_OUTER_BOUND('',#1425,.T.);
#810=FACE_OUTER_BOUND('',#1426,.T.);
#811=FACE_OUTER_BOUND('',#1427,.T.);
#812=FACE_OUTER_BOUND('',#1428,.T.);
#813=FACE_OUTER_BOUND('',#1429,.T.);
#814=FACE_OUTER_BOUND('',#1430,.T.);
#815=FACE_OUTER_BOUND('',#1431,.T.);
#816=FACE_OUTER_BOUND('',#1432,.T.);
#817=FACE_OUTER_BOUND('',#1433,.T.);
#818=FACE_OUTER_BOUND('',#1434,.T.);
#819=FACE_OUTER_BOUND('',#1435,.T.);
#820=FACE_OUTER_BOUND('',#1436,.T.);
#821=FACE_OUTER_BOUND('',#1437,.T.);
#822=FACE_OUTER_BOUND('',#1438,.T.);
#823=FACE_OUTER_BOUND('',#1439,.T.);
#824=FACE_OUTER_BOUND('',#1440,.T.);
#825=FACE_OUTER_BOUND('',#1441,.T.);
#826=FACE_OUTER_BOUND('',#1442,.T.);
#827=FACE_OUTER_BOUND('',#1443,.T.);
#828=FACE_OUTER_BOUND('',#1444,.T.);
#829=FACE_OUTER_BOUND('',#1445,.T.);
#830=FACE_OUTER_BOUND('',#1446,.T.);
#831=FACE_OUTER_BOUND('',#1447,.T.);
#832=FACE_OUTER_BOUND('',#1448,.T.);
#833=FACE_OUTER_BOUND('',#1449,.T.);
#834=FACE_OUTER_BOUND('',#1450,.T.);
#835=FACE_OUTER_BOUND('',#1451,.T.);
#836=FACE_OUTER_BOUND('',#1452,.T.);
#837=FACE_OUTER_BOUND('',#1453,.T.);
#838=FACE_OUTER_BOUND('',#1454,.T.);
#839=FACE_OUTER_BOUND('',#1455,.T.);
#840=FACE_OUTER_BOUND('',#1456,.T.);
#841=FACE_OUTER_BOUND('',#1457,.T.);
#842=FACE_OUTER_BOUND('',#1458,.T.);
#843=FACE_OUTER_BOUND('',#1459,.T.);
#844=FACE_OUTER_BOUND('',#1460,.T.);
#845=FACE_OUTER_BOUND('',#1461,.T.);
#846=FACE_OUTER_BOUND('',#1462,.T.);
#847=FACE_OUTER_BOUND('',#1463,.T.);
#848=FACE_OUTER_BOUND('',#1464,.T.);
#849=FACE_OUTER_BOUND('',#1465,.T.);
#850=FACE_OUTER_BOUND('',#1466,.T.);
#851=FACE_OUTER_BOUND('',#1467,.T.);
#852=FACE_OUTER_BOUND('',#1468,.T.);
#853=FACE_OUTER_BOUND('',#1469,.T.);
#854=FACE_OUTER_BOUND('',#1470,.T.);
#855=FACE_OUTER_BOUND('',#1471,.T.);
#856=FACE_OUTER_BOUND('',#1472,.T.);
#857=FACE_OUTER_BOUND('',#1473,.T.);
#858=FACE_OUTER_BOUND('',#1474,.T.);
#859=FACE_OUTER_BOUND('',#1475,.T.);
#860=FACE_OUTER_BOUND('',#1476,.T.);
#861=FACE_OUTER_BOUND('',#1477,.T.);
#862=FACE_OUTER_BOUND('',#1478,.T.);
#863=FACE_OUTER_BOUND('',#1479,.T.);
#864=FACE_OUTER_BOUND('',#1480,.T.);
#865=FACE_OUTER_BOUND('',#1481,.T.);
#866=FACE_OUTER_BOUND('',#1482,.T.);
#867=FACE_OUTER_BOUND('',#1483,.T.);
#868=FACE_OUTER_BOUND('',#1484,.T.);
#869=FACE_OUTER_BOUND('',#1485,.T.);
#870=FACE_OUTER_BOUND('',#1486,.T.);
#871=FACE_OUTER_BOUND('',#1487,.T.);
#872=FACE_OUTER_BOUND('',#1488,.T.);
#873=FACE_OUTER_BOUND('',#1489,.T.);
#874=FACE_OUTER_BOUND('',#1490,.T.);
#875=FACE_OUTER_BOUND('',#1491,.T.);
#876=FACE_OUTER_BOUND('',#1492,.T.);
#877=FACE_OUTER_BOUND('',#1493,.T.);
#878=FACE_OUTER_BOUND('',#1494,.T.);
#879=FACE_OUTER_BOUND('',#1495,.T.);
#880=FACE_OUTER_BOUND('',#1496,.T.);
#881=FACE_OUTER_BOUND('',#1497,.T.);
#882=FACE_OUTER_BOUND('',#1498,.T.);
#883=FACE_OUTER_BOUND('',#1499,.T.);
#884=FACE_OUTER_BOUND('',#1500,.T.);
#885=FACE_OUTER_BOUND('',#1501,.T.);
#886=FACE_OUTER_BOUND('',#1502,.T.);
#887=FACE_OUTER_BOUND('',#1503,.T.);
#888=FACE_OUTER_BOUND('',#1504,.T.);
#889=FACE_OUTER_BOUND('',#1505,.T.);
#890=FACE_OUTER_BOUND('',#1506,.T.);
#891=FACE_OUTER_BOUND('',#1507,.T.);
#892=FACE_OUTER_BOUND('',#1508,.T.);
#893=FACE_OUTER_BOUND('',#1509,.T.);
#894=FACE_OUTER_BOUND('',#1510,.T.);
#895=FACE_OUTER_BOUND('',#1511,.T.);
#896=FACE_OUTER_BOUND('',#1512,.T.);
#897=FACE_OUTER_BOUND('',#1513,.T.);
#898=FACE_OUTER_BOUND('',#1514,.T.);
#899=FACE_OUTER_BOUND('',#1515,.T.);
#900=FACE_OUTER_BOUND('',#1516,.T.);
#901=FACE_OUTER_BOUND('',#1517,.T.);
#902=FACE_OUTER_BOUND('',#1518,.T.);
#903=FACE_OUTER_BOUND('',#1519,.T.);
#904=FACE_OUTER_BOUND('',#1520,.T.);
#905=FACE_OUTER_BOUND('',#1521,.T.);
#906=FACE_OUTER_BOUND('',#1522,.T.);
#907=FACE_OUTER_BOUND('',#1523,.T.);
#908=FACE_OUTER_BOUND('',#1524,.T.);
#909=FACE_OUTER_BOUND('',#1525,.T.);
#910=FACE_OUTER_BOUND('',#1526,.T.);
#911=FACE_OUTER_BOUND('',#1527,.T.);
#912=FACE_OUTER_BOUND('',#1528,.T.);
#913=FACE_OUTER_BOUND('',#1529,.T.);
#914=FACE_OUTER_BOUND('',#1530,.T.);
#915=FACE_OUTER_BOUND('',#1531,.T.);
#916=FACE_OUTER_BOUND('',#1532,.T.);
#917=FACE_OUTER_BOUND('',#1533,.T.);
#918=FACE_OUTER_BOUND('',#1534,.T.);
#919=FACE_OUTER_BOUND('',#1535,.T.);
#920=FACE_OUTER_BOUND('',#1536,.T.);
#921=FACE_OUTER_BOUND('',#1537,.T.);
#922=FACE_OUTER_BOUND('',#1538,.T.);
#923=FACE_OUTER_BOUND('',#1539,.T.);
#924=FACE_OUTER_BOUND('',#1540,.T.);
#925=FACE_OUTER_BOUND('',#1541,.T.);
#926=FACE_OUTER_BOUND('',#1542,.T.);
#927=FACE_OUTER_BOUND('',#1543,.T.);
#928=FACE_OUTER_BOUND('',#1544,.T.);
#929=FACE_OUTER_BOUND('',#1545,.T.);
#930=FACE_OUTER_BOUND('',#1546,.T.);
#931=FACE_OUTER_BOUND('',#1547,.T.);
#932=FACE_OUTER_BOUND('',#1548,.T.);
#933=FACE_OUTER_BOUND('',#1549,.T.);
#934=FACE_OUTER_BOUND('',#1550,.T.);
#935=FACE_OUTER_BOUND('',#1551,.T.);
#936=FACE_OUTER_BOUND('',#1552,.T.);
#937=FACE_OUTER_BOUND('',#1553,.T.);
#938=FACE_OUTER_BOUND('',#1554,.T.);
#939=FACE_OUTER_BOUND('',#1555,.T.);
#940=FACE_OUTER_BOUND('',#1556,.T.);
#941=FACE_OUTER_BOUND('',#1557,.T.);
#942=FACE_OUTER_BOUND('',#1558,.T.);
#943=FACE_OUTER_BOUND('',#1559,.T.);
#944=FACE_OUTER_BOUND('',#1560,.T.);
#945=FACE_OUTER_BOUND('',#1561,.T.);
#946=FACE_OUTER_BOUND('',#1562,.T.);
#947=FACE_OUTER_BOUND('',#1563,.T.);
#948=FACE_OUTER_BOUND('',#1564,.T.);
#949=FACE_OUTER_BOUND('',#1565,.T.);
#950=FACE_OUTER_BOUND('',#1566,.T.);
#951=FACE_OUTER_BOUND('',#1567,.T.);
#952=FACE_OUTER_BOUND('',#1568,.T.);
#953=FACE_OUTER_BOUND('',#1569,.T.);
#954=FACE_OUTER_BOUND('',#1570,.T.);
#955=FACE_OUTER_BOUND('',#1571,.T.);
#956=FACE_OUTER_BOUND('',#1572,.T.);
#957=FACE_OUTER_BOUND('',#1573,.T.);
#958=FACE_OUTER_BOUND('',#1574,.T.);
#959=FACE_OUTER_BOUND('',#1575,.T.);
#960=FACE_OUTER_BOUND('',#1576,.T.);
#961=FACE_OUTER_BOUND('',#1577,.T.);
#962=FACE_OUTER_BOUND('',#1578,.T.);
#963=FACE_OUTER_BOUND('',#1579,.T.);
#964=FACE_OUTER_BOUND('',#1580,.T.);
#965=FACE_OUTER_BOUND('',#1581,.T.);
#966=FACE_OUTER_BOUND('',#1582,.T.);
#967=FACE_OUTER_BOUND('',#1583,.T.);
#968=FACE_OUTER_BOUND('',#1584,.T.);
#969=FACE_OUTER_BOUND('',#1585,.T.);
#970=FACE_OUTER_BOUND('',#1586,.T.);
#971=FACE_OUTER_BOUND('',#1587,.T.);
#972=FACE_OUTER_BOUND('',#1588,.T.);
#973=FACE_OUTER_BOUND('',#1589,.T.);
#974=FACE_OUTER_BOUND('',#1590,.T.);
#975=FACE_OUTER_BOUND('',#1591,.T.);
#976=FACE_OUTER_BOUND('',#1592,.T.);
#977=FACE_OUTER_BOUND('',#1593,.T.);
#978=FACE_OUTER_BOUND('',#1594,.T.);
#979=FACE_OUTER_BOUND('',#1595,.T.);
#980=FACE_OUTER_BOUND('',#1596,.T.);
#981=FACE_OUTER_BOUND('',#1597,.T.);
#982=FACE_OUTER_BOUND('',#1598,.T.);
#983=FACE_OUTER_BOUND('',#1599,.T.);
#984=FACE_OUTER_BOUND('',#1600,.T.);
#985=FACE_OUTER_BOUND('',#1601,.T.);
#986=FACE_OUTER_BOUND('',#1602,.T.);
#987=FACE_OUTER_BOUND('',#1603,.T.);
#988=FACE_OUTER_BOUND('',#1604,.T.);
#989=FACE_OUTER_BOUND('',#1605,.T.);
#990=FACE_OUTER_BOUND('',#1606,.T.);
#991=FACE_OUTER_BOUND('',#1607,.T.);
#992=FACE_OUTER_BOUND('',#1608,.T.);
#993=FACE_OUTER_BOUND('',#1609,.T.);
#994=FACE_OUTER_BOUND('',#1610,.T.);
#995=FACE_OUTER_BOUND('',#1611,.T.);
#996=FACE_OUTER_BOUND('',#1612,.T.);
#997=FACE_OUTER_BOUND('',#1613,.T.);
#998=FACE_OUTER_BOUND('',#1614,.T.);
#999=FACE_OUTER_BOUND('',#1615,.T.);
#1000=FACE_OUTER_BOUND('',#1616,.T.);
#1001=FACE_OUTER_BOUND('',#1617,.T.);
#1002=FACE_OUTER_BOUND('',#1618,.T.);
#1003=FACE_OUTER_BOUND('',#1619,.T.);
#1004=FACE_OUTER_BOUND('',#1620,.T.);
#1005=FACE_OUTER_BOUND('',#1621,.T.);
#1006=FACE_OUTER_BOUND('',#1622,.T.);
#1007=FACE_OUTER_BOUND('',#1623,.T.);
#1008=FACE_OUTER_BOUND('',#1624,.T.);
#1009=FACE_OUTER_BOUND('',#1625,.T.);
#1010=FACE_OUTER_BOUND('',#1626,.T.);
#1011=FACE_OUTER_BOUND('',#1627,.T.);
#1012=FACE_OUTER_BOUND('',#1628,.T.);
#1013=FACE_OUTER_BOUND('',#1629,.T.);
#1014=FACE_OUTER_BOUND('',#1630,.T.);
#1015=FACE_OUTER_BOUND('',#1631,.T.);
#1016=FACE_OUTER_BOUND('',#1632,.T.);
#1017=FACE_OUTER_BOUND('',#1633,.T.);
#1018=FACE_OUTER_BOUND('',#1634,.T.);
#1019=FACE_OUTER_BOUND('',#1635,.T.);
#1020=FACE_OUTER_BOUND('',#1636,.T.);
#1021=FACE_OUTER_BOUND('',#1637,.T.);
#1022=FACE_OUTER_BOUND('',#1638,.T.);
#1023=FACE_OUTER_BOUND('',#1639,.T.);
#1024=FACE_OUTER_BOUND('',#1640,.T.);
#1025=FACE_OUTER_BOUND('',#1641,.T.);
#1026=FACE_OUTER_BOUND('',#1642,.T.);
#1027=FACE_OUTER_BOUND('',#1643,.T.);
#1028=FACE_OUTER_BOUND('',#1644,.T.);
#1029=FACE_OUTER_BOUND('',#1645,.T.);
#1030=FACE_OUTER_BOUND('',#1646,.T.);
#1031=FACE_OUTER_BOUND('',#1647,.T.);
#1032=FACE_OUTER_BOUND('',#1648,.T.);
#1033=FACE_OUTER_BOUND('',#1649,.T.);
#1034=FACE_OUTER_BOUND('',#1650,.T.);
#1035=FACE_OUTER_BOUND('',#1651,.T.);
#1036=FACE_OUTER_BOUND('',#1652,.T.);
#1037=FACE_OUTER_BOUND('',#1653,.T.);
#1038=FACE_OUTER_BOUND('',#1654,.T.);
#1039=FACE_OUTER_BOUND('',#1655,.T.);
#1040=FACE_OUTER_BOUND('',#1656,.T.);
#1041=FACE_OUTER_BOUND('',#1657,.T.);
#1042=FACE_OUTER_BOUND('',#1658,.T.);
#1043=FACE_OUTER_BOUND('',#1659,.T.);
#1044=FACE_OUTER_BOUND('',#1660,.T.);
#1045=FACE_OUTER_BOUND('',#1661,.T.);
#1046=FACE_OUTER_BOUND('',#1662,.T.);
#1047=FACE_OUTER_BOUND('',#1663,.T.);
#1048=FACE_OUTER_BOUND('',#1664,.T.);
#1049=FACE_OUTER_BOUND('',#1665,.T.);
#1050=FACE_OUTER_BOUND('',#1666,.T.);
#1051=FACE_OUTER_BOUND('',#1667,.T.);
#1052=FACE_OUTER_BOUND('',#1668,.T.);
#1053=FACE_OUTER_BOUND('',#1669,.T.);
#1054=FACE_OUTER_BOUND('',#1670,.T.);
#1055=FACE_OUTER_BOUND('',#1671,.T.);
#1056=FACE_OUTER_BOUND('',#1672,.T.);
#1057=FACE_OUTER_BOUND('',#1673,.T.);
#1058=FACE_OUTER_BOUND('',#1674,.T.);
#1059=FACE_OUTER_BOUND('',#1675,.T.);
#1060=FACE_OUTER_BOUND('',#1676,.T.);
#1061=EDGE_LOOP('',(#6457,#6458,#6459,#6460));
#1062=EDGE_LOOP('',(#6461,#6462,#6463,#6464));
#1063=EDGE_LOOP('',(#6465,#6466,#6467,#6468,#6469));
#1064=EDGE_LOOP('',(#6470,#6471,#6472,#6473));
#1065=EDGE_LOOP('',(#6474,#6475,#6476,#6477));
#1066=EDGE_LOOP('',(#6478,#6479,#6480,#6481));
#1067=EDGE_LOOP('',(#6482,#6483,#6484,#6485,#6486));
#1068=EDGE_LOOP('',(#6487,#6488,#6489,#6490));
#1069=EDGE_LOOP('',(#6491,#6492,#6493,#6494));
#1070=EDGE_LOOP('',(#6495,#6496,#6497,#6498,#6499,#6500,#6501,#6502,#6503,
#6504,#6505,#6506,#6507,#6508,#6509,#6510));
#1071=EDGE_LOOP('',(#6511));
#1072=EDGE_LOOP('',(#6512));
#1073=EDGE_LOOP('',(#6513));
#1074=EDGE_LOOP('',(#6514));
#1075=EDGE_LOOP('',(#6515,#6516,#6517,#6518));
#1076=EDGE_LOOP('',(#6519,#6520,#6521,#6522));
#1077=EDGE_LOOP('',(#6523,#6524,#6525,#6526));
#1078=EDGE_LOOP('',(#6527,#6528,#6529,#6530));
#1079=EDGE_LOOP('',(#6531,#6532,#6533,#6534));
#1080=EDGE_LOOP('',(#6535,#6536,#6537,#6538));
#1081=EDGE_LOOP('',(#6539,#6540,#6541,#6542));
#1082=EDGE_LOOP('',(#6543,#6544,#6545,#6546));
#1083=EDGE_LOOP('',(#6547,#6548,#6549,#6550));
#1084=EDGE_LOOP('',(#6551,#6552,#6553,#6554));
#1085=EDGE_LOOP('',(#6555,#6556,#6557,#6558));
#1086=EDGE_LOOP('',(#6559,#6560,#6561,#6562));
#1087=EDGE_LOOP('',(#6563,#6564,#6565,#6566));
#1088=EDGE_LOOP('',(#6567,#6568,#6569,#6570));
#1089=EDGE_LOOP('',(#6571,#6572,#6573,#6574));
#1090=EDGE_LOOP('',(#6575,#6576,#6577,#6578));
#1091=EDGE_LOOP('',(#6579,#6580,#6581,#6582));
#1092=EDGE_LOOP('',(#6583,#6584,#6585,#6586));
#1093=EDGE_LOOP('',(#6587,#6588,#6589,#6590));
#1094=EDGE_LOOP('',(#6591,#6592,#6593,#6594));
#1095=EDGE_LOOP('',(#6595,#6596,#6597,#6598));
#1096=EDGE_LOOP('',(#6599,#6600,#6601,#6602));
#1097=EDGE_LOOP('',(#6603,#6604,#6605,#6606));
#1098=EDGE_LOOP('',(#6607,#6608,#6609,#6610));
#1099=EDGE_LOOP('',(#6611,#6612,#6613,#6614));
#1100=EDGE_LOOP('',(#6615,#6616,#6617,#6618));
#1101=EDGE_LOOP('',(#6619,#6620,#6621,#6622));
#1102=EDGE_LOOP('',(#6623,#6624,#6625,#6626));
#1103=EDGE_LOOP('',(#6627,#6628,#6629,#6630));
#1104=EDGE_LOOP('',(#6631,#6632,#6633,#6634));
#1105=EDGE_LOOP('',(#6635,#6636,#6637,#6638));
#1106=EDGE_LOOP('',(#6639,#6640,#6641,#6642));
#1107=EDGE_LOOP('',(#6643,#6644,#6645,#6646));
#1108=EDGE_LOOP('',(#6647,#6648,#6649,#6650));
#1109=EDGE_LOOP('',(#6651,#6652,#6653,#6654));
#1110=EDGE_LOOP('',(#6655,#6656,#6657,#6658));
#1111=EDGE_LOOP('',(#6659,#6660,#6661,#6662));
#1112=EDGE_LOOP('',(#6663,#6664,#6665,#6666));
#1113=EDGE_LOOP('',(#6667,#6668,#6669,#6670));
#1114=EDGE_LOOP('',(#6671,#6672,#6673,#6674));
#1115=EDGE_LOOP('',(#6675,#6676,#6677,#6678));
#1116=EDGE_LOOP('',(#6679,#6680,#6681,#6682));
#1117=EDGE_LOOP('',(#6683,#6684,#6685,#6686));
#1118=EDGE_LOOP('',(#6687,#6688,#6689,#6690));
#1119=EDGE_LOOP('',(#6691,#6692,#6693,#6694));
#1120=EDGE_LOOP('',(#6695,#6696,#6697,#6698));
#1121=EDGE_LOOP('',(#6699,#6700,#6701,#6702));
#1122=EDGE_LOOP('',(#6703,#6704,#6705,#6706));
#1123=EDGE_LOOP('',(#6707,#6708,#6709,#6710));
#1124=EDGE_LOOP('',(#6711,#6712,#6713,#6714));
#1125=EDGE_LOOP('',(#6715,#6716,#6717,#6718));
#1126=EDGE_LOOP('',(#6719,#6720,#6721,#6722));
#1127=EDGE_LOOP('',(#6723,#6724,#6725,#6726));
#1128=EDGE_LOOP('',(#6727,#6728,#6729,#6730));
#1129=EDGE_LOOP('',(#6731,#6732,#6733,#6734));
#1130=EDGE_LOOP('',(#6735,#6736,#6737,#6738));
#1131=EDGE_LOOP('',(#6739,#6740,#6741,#6742));
#1132=EDGE_LOOP('',(#6743,#6744,#6745,#6746));
#1133=EDGE_LOOP('',(#6747,#6748,#6749,#6750));
#1134=EDGE_LOOP('',(#6751,#6752,#6753,#6754));
#1135=EDGE_LOOP('',(#6755,#6756,#6757,#6758));
#1136=EDGE_LOOP('',(#6759,#6760,#6761,#6762,#6763,#6764,#6765,#6766,#6767,
#6768,#6769,#6770,#6771,#6772,#6773,#6774,#6775,#6776,#6777,#6778,#6779,
#6780,#6781,#6782,#6783,#6784,#6785,#6786,#6787,#6788,#6789,#6790,#6791,
#6792,#6793,#6794,#6795,#6796,#6797,#6798,#6799,#6800,#6801,#6802));
#1137=EDGE_LOOP('',(#6803,#6804,#6805,#6806));
#1138=EDGE_LOOP('',(#6807,#6808,#6809,#6810));
#1139=EDGE_LOOP('',(#6811,#6812,#6813,#6814));
#1140=EDGE_LOOP('',(#6815,#6816,#6817,#6818));
#1141=EDGE_LOOP('',(#6819,#6820,#6821,#6822));
#1142=EDGE_LOOP('',(#6823,#6824,#6825,#6826));
#1143=EDGE_LOOP('',(#6827,#6828,#6829,#6830));
#1144=EDGE_LOOP('',(#6831,#6832,#6833,#6834));
#1145=EDGE_LOOP('',(#6835,#6836,#6837,#6838));
#1146=EDGE_LOOP('',(#6839,#6840,#6841,#6842));
#1147=EDGE_LOOP('',(#6843,#6844,#6845,#6846));
#1148=EDGE_LOOP('',(#6847,#6848,#6849,#6850));
#1149=EDGE_LOOP('',(#6851,#6852,#6853,#6854));
#1150=EDGE_LOOP('',(#6855,#6856,#6857,#6858));
#1151=EDGE_LOOP('',(#6859,#6860,#6861,#6862));
#1152=EDGE_LOOP('',(#6863,#6864,#6865,#6866));
#1153=EDGE_LOOP('',(#6867,#6868,#6869,#6870));
#1154=EDGE_LOOP('',(#6871,#6872,#6873,#6874));
#1155=EDGE_LOOP('',(#6875,#6876,#6877,#6878));
#1156=EDGE_LOOP('',(#6879,#6880,#6881,#6882));
#1157=EDGE_LOOP('',(#6883,#6884,#6885,#6886,#6887,#6888,#6889,#6890,#6891,
#6892,#6893,#6894,#6895,#6896,#6897,#6898,#6899,#6900,#6901,#6902,#6903,
#6904,#6905,#6906,#6907,#6908,#6909,#6910,#6911,#6912,#6913,#6914,#6915,
#6916,#6917,#6918,#6919,#6920,#6921,#6922,#6923,#6924,#6925,#6926));
#1158=EDGE_LOOP('',(#6927));
#1159=EDGE_LOOP('',(#6928));
#1160=EDGE_LOOP('',(#6929,#6930,#6931,#6932));
#1161=EDGE_LOOP('',(#6933,#6934,#6935,#6936,#6937));
#1162=EDGE_LOOP('',(#6938,#6939,#6940,#6941));
#1163=EDGE_LOOP('',(#6942,#6943,#6944,#6945));
#1164=EDGE_LOOP('',(#6946,#6947,#6948,#6949));
#1165=EDGE_LOOP('',(#6950,#6951,#6952,#6953));
#1166=EDGE_LOOP('',(#6954,#6955,#6956,#6957,#6958,#6959,#6960,#6961,#6962,
#6963,#6964,#6965,#6966,#6967,#6968,#6969));
#1167=EDGE_LOOP('',(#6970));
#1168=EDGE_LOOP('',(#6971));
#1169=EDGE_LOOP('',(#6972));
#1170=EDGE_LOOP('',(#6973));
#1171=EDGE_LOOP('',(#6974,#6975,#6976,#6977));
#1172=EDGE_LOOP('',(#6978,#6979,#6980,#6981));
#1173=EDGE_LOOP('',(#6982,#6983,#6984,#6985));
#1174=EDGE_LOOP('',(#6986,#6987,#6988,#6989));
#1175=EDGE_LOOP('',(#6990,#6991,#6992,#6993));
#1176=EDGE_LOOP('',(#6994,#6995,#6996,#6997));
#1177=EDGE_LOOP('',(#6998,#6999,#7000,#7001));
#1178=EDGE_LOOP('',(#7002,#7003,#7004,#7005));
#1179=EDGE_LOOP('',(#7006,#7007,#7008,#7009));
#1180=EDGE_LOOP('',(#7010,#7011,#7012,#7013));
#1181=EDGE_LOOP('',(#7014,#7015,#7016,#7017));
#1182=EDGE_LOOP('',(#7018,#7019,#7020,#7021));
#1183=EDGE_LOOP('',(#7022,#7023,#7024,#7025));
#1184=EDGE_LOOP('',(#7026,#7027,#7028,#7029));
#1185=EDGE_LOOP('',(#7030,#7031,#7032,#7033));
#1186=EDGE_LOOP('',(#7034,#7035,#7036,#7037));
#1187=EDGE_LOOP('',(#7038,#7039,#7040,#7041));
#1188=EDGE_LOOP('',(#7042,#7043,#7044,#7045));
#1189=EDGE_LOOP('',(#7046,#7047,#7048,#7049));
#1190=EDGE_LOOP('',(#7050,#7051,#7052,#7053));
#1191=EDGE_LOOP('',(#7054,#7055,#7056,#7057));
#1192=EDGE_LOOP('',(#7058,#7059,#7060,#7061));
#1193=EDGE_LOOP('',(#7062,#7063,#7064,#7065));
#1194=EDGE_LOOP('',(#7066,#7067,#7068,#7069));
#1195=EDGE_LOOP('',(#7070,#7071,#7072,#7073));
#1196=EDGE_LOOP('',(#7074,#7075,#7076,#7077));
#1197=EDGE_LOOP('',(#7078,#7079,#7080,#7081));
#1198=EDGE_LOOP('',(#7082,#7083,#7084,#7085));
#1199=EDGE_LOOP('',(#7086,#7087,#7088,#7089));
#1200=EDGE_LOOP('',(#7090,#7091,#7092,#7093));
#1201=EDGE_LOOP('',(#7094,#7095,#7096,#7097));
#1202=EDGE_LOOP('',(#7098,#7099,#7100,#7101));
#1203=EDGE_LOOP('',(#7102,#7103,#7104,#7105));
#1204=EDGE_LOOP('',(#7106,#7107,#7108,#7109));
#1205=EDGE_LOOP('',(#7110,#7111,#7112,#7113));
#1206=EDGE_LOOP('',(#7114,#7115,#7116,#7117));
#1207=EDGE_LOOP('',(#7118,#7119,#7120,#7121));
#1208=EDGE_LOOP('',(#7122,#7123,#7124,#7125));
#1209=EDGE_LOOP('',(#7126,#7127,#7128,#7129));
#1210=EDGE_LOOP('',(#7130,#7131,#7132,#7133));
#1211=EDGE_LOOP('',(#7134,#7135,#7136,#7137));
#1212=EDGE_LOOP('',(#7138,#7139,#7140,#7141));
#1213=EDGE_LOOP('',(#7142,#7143,#7144,#7145));
#1214=EDGE_LOOP('',(#7146,#7147,#7148,#7149));
#1215=EDGE_LOOP('',(#7150,#7151,#7152,#7153));
#1216=EDGE_LOOP('',(#7154,#7155,#7156,#7157));
#1217=EDGE_LOOP('',(#7158,#7159,#7160,#7161));
#1218=EDGE_LOOP('',(#7162,#7163,#7164,#7165));
#1219=EDGE_LOOP('',(#7166,#7167,#7168,#7169));
#1220=EDGE_LOOP('',(#7170,#7171,#7172,#7173));
#1221=EDGE_LOOP('',(#7174,#7175,#7176,#7177));
#1222=EDGE_LOOP('',(#7178,#7179,#7180,#7181));
#1223=EDGE_LOOP('',(#7182,#7183,#7184,#7185));
#1224=EDGE_LOOP('',(#7186,#7187,#7188,#7189));
#1225=EDGE_LOOP('',(#7190,#7191,#7192,#7193));
#1226=EDGE_LOOP('',(#7194,#7195,#7196,#7197));
#1227=EDGE_LOOP('',(#7198,#7199,#7200,#7201));
#1228=EDGE_LOOP('',(#7202,#7203,#7204,#7205));
#1229=EDGE_LOOP('',(#7206,#7207,#7208,#7209));
#1230=EDGE_LOOP('',(#7210,#7211,#7212,#7213));
#1231=EDGE_LOOP('',(#7214,#7215,#7216,#7217));
#1232=EDGE_LOOP('',(#7218,#7219,#7220,#7221,#7222,#7223,#7224,#7225,#7226,
#7227,#7228,#7229,#7230,#7231,#7232,#7233,#7234,#7235,#7236,#7237,#7238,
#7239,#7240,#7241,#7242,#7243,#7244,#7245,#7246,#7247,#7248,#7249,#7250,
#7251,#7252,#7253,#7254,#7255,#7256,#7257,#7258,#7259,#7260,#7261));
#1233=EDGE_LOOP('',(#7262,#7263,#7264,#7265));
#1234=EDGE_LOOP('',(#7266,#7267,#7268,#7269));
#1235=EDGE_LOOP('',(#7270,#7271,#7272,#7273));
#1236=EDGE_LOOP('',(#7274,#7275,#7276,#7277));
#1237=EDGE_LOOP('',(#7278,#7279,#7280,#7281));
#1238=EDGE_LOOP('',(#7282,#7283,#7284,#7285));
#1239=EDGE_LOOP('',(#7286,#7287,#7288,#7289));
#1240=EDGE_LOOP('',(#7290,#7291,#7292,#7293));
#1241=EDGE_LOOP('',(#7294,#7295,#7296,#7297));
#1242=EDGE_LOOP('',(#7298,#7299,#7300,#7301));
#1243=EDGE_LOOP('',(#7302,#7303,#7304,#7305));
#1244=EDGE_LOOP('',(#7306,#7307,#7308,#7309));
#1245=EDGE_LOOP('',(#7310,#7311,#7312,#7313));
#1246=EDGE_LOOP('',(#7314,#7315,#7316,#7317));
#1247=EDGE_LOOP('',(#7318,#7319,#7320,#7321));
#1248=EDGE_LOOP('',(#7322,#7323,#7324,#7325));
#1249=EDGE_LOOP('',(#7326,#7327,#7328,#7329));
#1250=EDGE_LOOP('',(#7330,#7331,#7332,#7333));
#1251=EDGE_LOOP('',(#7334,#7335,#7336,#7337));
#1252=EDGE_LOOP('',(#7338,#7339,#7340,#7341));
#1253=EDGE_LOOP('',(#7342,#7343,#7344,#7345,#7346,#7347,#7348,#7349,#7350,
#7351,#7352,#7353,#7354,#7355,#7356,#7357,#7358,#7359,#7360,#7361,#7362,
#7363,#7364,#7365,#7366,#7367,#7368,#7369,#7370,#7371,#7372,#7373,#7374,
#7375,#7376,#7377,#7378,#7379,#7380,#7381,#7382,#7383,#7384,#7385));
#1254=EDGE_LOOP('',(#7386));
#1255=EDGE_LOOP('',(#7387));
#1256=EDGE_LOOP('',(#7388,#7389,#7390,#7391,#7392));
#1257=EDGE_LOOP('',(#7393,#7394,#7395,#7396));
#1258=EDGE_LOOP('',(#7397,#7398,#7399,#7400));
#1259=EDGE_LOOP('',(#7401,#7402,#7403,#7404));
#1260=EDGE_LOOP('',(#7405,#7406,#7407,#7408));
#1261=EDGE_LOOP('',(#7409,#7410,#7411,#7412));
#1262=EDGE_LOOP('',(#7413,#7414,#7415,#7416));
#1263=EDGE_LOOP('',(#7417,#7418,#7419,#7420));
#1264=EDGE_LOOP('',(#7421,#7422,#7423,#7424));
#1265=EDGE_LOOP('',(#7425,#7426,#7427,#7428));
#1266=EDGE_LOOP('',(#7429,#7430,#7431,#7432));
#1267=EDGE_LOOP('',(#7433,#7434,#7435,#7436));
#1268=EDGE_LOOP('',(#7437,#7438,#7439,#7440));
#1269=EDGE_LOOP('',(#7441,#7442,#7443,#7444));
#1270=EDGE_LOOP('',(#7445,#7446,#7447,#7448));
#1271=EDGE_LOOP('',(#7449,#7450,#7451,#7452));
#1272=EDGE_LOOP('',(#7453,#7454,#7455,#7456));
#1273=EDGE_LOOP('',(#7457,#7458,#7459,#7460));
#1274=EDGE_LOOP('',(#7461,#7462,#7463,#7464));
#1275=EDGE_LOOP('',(#7465,#7466,#7467,#7468));
#1276=EDGE_LOOP('',(#7469,#7470,#7471,#7472));
#1277=EDGE_LOOP('',(#7473,#7474,#7475,#7476));
#1278=EDGE_LOOP('',(#7477,#7478,#7479,#7480));
#1279=EDGE_LOOP('',(#7481,#7482,#7483,#7484));
#1280=EDGE_LOOP('',(#7485,#7486,#7487,#7488));
#1281=EDGE_LOOP('',(#7489,#7490,#7491,#7492));
#1282=EDGE_LOOP('',(#7493,#7494,#7495,#7496));
#1283=EDGE_LOOP('',(#7497,#7498,#7499,#7500));
#1284=EDGE_LOOP('',(#7501,#7502,#7503,#7504));
#1285=EDGE_LOOP('',(#7505,#7506,#7507,#7508));
#1286=EDGE_LOOP('',(#7509,#7510,#7511,#7512));
#1287=EDGE_LOOP('',(#7513,#7514,#7515,#7516));
#1288=EDGE_LOOP('',(#7517,#7518,#7519,#7520));
#1289=EDGE_LOOP('',(#7521,#7522,#7523,#7524));
#1290=EDGE_LOOP('',(#7525,#7526,#7527,#7528));
#1291=EDGE_LOOP('',(#7529,#7530,#7531,#7532));
#1292=EDGE_LOOP('',(#7533,#7534,#7535,#7536));
#1293=EDGE_LOOP('',(#7537,#7538,#7539,#7540));
#1294=EDGE_LOOP('',(#7541,#7542,#7543,#7544));
#1295=EDGE_LOOP('',(#7545,#7546,#7547,#7548));
#1296=EDGE_LOOP('',(#7549,#7550,#7551,#7552));
#1297=EDGE_LOOP('',(#7553,#7554,#7555,#7556));
#1298=EDGE_LOOP('',(#7557,#7558,#7559,#7560));
#1299=EDGE_LOOP('',(#7561,#7562,#7563,#7564));
#1300=EDGE_LOOP('',(#7565,#7566,#7567,#7568));
#1301=EDGE_LOOP('',(#7569,#7570,#7571,#7572));
#1302=EDGE_LOOP('',(#7573,#7574,#7575,#7576));
#1303=EDGE_LOOP('',(#7577,#7578,#7579,#7580));
#1304=EDGE_LOOP('',(#7581,#7582,#7583,#7584));
#1305=EDGE_LOOP('',(#7585,#7586,#7587,#7588));
#1306=EDGE_LOOP('',(#7589,#7590,#7591,#7592));
#1307=EDGE_LOOP('',(#7593,#7594,#7595,#7596));
#1308=EDGE_LOOP('',(#7597,#7598,#7599,#7600));
#1309=EDGE_LOOP('',(#7601,#7602,#7603,#7604));
#1310=EDGE_LOOP('',(#7605,#7606,#7607,#7608));
#1311=EDGE_LOOP('',(#7609,#7610,#7611,#7612));
#1312=EDGE_LOOP('',(#7613,#7614,#7615,#7616));
#1313=EDGE_LOOP('',(#7617,#7618,#7619,#7620));
#1314=EDGE_LOOP('',(#7621,#7622,#7623,#7624));
#1315=EDGE_LOOP('',(#7625,#7626,#7627,#7628));
#1316=EDGE_LOOP('',(#7629,#7630,#7631,#7632));
#1317=EDGE_LOOP('',(#7633,#7634,#7635,#7636));
#1318=EDGE_LOOP('',(#7637,#7638,#7639,#7640));
#1319=EDGE_LOOP('',(#7641,#7642,#7643,#7644));
#1320=EDGE_LOOP('',(#7645,#7646,#7647,#7648));
#1321=EDGE_LOOP('',(#7649,#7650,#7651,#7652));
#1322=EDGE_LOOP('',(#7653,#7654,#7655,#7656));
#1323=EDGE_LOOP('',(#7657,#7658,#7659,#7660));
#1324=EDGE_LOOP('',(#7661,#7662,#7663,#7664));
#1325=EDGE_LOOP('',(#7665,#7666,#7667,#7668));
#1326=EDGE_LOOP('',(#7669,#7670,#7671,#7672));
#1327=EDGE_LOOP('',(#7673,#7674,#7675,#7676));
#1328=EDGE_LOOP('',(#7677,#7678,#7679,#7680));
#1329=EDGE_LOOP('',(#7681,#7682,#7683,#7684));
#1330=EDGE_LOOP('',(#7685,#7686,#7687,#7688));
#1331=EDGE_LOOP('',(#7689,#7690,#7691,#7692));
#1332=EDGE_LOOP('',(#7693,#7694,#7695,#7696));
#1333=EDGE_LOOP('',(#7697,#7698,#7699,#7700));
#1334=EDGE_LOOP('',(#7701,#7702,#7703,#7704));
#1335=EDGE_LOOP('',(#7705,#7706,#7707,#7708));
#1336=EDGE_LOOP('',(#7709,#7710,#7711,#7712));
#1337=EDGE_LOOP('',(#7713,#7714,#7715,#7716));
#1338=EDGE_LOOP('',(#7717,#7718,#7719,#7720));
#1339=EDGE_LOOP('',(#7721,#7722,#7723,#7724));
#1340=EDGE_LOOP('',(#7725,#7726,#7727,#7728));
#1341=EDGE_LOOP('',(#7729,#7730,#7731,#7732));
#1342=EDGE_LOOP('',(#7733,#7734,#7735,#7736));
#1343=EDGE_LOOP('',(#7737,#7738,#7739,#7740));
#1344=EDGE_LOOP('',(#7741,#7742,#7743,#7744));
#1345=EDGE_LOOP('',(#7745,#7746,#7747,#7748));
#1346=EDGE_LOOP('',(#7749,#7750,#7751,#7752));
#1347=EDGE_LOOP('',(#7753,#7754,#7755,#7756));
#1348=EDGE_LOOP('',(#7757,#7758,#7759,#7760));
#1349=EDGE_LOOP('',(#7761,#7762,#7763,#7764));
#1350=EDGE_LOOP('',(#7765,#7766,#7767,#7768));
#1351=EDGE_LOOP('',(#7769,#7770,#7771,#7772));
#1352=EDGE_LOOP('',(#7773,#7774,#7775,#7776));
#1353=EDGE_LOOP('',(#7777,#7778,#7779,#7780));
#1354=EDGE_LOOP('',(#7781,#7782,#7783,#7784));
#1355=EDGE_LOOP('',(#7785,#7786,#7787,#7788));
#1356=EDGE_LOOP('',(#7789,#7790,#7791,#7792));
#1357=EDGE_LOOP('',(#7793,#7794,#7795,#7796));
#1358=EDGE_LOOP('',(#7797,#7798,#7799,#7800));
#1359=EDGE_LOOP('',(#7801,#7802,#7803,#7804));
#1360=EDGE_LOOP('',(#7805,#7806,#7807,#7808));
#1361=EDGE_LOOP('',(#7809,#7810,#7811,#7812));
#1362=EDGE_LOOP('',(#7813,#7814,#7815,#7816));
#1363=EDGE_LOOP('',(#7817,#7818,#7819,#7820));
#1364=EDGE_LOOP('',(#7821,#7822,#7823,#7824));
#1365=EDGE_LOOP('',(#7825,#7826,#7827,#7828));
#1366=EDGE_LOOP('',(#7829,#7830,#7831,#7832));
#1367=EDGE_LOOP('',(#7833,#7834,#7835,#7836));
#1368=EDGE_LOOP('',(#7837,#7838,#7839,#7840));
#1369=EDGE_LOOP('',(#7841,#7842,#7843,#7844));
#1370=EDGE_LOOP('',(#7845,#7846,#7847,#7848));
#1371=EDGE_LOOP('',(#7849,#7850,#7851,#7852));
#1372=EDGE_LOOP('',(#7853,#7854,#7855,#7856));
#1373=EDGE_LOOP('',(#7857,#7858,#7859,#7860));
#1374=EDGE_LOOP('',(#7861,#7862,#7863,#7864));
#1375=EDGE_LOOP('',(#7865,#7866,#7867,#7868));
#1376=EDGE_LOOP('',(#7869,#7870,#7871,#7872));
#1377=EDGE_LOOP('',(#7873,#7874,#7875,#7876));
#1378=EDGE_LOOP('',(#7877,#7878,#7879,#7880));
#1379=EDGE_LOOP('',(#7881,#7882,#7883,#7884));
#1380=EDGE_LOOP('',(#7885,#7886,#7887,#7888));
#1381=EDGE_LOOP('',(#7889,#7890,#7891,#7892));
#1382=EDGE_LOOP('',(#7893,#7894,#7895,#7896));
#1383=EDGE_LOOP('',(#7897,#7898,#7899,#7900));
#1384=EDGE_LOOP('',(#7901,#7902,#7903,#7904));
#1385=EDGE_LOOP('',(#7905,#7906,#7907,#7908));
#1386=EDGE_LOOP('',(#7909,#7910,#7911,#7912));
#1387=EDGE_LOOP('',(#7913,#7914,#7915,#7916));
#1388=EDGE_LOOP('',(#7917,#7918,#7919,#7920));
#1389=EDGE_LOOP('',(#7921,#7922,#7923,#7924));
#1390=EDGE_LOOP('',(#7925,#7926,#7927,#7928));
#1391=EDGE_LOOP('',(#7929,#7930,#7931,#7932));
#1392=EDGE_LOOP('',(#7933,#7934,#7935,#7936));
#1393=EDGE_LOOP('',(#7937,#7938,#7939,#7940));
#1394=EDGE_LOOP('',(#7941,#7942,#7943,#7944));
#1395=EDGE_LOOP('',(#7945,#7946,#7947,#7948));
#1396=EDGE_LOOP('',(#7949,#7950,#7951,#7952));
#1397=EDGE_LOOP('',(#7953,#7954,#7955,#7956));
#1398=EDGE_LOOP('',(#7957,#7958,#7959,#7960));
#1399=EDGE_LOOP('',(#7961,#7962,#7963,#7964));
#1400=EDGE_LOOP('',(#7965,#7966,#7967,#7968));
#1401=EDGE_LOOP('',(#7969,#7970,#7971,#7972));
#1402=EDGE_LOOP('',(#7973,#7974,#7975,#7976));
#1403=EDGE_LOOP('',(#7977,#7978,#7979,#7980));
#1404=EDGE_LOOP('',(#7981,#7982,#7983,#7984));
#1405=EDGE_LOOP('',(#7985,#7986,#7987,#7988));
#1406=EDGE_LOOP('',(#7989,#7990,#7991,#7992));
#1407=EDGE_LOOP('',(#7993,#7994,#7995,#7996));
#1408=EDGE_LOOP('',(#7997,#7998,#7999,#8000));
#1409=EDGE_LOOP('',(#8001,#8002,#8003,#8004));
#1410=EDGE_LOOP('',(#8005,#8006,#8007,#8008));
#1411=EDGE_LOOP('',(#8009,#8010,#8011,#8012));
#1412=EDGE_LOOP('',(#8013,#8014,#8015,#8016));
#1413=EDGE_LOOP('',(#8017,#8018,#8019,#8020));
#1414=EDGE_LOOP('',(#8021,#8022,#8023,#8024));
#1415=EDGE_LOOP('',(#8025,#8026,#8027,#8028));
#1416=EDGE_LOOP('',(#8029,#8030,#8031,#8032));
#1417=EDGE_LOOP('',(#8033,#8034,#8035,#8036));
#1418=EDGE_LOOP('',(#8037,#8038,#8039,#8040));
#1419=EDGE_LOOP('',(#8041,#8042,#8043,#8044));
#1420=EDGE_LOOP('',(#8045,#8046,#8047,#8048));
#1421=EDGE_LOOP('',(#8049,#8050,#8051,#8052));
#1422=EDGE_LOOP('',(#8053,#8054,#8055,#8056));
#1423=EDGE_LOOP('',(#8057,#8058,#8059,#8060));
#1424=EDGE_LOOP('',(#8061,#8062,#8063,#8064));
#1425=EDGE_LOOP('',(#8065,#8066,#8067,#8068));
#1426=EDGE_LOOP('',(#8069,#8070,#8071,#8072));
#1427=EDGE_LOOP('',(#8073,#8074,#8075,#8076));
#1428=EDGE_LOOP('',(#8077,#8078,#8079,#8080));
#1429=EDGE_LOOP('',(#8081,#8082,#8083,#8084));
#1430=EDGE_LOOP('',(#8085,#8086,#8087,#8088));
#1431=EDGE_LOOP('',(#8089,#8090,#8091,#8092));
#1432=EDGE_LOOP('',(#8093,#8094,#8095,#8096));
#1433=EDGE_LOOP('',(#8097,#8098,#8099,#8100));
#1434=EDGE_LOOP('',(#8101,#8102,#8103,#8104));
#1435=EDGE_LOOP('',(#8105,#8106,#8107,#8108));
#1436=EDGE_LOOP('',(#8109,#8110,#8111,#8112));
#1437=EDGE_LOOP('',(#8113,#8114,#8115,#8116));
#1438=EDGE_LOOP('',(#8117,#8118,#8119,#8120));
#1439=EDGE_LOOP('',(#8121,#8122,#8123,#8124));
#1440=EDGE_LOOP('',(#8125,#8126,#8127,#8128));
#1441=EDGE_LOOP('',(#8129,#8130,#8131,#8132));
#1442=EDGE_LOOP('',(#8133,#8134,#8135,#8136));
#1443=EDGE_LOOP('',(#8137,#8138,#8139,#8140));
#1444=EDGE_LOOP('',(#8141,#8142,#8143,#8144));
#1445=EDGE_LOOP('',(#8145,#8146,#8147,#8148));
#1446=EDGE_LOOP('',(#8149,#8150,#8151,#8152));
#1447=EDGE_LOOP('',(#8153,#8154,#8155,#8156));
#1448=EDGE_LOOP('',(#8157,#8158,#8159,#8160));
#1449=EDGE_LOOP('',(#8161,#8162,#8163,#8164));
#1450=EDGE_LOOP('',(#8165,#8166,#8167,#8168));
#1451=EDGE_LOOP('',(#8169,#8170,#8171,#8172));
#1452=EDGE_LOOP('',(#8173,#8174,#8175,#8176));
#1453=EDGE_LOOP('',(#8177,#8178,#8179,#8180));
#1454=EDGE_LOOP('',(#8181,#8182,#8183,#8184));
#1455=EDGE_LOOP('',(#8185,#8186,#8187,#8188));
#1456=EDGE_LOOP('',(#8189,#8190,#8191,#8192));
#1457=EDGE_LOOP('',(#8193,#8194,#8195,#8196));
#1458=EDGE_LOOP('',(#8197,#8198,#8199,#8200));
#1459=EDGE_LOOP('',(#8201,#8202,#8203,#8204));
#1460=EDGE_LOOP('',(#8205,#8206,#8207,#8208));
#1461=EDGE_LOOP('',(#8209,#8210,#8211,#8212));
#1462=EDGE_LOOP('',(#8213,#8214,#8215,#8216));
#1463=EDGE_LOOP('',(#8217,#8218,#8219,#8220));
#1464=EDGE_LOOP('',(#8221,#8222,#8223,#8224));
#1465=EDGE_LOOP('',(#8225,#8226,#8227,#8228));
#1466=EDGE_LOOP('',(#8229,#8230,#8231,#8232));
#1467=EDGE_LOOP('',(#8233,#8234,#8235,#8236));
#1468=EDGE_LOOP('',(#8237,#8238,#8239,#8240));
#1469=EDGE_LOOP('',(#8241,#8242,#8243,#8244));
#1470=EDGE_LOOP('',(#8245,#8246,#8247,#8248));
#1471=EDGE_LOOP('',(#8249,#8250,#8251,#8252));
#1472=EDGE_LOOP('',(#8253,#8254,#8255,#8256));
#1473=EDGE_LOOP('',(#8257,#8258,#8259,#8260));
#1474=EDGE_LOOP('',(#8261,#8262,#8263,#8264));
#1475=EDGE_LOOP('',(#8265,#8266,#8267,#8268));
#1476=EDGE_LOOP('',(#8269,#8270,#8271,#8272));
#1477=EDGE_LOOP('',(#8273,#8274,#8275,#8276));
#1478=EDGE_LOOP('',(#8277,#8278,#8279,#8280));
#1479=EDGE_LOOP('',(#8281,#8282,#8283,#8284));
#1480=EDGE_LOOP('',(#8285,#8286,#8287,#8288));
#1481=EDGE_LOOP('',(#8289,#8290,#8291,#8292));
#1482=EDGE_LOOP('',(#8293,#8294,#8295,#8296));
#1483=EDGE_LOOP('',(#8297,#8298,#8299,#8300));
#1484=EDGE_LOOP('',(#8301,#8302,#8303,#8304));
#1485=EDGE_LOOP('',(#8305,#8306,#8307,#8308));
#1486=EDGE_LOOP('',(#8309,#8310,#8311,#8312));
#1487=EDGE_LOOP('',(#8313,#8314,#8315,#8316));
#1488=EDGE_LOOP('',(#8317,#8318,#8319,#8320));
#1489=EDGE_LOOP('',(#8321,#8322,#8323,#8324));
#1490=EDGE_LOOP('',(#8325,#8326,#8327,#8328));
#1491=EDGE_LOOP('',(#8329,#8330,#8331,#8332));
#1492=EDGE_LOOP('',(#8333,#8334,#8335,#8336));
#1493=EDGE_LOOP('',(#8337,#8338,#8339,#8340));
#1494=EDGE_LOOP('',(#8341,#8342,#8343,#8344));
#1495=EDGE_LOOP('',(#8345,#8346,#8347,#8348));
#1496=EDGE_LOOP('',(#8349,#8350,#8351,#8352));
#1497=EDGE_LOOP('',(#8353,#8354,#8355,#8356));
#1498=EDGE_LOOP('',(#8357,#8358,#8359,#8360));
#1499=EDGE_LOOP('',(#8361,#8362,#8363,#8364));
#1500=EDGE_LOOP('',(#8365,#8366,#8367,#8368));
#1501=EDGE_LOOP('',(#8369,#8370,#8371,#8372));
#1502=EDGE_LOOP('',(#8373,#8374,#8375,#8376));
#1503=EDGE_LOOP('',(#8377,#8378,#8379,#8380));
#1504=EDGE_LOOP('',(#8381,#8382,#8383,#8384));
#1505=EDGE_LOOP('',(#8385,#8386,#8387,#8388));
#1506=EDGE_LOOP('',(#8389,#8390,#8391,#8392));
#1507=EDGE_LOOP('',(#8393,#8394,#8395,#8396));
#1508=EDGE_LOOP('',(#8397,#8398,#8399,#8400));
#1509=EDGE_LOOP('',(#8401,#8402,#8403,#8404));
#1510=EDGE_LOOP('',(#8405,#8406,#8407,#8408));
#1511=EDGE_LOOP('',(#8409,#8410,#8411,#8412));
#1512=EDGE_LOOP('',(#8413,#8414,#8415,#8416));
#1513=EDGE_LOOP('',(#8417,#8418,#8419,#8420));
#1514=EDGE_LOOP('',(#8421,#8422,#8423,#8424));
#1515=EDGE_LOOP('',(#8425,#8426,#8427,#8428));
#1516=EDGE_LOOP('',(#8429,#8430,#8431,#8432));
#1517=EDGE_LOOP('',(#8433,#8434,#8435,#8436));
#1518=EDGE_LOOP('',(#8437,#8438,#8439,#8440));
#1519=EDGE_LOOP('',(#8441,#8442,#8443,#8444));
#1520=EDGE_LOOP('',(#8445,#8446,#8447,#8448));
#1521=EDGE_LOOP('',(#8449,#8450,#8451,#8452));
#1522=EDGE_LOOP('',(#8453,#8454,#8455,#8456));
#1523=EDGE_LOOP('',(#8457,#8458,#8459,#8460));
#1524=EDGE_LOOP('',(#8461,#8462,#8463,#8464));
#1525=EDGE_LOOP('',(#8465,#8466,#8467,#8468));
#1526=EDGE_LOOP('',(#8469,#8470,#8471,#8472));
#1527=EDGE_LOOP('',(#8473,#8474,#8475,#8476));
#1528=EDGE_LOOP('',(#8477,#8478,#8479,#8480));
#1529=EDGE_LOOP('',(#8481,#8482,#8483,#8484));
#1530=EDGE_LOOP('',(#8485,#8486,#8487,#8488));
#1531=EDGE_LOOP('',(#8489,#8490,#8491,#8492));
#1532=EDGE_LOOP('',(#8493,#8494,#8495,#8496));
#1533=EDGE_LOOP('',(#8497,#8498,#8499,#8500));
#1534=EDGE_LOOP('',(#8501,#8502,#8503,#8504));
#1535=EDGE_LOOP('',(#8505,#8506,#8507,#8508));
#1536=EDGE_LOOP('',(#8509,#8510,#8511,#8512));
#1537=EDGE_LOOP('',(#8513,#8514,#8515,#8516));
#1538=EDGE_LOOP('',(#8517,#8518,#8519,#8520));
#1539=EDGE_LOOP('',(#8521,#8522,#8523,#8524));
#1540=EDGE_LOOP('',(#8525,#8526,#8527,#8528));
#1541=EDGE_LOOP('',(#8529,#8530,#8531,#8532));
#1542=EDGE_LOOP('',(#8533,#8534,#8535,#8536));
#1543=EDGE_LOOP('',(#8537,#8538,#8539,#8540));
#1544=EDGE_LOOP('',(#8541,#8542,#8543,#8544));
#1545=EDGE_LOOP('',(#8545,#8546,#8547,#8548));
#1546=EDGE_LOOP('',(#8549,#8550,#8551,#8552));
#1547=EDGE_LOOP('',(#8553,#8554,#8555,#8556));
#1548=EDGE_LOOP('',(#8557,#8558,#8559,#8560));
#1549=EDGE_LOOP('',(#8561,#8562,#8563,#8564));
#1550=EDGE_LOOP('',(#8565,#8566,#8567,#8568));
#1551=EDGE_LOOP('',(#8569,#8570,#8571,#8572));
#1552=EDGE_LOOP('',(#8573,#8574,#8575,#8576));
#1553=EDGE_LOOP('',(#8577,#8578,#8579,#8580));
#1554=EDGE_LOOP('',(#8581,#8582,#8583,#8584));
#1555=EDGE_LOOP('',(#8585,#8586,#8587,#8588));
#1556=EDGE_LOOP('',(#8589,#8590,#8591,#8592));
#1557=EDGE_LOOP('',(#8593,#8594,#8595,#8596));
#1558=EDGE_LOOP('',(#8597,#8598,#8599,#8600));
#1559=EDGE_LOOP('',(#8601,#8602,#8603,#8604));
#1560=EDGE_LOOP('',(#8605,#8606,#8607,#8608));
#1561=EDGE_LOOP('',(#8609,#8610,#8611,#8612));
#1562=EDGE_LOOP('',(#8613,#8614,#8615,#8616));
#1563=EDGE_LOOP('',(#8617,#8618,#8619,#8620));
#1564=EDGE_LOOP('',(#8621,#8622,#8623,#8624));
#1565=EDGE_LOOP('',(#8625,#8626,#8627,#8628));
#1566=EDGE_LOOP('',(#8629,#8630,#8631,#8632));
#1567=EDGE_LOOP('',(#8633,#8634,#8635,#8636));
#1568=EDGE_LOOP('',(#8637,#8638,#8639,#8640));
#1569=EDGE_LOOP('',(#8641,#8642,#8643,#8644));
#1570=EDGE_LOOP('',(#8645,#8646,#8647,#8648));
#1571=EDGE_LOOP('',(#8649,#8650,#8651,#8652));
#1572=EDGE_LOOP('',(#8653,#8654,#8655,#8656));
#1573=EDGE_LOOP('',(#8657,#8658,#8659,#8660));
#1574=EDGE_LOOP('',(#8661,#8662,#8663,#8664));
#1575=EDGE_LOOP('',(#8665,#8666,#8667,#8668));
#1576=EDGE_LOOP('',(#8669,#8670,#8671,#8672));
#1577=EDGE_LOOP('',(#8673,#8674,#8675,#8676));
#1578=EDGE_LOOP('',(#8677,#8678,#8679,#8680));
#1579=EDGE_LOOP('',(#8681,#8682,#8683,#8684));
#1580=EDGE_LOOP('',(#8685,#8686,#8687,#8688));
#1581=EDGE_LOOP('',(#8689,#8690,#8691,#8692));
#1582=EDGE_LOOP('',(#8693,#8694,#8695,#8696));
#1583=EDGE_LOOP('',(#8697,#8698,#8699,#8700));
#1584=EDGE_LOOP('',(#8701,#8702,#8703,#8704));
#1585=EDGE_LOOP('',(#8705,#8706,#8707,#8708));
#1586=EDGE_LOOP('',(#8709,#8710,#8711,#8712));
#1587=EDGE_LOOP('',(#8713,#8714,#8715,#8716));
#1588=EDGE_LOOP('',(#8717,#8718,#8719,#8720));
#1589=EDGE_LOOP('',(#8721,#8722,#8723,#8724));
#1590=EDGE_LOOP('',(#8725,#8726,#8727,#8728));
#1591=EDGE_LOOP('',(#8729,#8730,#8731,#8732));
#1592=EDGE_LOOP('',(#8733,#8734,#8735,#8736));
#1593=EDGE_LOOP('',(#8737,#8738,#8739,#8740));
#1594=EDGE_LOOP('',(#8741,#8742,#8743,#8744));
#1595=EDGE_LOOP('',(#8745,#8746,#8747,#8748));
#1596=EDGE_LOOP('',(#8749,#8750,#8751,#8752));
#1597=EDGE_LOOP('',(#8753,#8754,#8755,#8756));
#1598=EDGE_LOOP('',(#8757,#8758,#8759,#8760));
#1599=EDGE_LOOP('',(#8761,#8762,#8763,#8764));
#1600=EDGE_LOOP('',(#8765,#8766,#8767,#8768));
#1601=EDGE_LOOP('',(#8769,#8770,#8771,#8772));
#1602=EDGE_LOOP('',(#8773,#8774,#8775,#8776));
#1603=EDGE_LOOP('',(#8777,#8778,#8779,#8780));
#1604=EDGE_LOOP('',(#8781,#8782,#8783,#8784));
#1605=EDGE_LOOP('',(#8785,#8786,#8787,#8788));
#1606=EDGE_LOOP('',(#8789,#8790,#8791,#8792));
#1607=EDGE_LOOP('',(#8793,#8794,#8795,#8796));
#1608=EDGE_LOOP('',(#8797,#8798,#8799,#8800));
#1609=EDGE_LOOP('',(#8801,#8802,#8803,#8804));
#1610=EDGE_LOOP('',(#8805,#8806,#8807,#8808));
#1611=EDGE_LOOP('',(#8809,#8810,#8811,#8812));
#1612=EDGE_LOOP('',(#8813,#8814,#8815,#8816));
#1613=EDGE_LOOP('',(#8817,#8818,#8819,#8820));
#1614=EDGE_LOOP('',(#8821,#8822,#8823,#8824));
#1615=EDGE_LOOP('',(#8825,#8826,#8827,#8828));
#1616=EDGE_LOOP('',(#8829,#8830,#8831,#8832));
#1617=EDGE_LOOP('',(#8833,#8834,#8835,#8836));
#1618=EDGE_LOOP('',(#8837,#8838,#8839,#8840));
#1619=EDGE_LOOP('',(#8841,#8842,#8843,#8844));
#1620=EDGE_LOOP('',(#8845,#8846,#8847,#8848));
#1621=EDGE_LOOP('',(#8849,#8850,#8851,#8852));
#1622=EDGE_LOOP('',(#8853,#8854,#8855,#8856));
#1623=EDGE_LOOP('',(#8857,#8858,#8859,#8860));
#1624=EDGE_LOOP('',(#8861,#8862,#8863,#8864));
#1625=EDGE_LOOP('',(#8865,#8866,#8867,#8868));
#1626=EDGE_LOOP('',(#8869,#8870,#8871,#8872));
#1627=EDGE_LOOP('',(#8873,#8874,#8875,#8876));
#1628=EDGE_LOOP('',(#8877,#8878,#8879,#8880));
#1629=EDGE_LOOP('',(#8881,#8882,#8883,#8884));
#1630=EDGE_LOOP('',(#8885,#8886,#8887,#8888));
#1631=EDGE_LOOP('',(#8889,#8890,#8891,#8892));
#1632=EDGE_LOOP('',(#8893,#8894,#8895,#8896));
#1633=EDGE_LOOP('',(#8897,#8898,#8899,#8900));
#1634=EDGE_LOOP('',(#8901,#8902,#8903,#8904));
#1635=EDGE_LOOP('',(#8905,#8906,#8907,#8908));
#1636=EDGE_LOOP('',(#8909,#8910,#8911,#8912));
#1637=EDGE_LOOP('',(#8913,#8914,#8915,#8916));
#1638=EDGE_LOOP('',(#8917,#8918,#8919,#8920));
#1639=EDGE_LOOP('',(#8921,#8922,#8923,#8924));
#1640=EDGE_LOOP('',(#8925,#8926,#8927,#8928));
#1641=EDGE_LOOP('',(#8929,#8930,#8931,#8932));
#1642=EDGE_LOOP('',(#8933,#8934,#8935,#8936));
#1643=EDGE_LOOP('',(#8937,#8938,#8939,#8940));
#1644=EDGE_LOOP('',(#8941,#8942,#8943,#8944));
#1645=EDGE_LOOP('',(#8945,#8946,#8947,#8948));
#1646=EDGE_LOOP('',(#8949,#8950,#8951,#8952));
#1647=EDGE_LOOP('',(#8953,#8954,#8955,#8956));
#1648=EDGE_LOOP('',(#8957,#8958,#8959,#8960));
#1649=EDGE_LOOP('',(#8961,#8962,#8963,#8964));
#1650=EDGE_LOOP('',(#8965,#8966,#8967,#8968));
#1651=EDGE_LOOP('',(#8969,#8970,#8971,#8972));
#1652=EDGE_LOOP('',(#8973,#8974,#8975,#8976));
#1653=EDGE_LOOP('',(#8977,#8978,#8979,#8980));
#1654=EDGE_LOOP('',(#8981,#8982,#8983,#8984));
#1655=EDGE_LOOP('',(#8985,#8986,#8987,#8988));
#1656=EDGE_LOOP('',(#8989,#8990,#8991,#8992));
#1657=EDGE_LOOP('',(#8993,#8994,#8995,#8996));
#1658=EDGE_LOOP('',(#8997,#8998,#8999,#9000));
#1659=EDGE_LOOP('',(#9001,#9002,#9003,#9004));
#1660=EDGE_LOOP('',(#9005,#9006,#9007,#9008));
#1661=EDGE_LOOP('',(#9009,#9010,#9011,#9012));
#1662=EDGE_LOOP('',(#9013,#9014,#9015,#9016));
#1663=EDGE_LOOP('',(#9017,#9018,#9019,#9020));
#1664=EDGE_LOOP('',(#9021,#9022,#9023,#9024));
#1665=EDGE_LOOP('',(#9025,#9026,#9027,#9028));
#1666=EDGE_LOOP('',(#9029,#9030,#9031,#9032));
#1667=EDGE_LOOP('',(#9033,#9034,#9035,#9036));
#1668=EDGE_LOOP('',(#9037,#9038,#9039,#9040));
#1669=EDGE_LOOP('',(#9041,#9042,#9043,#9044));
#1670=EDGE_LOOP('',(#9045,#9046,#9047,#9048));
#1671=EDGE_LOOP('',(#9049,#9050,#9051,#9052));
#1672=EDGE_LOOP('',(#9053,#9054,#9055,#9056));
#1673=EDGE_LOOP('',(#9057,#9058,#9059,#9060));
#1674=EDGE_LOOP('',(#9061,#9062,#9063,#9064));
#1675=EDGE_LOOP('',(#9065,#9066,#9067,#9068));
#1676=EDGE_LOOP('',(#9069,#9070,#9071,#9072));
#1677=LINE('',#12195,#2969);
#1678=LINE('',#12198,#2970);
#1679=LINE('',#12201,#2971);
#1680=LINE('',#12203,#2972);
#1681=LINE('',#12204,#2973);
#1682=LINE('',#12207,#2974);
#1683=LINE('',#12209,#2975);
#1684=LINE('',#12210,#2976);
#1685=LINE('',#12213,#2977);
#1686=LINE('',#12215,#2978);
#1687=LINE('',#12216,#2979);
#1688=LINE('',#12220,#2980);
#1689=LINE('',#12222,#2981);
#1690=LINE('',#12224,#2982);
#1691=LINE('',#12225,#2983);
#1692=LINE('',#12231,#2984);
#1693=LINE('',#12235,#2985);
#1694=LINE('',#12236,#2986);
#1695=LINE('',#12237,#2987);
#1696=LINE('',#12241,#2988);
#1697=LINE('',#12243,#2989);
#1698=LINE('',#12245,#2990);
#1699=LINE('',#12246,#2991);
#1700=LINE('',#12249,#2992);
#1701=LINE('',#12251,#2993);
#1702=LINE('',#12252,#2994);
#1703=LINE('',#12255,#2995);
#1704=LINE('',#12257,#2996);
#1705=LINE('',#12259,#2997);
#1706=LINE('',#12261,#2998);
#1707=LINE('',#12262,#2999);
#1708=LINE('',#12264,#3000);
#1709=LINE('',#12265,#3001);
#1710=LINE('',#12267,#3002);
#1711=LINE('',#12268,#3003);
#1712=LINE('',#12279,#3004);
#1713=LINE('',#12281,#3005);
#1714=LINE('',#12283,#3006);
#1715=LINE('',#12284,#3007);
#1716=LINE('',#12287,#3008);
#1717=LINE('',#12289,#3009);
#1718=LINE('',#12291,#3010);
#1719=LINE('',#12292,#3011);
#1720=LINE('',#12295,#3012);
#1721=LINE('',#12297,#3013);
#1722=LINE('',#12299,#3014);
#1723=LINE('',#12300,#3015);
#1724=LINE('',#12303,#3016);
#1725=LINE('',#12305,#3017);
#1726=LINE('',#12307,#3018);
#1727=LINE('',#12308,#3019);
#1728=LINE('',#12311,#3020);
#1729=LINE('',#12313,#3021);
#1730=LINE('',#12315,#3022);
#1731=LINE('',#12316,#3023);
#1732=LINE('',#12319,#3024);
#1733=LINE('',#12321,#3025);
#1734=LINE('',#12323,#3026);
#1735=LINE('',#12324,#3027);
#1736=LINE('',#12327,#3028);
#1737=LINE('',#12329,#3029);
#1738=LINE('',#12331,#3030);
#1739=LINE('',#12332,#3031);
#1740=LINE('',#12335,#3032);
#1741=LINE('',#12337,#3033);
#1742=LINE('',#12339,#3034);
#1743=LINE('',#12340,#3035);
#1744=LINE('',#12343,#3036);
#1745=LINE('',#12345,#3037);
#1746=LINE('',#12347,#3038);
#1747=LINE('',#12348,#3039);
#1748=LINE('',#12351,#3040);
#1749=LINE('',#12353,#3041);
#1750=LINE('',#12355,#3042);
#1751=LINE('',#12356,#3043);
#1752=LINE('',#12359,#3044);
#1753=LINE('',#12361,#3045);
#1754=LINE('',#12363,#3046);
#1755=LINE('',#12364,#3047);
#1756=LINE('',#12367,#3048);
#1757=LINE('',#12369,#3049);
#1758=LINE('',#12371,#3050);
#1759=LINE('',#12372,#3051);
#1760=LINE('',#12375,#3052);
#1761=LINE('',#12377,#3053);
#1762=LINE('',#12379,#3054);
#1763=LINE('',#12380,#3055);
#1764=LINE('',#12383,#3056);
#1765=LINE('',#12385,#3057);
#1766=LINE('',#12387,#3058);
#1767=LINE('',#12388,#3059);
#1768=LINE('',#12391,#3060);
#1769=LINE('',#12393,#3061);
#1770=LINE('',#12395,#3062);
#1771=LINE('',#12396,#3063);
#1772=LINE('',#12399,#3064);
#1773=LINE('',#12401,#3065);
#1774=LINE('',#12403,#3066);
#1775=LINE('',#12404,#3067);
#1776=LINE('',#12407,#3068);
#1777=LINE('',#12409,#3069);
#1778=LINE('',#12411,#3070);
#1779=LINE('',#12412,#3071);
#1780=LINE('',#12415,#3072);
#1781=LINE('',#12417,#3073);
#1782=LINE('',#12419,#3074);
#1783=LINE('',#12420,#3075);
#1784=LINE('',#12423,#3076);
#1785=LINE('',#12425,#3077);
#1786=LINE('',#12427,#3078);
#1787=LINE('',#12428,#3079);
#1788=LINE('',#12431,#3080);
#1789=LINE('',#12433,#3081);
#1790=LINE('',#12435,#3082);
#1791=LINE('',#12436,#3083);
#1792=LINE('',#12439,#3084);
#1793=LINE('',#12441,#3085);
#1794=LINE('',#12443,#3086);
#1795=LINE('',#12444,#3087);
#1796=LINE('',#12447,#3088);
#1797=LINE('',#12449,#3089);
#1798=LINE('',#12451,#3090);
#1799=LINE('',#12452,#3091);
#1800=LINE('',#12455,#3092);
#1801=LINE('',#12457,#3093);
#1802=LINE('',#12459,#3094);
#1803=LINE('',#12460,#3095);
#1804=LINE('',#12463,#3096);
#1805=LINE('',#12465,#3097);
#1806=LINE('',#12467,#3098);
#1807=LINE('',#12468,#3099);
#1808=LINE('',#12471,#3100);
#1809=LINE('',#12473,#3101);
#1810=LINE('',#12475,#3102);
#1811=LINE('',#12476,#3103);
#1812=LINE('',#12479,#3104);
#1813=LINE('',#12481,#3105);
#1814=LINE('',#12483,#3106);
#1815=LINE('',#12484,#3107);
#1816=LINE('',#12487,#3108);
#1817=LINE('',#12489,#3109);
#1818=LINE('',#12491,#3110);
#1819=LINE('',#12492,#3111);
#1820=LINE('',#12495,#3112);
#1821=LINE('',#12497,#3113);
#1822=LINE('',#12499,#3114);
#1823=LINE('',#12500,#3115);
#1824=LINE('',#12503,#3116);
#1825=LINE('',#12505,#3117);
#1826=LINE('',#12507,#3118);
#1827=LINE('',#12508,#3119);
#1828=LINE('',#12511,#3120);
#1829=LINE('',#12513,#3121);
#1830=LINE('',#12515,#3122);
#1831=LINE('',#12516,#3123);
#1832=LINE('',#12519,#3124);
#1833=LINE('',#12521,#3125);
#1834=LINE('',#12523,#3126);
#1835=LINE('',#12524,#3127);
#1836=LINE('',#12527,#3128);
#1837=LINE('',#12529,#3129);
#1838=LINE('',#12531,#3130);
#1839=LINE('',#12532,#3131);
#1840=LINE('',#12535,#3132);
#1841=LINE('',#12537,#3133);
#1842=LINE('',#12539,#3134);
#1843=LINE('',#12540,#3135);
#1844=LINE('',#12543,#3136);
#1845=LINE('',#12545,#3137);
#1846=LINE('',#12547,#3138);
#1847=LINE('',#12548,#3139);
#1848=LINE('',#12551,#3140);
#1849=LINE('',#12553,#3141);
#1850=LINE('',#12555,#3142);
#1851=LINE('',#12556,#3143);
#1852=LINE('',#12559,#3144);
#1853=LINE('',#12561,#3145);
#1854=LINE('',#12563,#3146);
#1855=LINE('',#12564,#3147);
#1856=LINE('',#12567,#3148);
#1857=LINE('',#12569,#3149);
#1858=LINE('',#12571,#3150);
#1859=LINE('',#12572,#3151);
#1860=LINE('',#12575,#3152);
#1861=LINE('',#12577,#3153);
#1862=LINE('',#12579,#3154);
#1863=LINE('',#12580,#3155);
#1864=LINE('',#12583,#3156);
#1865=LINE('',#12585,#3157);
#1866=LINE('',#12587,#3158);
#1867=LINE('',#12588,#3159);
#1868=LINE('',#12591,#3160);
#1869=LINE('',#12593,#3161);
#1870=LINE('',#12595,#3162);
#1871=LINE('',#12596,#3163);
#1872=LINE('',#12599,#3164);
#1873=LINE('',#12601,#3165);
#1874=LINE('',#12603,#3166);
#1875=LINE('',#12604,#3167);
#1876=LINE('',#12607,#3168);
#1877=LINE('',#12609,#3169);
#1878=LINE('',#12611,#3170);
#1879=LINE('',#12612,#3171);
#1880=LINE('',#12615,#3172);
#1881=LINE('',#12617,#3173);
#1882=LINE('',#12619,#3174);
#1883=LINE('',#12620,#3175);
#1884=LINE('',#12623,#3176);
#1885=LINE('',#12625,#3177);
#1886=LINE('',#12627,#3178);
#1887=LINE('',#12628,#3179);
#1888=LINE('',#12631,#3180);
#1889=LINE('',#12633,#3181);
#1890=LINE('',#12635,#3182);
#1891=LINE('',#12636,#3183);
#1892=LINE('',#12639,#3184);
#1893=LINE('',#12641,#3185);
#1894=LINE('',#12643,#3186);
#1895=LINE('',#12644,#3187);
#1896=LINE('',#12647,#3188);
#1897=LINE('',#12649,#3189);
#1898=LINE('',#12651,#3190);
#1899=LINE('',#12652,#3191);
#1900=LINE('',#12655,#3192);
#1901=LINE('',#12657,#3193);
#1902=LINE('',#12659,#3194);
#1903=LINE('',#12660,#3195);
#1904=LINE('',#12663,#3196);
#1905=LINE('',#12665,#3197);
#1906=LINE('',#12667,#3198);
#1907=LINE('',#12668,#3199);
#1908=LINE('',#12671,#3200);
#1909=LINE('',#12673,#3201);
#1910=LINE('',#12675,#3202);
#1911=LINE('',#12676,#3203);
#1912=LINE('',#12679,#3204);
#1913=LINE('',#12681,#3205);
#1914=LINE('',#12683,#3206);
#1915=LINE('',#12684,#3207);
#1916=LINE('',#12687,#3208);
#1917=LINE('',#12689,#3209);
#1918=LINE('',#12691,#3210);
#1919=LINE('',#12692,#3211);
#1920=LINE('',#12695,#3212);
#1921=LINE('',#12697,#3213);
#1922=LINE('',#12699,#3214);
#1923=LINE('',#12700,#3215);
#1924=LINE('',#12703,#3216);
#1925=LINE('',#12705,#3217);
#1926=LINE('',#12707,#3218);
#1927=LINE('',#12708,#3219);
#1928=LINE('',#12711,#3220);
#1929=LINE('',#12713,#3221);
#1930=LINE('',#12715,#3222);
#1931=LINE('',#12716,#3223);
#1932=LINE('',#12719,#3224);
#1933=LINE('',#12721,#3225);
#1934=LINE('',#12723,#3226);
#1935=LINE('',#12724,#3227);
#1936=LINE('',#12727,#3228);
#1937=LINE('',#12729,#3229);
#1938=LINE('',#12731,#3230);
#1939=LINE('',#12732,#3231);
#1940=LINE('',#12735,#3232);
#1941=LINE('',#12737,#3233);
#1942=LINE('',#12739,#3234);
#1943=LINE('',#12740,#3235);
#1944=LINE('',#12743,#3236);
#1945=LINE('',#12745,#3237);
#1946=LINE('',#12747,#3238);
#1947=LINE('',#12748,#3239);
#1948=LINE('',#12751,#3240);
#1949=LINE('',#12753,#3241);
#1950=LINE('',#12755,#3242);
#1951=LINE('',#12756,#3243);
#1952=LINE('',#12759,#3244);
#1953=LINE('',#12761,#3245);
#1954=LINE('',#12763,#3246);
#1955=LINE('',#12764,#3247);
#1956=LINE('',#12767,#3248);
#1957=LINE('',#12769,#3249);
#1958=LINE('',#12771,#3250);
#1959=LINE('',#12773,#3251);
#1960=LINE('',#12775,#3252);
#1961=LINE('',#12777,#3253);
#1962=LINE('',#12779,#3254);
#1963=LINE('',#12781,#3255);
#1964=LINE('',#12783,#3256);
#1965=LINE('',#12785,#3257);
#1966=LINE('',#12787,#3258);
#1967=LINE('',#12789,#3259);
#1968=LINE('',#12791,#3260);
#1969=LINE('',#12793,#3261);
#1970=LINE('',#12795,#3262);
#1971=LINE('',#12797,#3263);
#1972=LINE('',#12799,#3264);
#1973=LINE('',#12801,#3265);
#1974=LINE('',#12803,#3266);
#1975=LINE('',#12805,#3267);
#1976=LINE('',#12807,#3268);
#1977=LINE('',#12809,#3269);
#1978=LINE('',#12811,#3270);
#1979=LINE('',#12813,#3271);
#1980=LINE('',#12815,#3272);
#1981=LINE('',#12817,#3273);
#1982=LINE('',#12819,#3274);
#1983=LINE('',#12821,#3275);
#1984=LINE('',#12823,#3276);
#1985=LINE('',#12825,#3277);
#1986=LINE('',#12827,#3278);
#1987=LINE('',#12829,#3279);
#1988=LINE('',#12831,#3280);
#1989=LINE('',#12833,#3281);
#1990=LINE('',#12835,#3282);
#1991=LINE('',#12837,#3283);
#1992=LINE('',#12839,#3284);
#1993=LINE('',#12841,#3285);
#1994=LINE('',#12843,#3286);
#1995=LINE('',#12845,#3287);
#1996=LINE('',#12847,#3288);
#1997=LINE('',#12849,#3289);
#1998=LINE('',#12851,#3290);
#1999=LINE('',#12852,#3291);
#2000=LINE('',#12855,#3292);
#2001=LINE('',#12857,#3293);
#2002=LINE('',#12859,#3294);
#2003=LINE('',#12860,#3295);
#2004=LINE('',#12863,#3296);
#2005=LINE('',#12865,#3297);
#2006=LINE('',#12867,#3298);
#2007=LINE('',#12868,#3299);
#2008=LINE('',#12871,#3300);
#2009=LINE('',#12873,#3301);
#2010=LINE('',#12875,#3302);
#2011=LINE('',#12876,#3303);
#2012=LINE('',#12879,#3304);
#2013=LINE('',#12881,#3305);
#2014=LINE('',#12883,#3306);
#2015=LINE('',#12884,#3307);
#2016=LINE('',#12887,#3308);
#2017=LINE('',#12889,#3309);
#2018=LINE('',#12891,#3310);
#2019=LINE('',#12892,#3311);
#2020=LINE('',#12895,#3312);
#2021=LINE('',#12897,#3313);
#2022=LINE('',#12899,#3314);
#2023=LINE('',#12900,#3315);
#2024=LINE('',#12903,#3316);
#2025=LINE('',#12905,#3317);
#2026=LINE('',#12907,#3318);
#2027=LINE('',#12908,#3319);
#2028=LINE('',#12911,#3320);
#2029=LINE('',#12913,#3321);
#2030=LINE('',#12915,#3322);
#2031=LINE('',#12916,#3323);
#2032=LINE('',#12919,#3324);
#2033=LINE('',#12921,#3325);
#2034=LINE('',#12923,#3326);
#2035=LINE('',#12924,#3327);
#2036=LINE('',#12927,#3328);
#2037=LINE('',#12929,#3329);
#2038=LINE('',#12931,#3330);
#2039=LINE('',#12932,#3331);
#2040=LINE('',#12935,#3332);
#2041=LINE('',#12937,#3333);
#2042=LINE('',#12939,#3334);
#2043=LINE('',#12940,#3335);
#2044=LINE('',#12943,#3336);
#2045=LINE('',#12945,#3337);
#2046=LINE('',#12947,#3338);
#2047=LINE('',#12948,#3339);
#2048=LINE('',#12951,#3340);
#2049=LINE('',#12953,#3341);
#2050=LINE('',#12955,#3342);
#2051=LINE('',#12956,#3343);
#2052=LINE('',#12959,#3344);
#2053=LINE('',#12961,#3345);
#2054=LINE('',#12963,#3346);
#2055=LINE('',#12964,#3347);
#2056=LINE('',#12967,#3348);
#2057=LINE('',#12969,#3349);
#2058=LINE('',#12971,#3350);
#2059=LINE('',#12972,#3351);
#2060=LINE('',#12975,#3352);
#2061=LINE('',#12977,#3353);
#2062=LINE('',#12979,#3354);
#2063=LINE('',#12980,#3355);
#2064=LINE('',#12983,#3356);
#2065=LINE('',#12985,#3357);
#2066=LINE('',#12987,#3358);
#2067=LINE('',#12988,#3359);
#2068=LINE('',#12991,#3360);
#2069=LINE('',#12993,#3361);
#2070=LINE('',#12995,#3362);
#2071=LINE('',#12996,#3363);
#2072=LINE('',#12999,#3364);
#2073=LINE('',#13001,#3365);
#2074=LINE('',#13003,#3366);
#2075=LINE('',#13004,#3367);
#2076=LINE('',#13007,#3368);
#2077=LINE('',#13009,#3369);
#2078=LINE('',#13011,#3370);
#2079=LINE('',#13012,#3371);
#2080=LINE('',#13015,#3372);
#2081=LINE('',#13017,#3373);
#2082=LINE('',#13019,#3374);
#2083=LINE('',#13021,#3375);
#2084=LINE('',#13023,#3376);
#2085=LINE('',#13025,#3377);
#2086=LINE('',#13027,#3378);
#2087=LINE('',#13029,#3379);
#2088=LINE('',#13031,#3380);
#2089=LINE('',#13033,#3381);
#2090=LINE('',#13035,#3382);
#2091=LINE('',#13037,#3383);
#2092=LINE('',#13039,#3384);
#2093=LINE('',#13041,#3385);
#2094=LINE('',#13043,#3386);
#2095=LINE('',#13045,#3387);
#2096=LINE('',#13047,#3388);
#2097=LINE('',#13049,#3389);
#2098=LINE('',#13051,#3390);
#2099=LINE('',#13053,#3391);
#2100=LINE('',#13055,#3392);
#2101=LINE('',#13057,#3393);
#2102=LINE('',#13059,#3394);
#2103=LINE('',#13061,#3395);
#2104=LINE('',#13063,#3396);
#2105=LINE('',#13065,#3397);
#2106=LINE('',#13067,#3398);
#2107=LINE('',#13069,#3399);
#2108=LINE('',#13071,#3400);
#2109=LINE('',#13073,#3401);
#2110=LINE('',#13075,#3402);
#2111=LINE('',#13077,#3403);
#2112=LINE('',#13079,#3404);
#2113=LINE('',#13081,#3405);
#2114=LINE('',#13083,#3406);
#2115=LINE('',#13085,#3407);
#2116=LINE('',#13087,#3408);
#2117=LINE('',#13089,#3409);
#2118=LINE('',#13091,#3410);
#2119=LINE('',#13093,#3411);
#2120=LINE('',#13095,#3412);
#2121=LINE('',#13097,#3413);
#2122=LINE('',#13099,#3414);
#2123=LINE('',#13100,#3415);
#2124=LINE('',#13107,#3416);
#2125=LINE('',#13108,#3417);
#2126=LINE('',#13110,#3418);
#2127=LINE('',#13114,#3419);
#2128=LINE('',#13115,#3420);
#2129=LINE('',#13116,#3421);
#2130=LINE('',#13119,#3422);
#2131=LINE('',#13120,#3423);
#2132=LINE('',#13123,#3424);
#2133=LINE('',#13124,#3425);
#2134=LINE('',#13126,#3426);
#2135=LINE('',#13129,#3427);
#2136=LINE('',#13130,#3428);
#2137=LINE('',#13131,#3429);
#2138=LINE('',#13142,#3430);
#2139=LINE('',#13144,#3431);
#2140=LINE('',#13146,#3432);
#2141=LINE('',#13147,#3433);
#2142=LINE('',#13150,#3434);
#2143=LINE('',#13152,#3435);
#2144=LINE('',#13154,#3436);
#2145=LINE('',#13155,#3437);
#2146=LINE('',#13158,#3438);
#2147=LINE('',#13160,#3439);
#2148=LINE('',#13162,#3440);
#2149=LINE('',#13163,#3441);
#2150=LINE('',#13166,#3442);
#2151=LINE('',#13168,#3443);
#2152=LINE('',#13170,#3444);
#2153=LINE('',#13171,#3445);
#2154=LINE('',#13174,#3446);
#2155=LINE('',#13176,#3447);
#2156=LINE('',#13178,#3448);
#2157=LINE('',#13179,#3449);
#2158=LINE('',#13182,#3450);
#2159=LINE('',#13184,#3451);
#2160=LINE('',#13186,#3452);
#2161=LINE('',#13187,#3453);
#2162=LINE('',#13190,#3454);
#2163=LINE('',#13192,#3455);
#2164=LINE('',#13194,#3456);
#2165=LINE('',#13195,#3457);
#2166=LINE('',#13198,#3458);
#2167=LINE('',#13200,#3459);
#2168=LINE('',#13202,#3460);
#2169=LINE('',#13203,#3461);
#2170=LINE('',#13206,#3462);
#2171=LINE('',#13208,#3463);
#2172=LINE('',#13210,#3464);
#2173=LINE('',#13211,#3465);
#2174=LINE('',#13214,#3466);
#2175=LINE('',#13216,#3467);
#2176=LINE('',#13218,#3468);
#2177=LINE('',#13219,#3469);
#2178=LINE('',#13222,#3470);
#2179=LINE('',#13224,#3471);
#2180=LINE('',#13226,#3472);
#2181=LINE('',#13227,#3473);
#2182=LINE('',#13230,#3474);
#2183=LINE('',#13232,#3475);
#2184=LINE('',#13234,#3476);
#2185=LINE('',#13235,#3477);
#2186=LINE('',#13238,#3478);
#2187=LINE('',#13240,#3479);
#2188=LINE('',#13242,#3480);
#2189=LINE('',#13243,#3481);
#2190=LINE('',#13246,#3482);
#2191=LINE('',#13248,#3483);
#2192=LINE('',#13250,#3484);
#2193=LINE('',#13251,#3485);
#2194=LINE('',#13254,#3486);
#2195=LINE('',#13256,#3487);
#2196=LINE('',#13258,#3488);
#2197=LINE('',#13259,#3489);
#2198=LINE('',#13262,#3490);
#2199=LINE('',#13264,#3491);
#2200=LINE('',#13266,#3492);
#2201=LINE('',#13267,#3493);
#2202=LINE('',#13270,#3494);
#2203=LINE('',#13272,#3495);
#2204=LINE('',#13274,#3496);
#2205=LINE('',#13275,#3497);
#2206=LINE('',#13278,#3498);
#2207=LINE('',#13280,#3499);
#2208=LINE('',#13282,#3500);
#2209=LINE('',#13283,#3501);
#2210=LINE('',#13286,#3502);
#2211=LINE('',#13288,#3503);
#2212=LINE('',#13290,#3504);
#2213=LINE('',#13291,#3505);
#2214=LINE('',#13294,#3506);
#2215=LINE('',#13296,#3507);
#2216=LINE('',#13298,#3508);
#2217=LINE('',#13299,#3509);
#2218=LINE('',#13302,#3510);
#2219=LINE('',#13304,#3511);
#2220=LINE('',#13306,#3512);
#2221=LINE('',#13307,#3513);
#2222=LINE('',#13310,#3514);
#2223=LINE('',#13312,#3515);
#2224=LINE('',#13314,#3516);
#2225=LINE('',#13315,#3517);
#2226=LINE('',#13318,#3518);
#2227=LINE('',#13320,#3519);
#2228=LINE('',#13322,#3520);
#2229=LINE('',#13323,#3521);
#2230=LINE('',#13326,#3522);
#2231=LINE('',#13328,#3523);
#2232=LINE('',#13330,#3524);
#2233=LINE('',#13331,#3525);
#2234=LINE('',#13334,#3526);
#2235=LINE('',#13336,#3527);
#2236=LINE('',#13338,#3528);
#2237=LINE('',#13339,#3529);
#2238=LINE('',#13342,#3530);
#2239=LINE('',#13344,#3531);
#2240=LINE('',#13346,#3532);
#2241=LINE('',#13347,#3533);
#2242=LINE('',#13350,#3534);
#2243=LINE('',#13352,#3535);
#2244=LINE('',#13354,#3536);
#2245=LINE('',#13355,#3537);
#2246=LINE('',#13358,#3538);
#2247=LINE('',#13360,#3539);
#2248=LINE('',#13362,#3540);
#2249=LINE('',#13363,#3541);
#2250=LINE('',#13366,#3542);
#2251=LINE('',#13368,#3543);
#2252=LINE('',#13370,#3544);
#2253=LINE('',#13371,#3545);
#2254=LINE('',#13374,#3546);
#2255=LINE('',#13376,#3547);
#2256=LINE('',#13378,#3548);
#2257=LINE('',#13379,#3549);
#2258=LINE('',#13382,#3550);
#2259=LINE('',#13384,#3551);
#2260=LINE('',#13386,#3552);
#2261=LINE('',#13387,#3553);
#2262=LINE('',#13390,#3554);
#2263=LINE('',#13392,#3555);
#2264=LINE('',#13394,#3556);
#2265=LINE('',#13395,#3557);
#2266=LINE('',#13398,#3558);
#2267=LINE('',#13400,#3559);
#2268=LINE('',#13402,#3560);
#2269=LINE('',#13403,#3561);
#2270=LINE('',#13406,#3562);
#2271=LINE('',#13408,#3563);
#2272=LINE('',#13410,#3564);
#2273=LINE('',#13411,#3565);
#2274=LINE('',#13414,#3566);
#2275=LINE('',#13416,#3567);
#2276=LINE('',#13418,#3568);
#2277=LINE('',#13419,#3569);
#2278=LINE('',#13422,#3570);
#2279=LINE('',#13424,#3571);
#2280=LINE('',#13426,#3572);
#2281=LINE('',#13427,#3573);
#2282=LINE('',#13430,#3574);
#2283=LINE('',#13432,#3575);
#2284=LINE('',#13434,#3576);
#2285=LINE('',#13435,#3577);
#2286=LINE('',#13438,#3578);
#2287=LINE('',#13440,#3579);
#2288=LINE('',#13442,#3580);
#2289=LINE('',#13443,#3581);
#2290=LINE('',#13446,#3582);
#2291=LINE('',#13448,#3583);
#2292=LINE('',#13450,#3584);
#2293=LINE('',#13451,#3585);
#2294=LINE('',#13454,#3586);
#2295=LINE('',#13456,#3587);
#2296=LINE('',#13458,#3588);
#2297=LINE('',#13459,#3589);
#2298=LINE('',#13462,#3590);
#2299=LINE('',#13464,#3591);
#2300=LINE('',#13466,#3592);
#2301=LINE('',#13467,#3593);
#2302=LINE('',#13470,#3594);
#2303=LINE('',#13472,#3595);
#2304=LINE('',#13474,#3596);
#2305=LINE('',#13475,#3597);
#2306=LINE('',#13478,#3598);
#2307=LINE('',#13480,#3599);
#2308=LINE('',#13482,#3600);
#2309=LINE('',#13483,#3601);
#2310=LINE('',#13486,#3602);
#2311=LINE('',#13488,#3603);
#2312=LINE('',#13490,#3604);
#2313=LINE('',#13491,#3605);
#2314=LINE('',#13494,#3606);
#2315=LINE('',#13496,#3607);
#2316=LINE('',#13498,#3608);
#2317=LINE('',#13499,#3609);
#2318=LINE('',#13502,#3610);
#2319=LINE('',#13504,#3611);
#2320=LINE('',#13506,#3612);
#2321=LINE('',#13507,#3613);
#2322=LINE('',#13510,#3614);
#2323=LINE('',#13512,#3615);
#2324=LINE('',#13514,#3616);
#2325=LINE('',#13515,#3617);
#2326=LINE('',#13518,#3618);
#2327=LINE('',#13520,#3619);
#2328=LINE('',#13522,#3620);
#2329=LINE('',#13523,#3621);
#2330=LINE('',#13526,#3622);
#2331=LINE('',#13528,#3623);
#2332=LINE('',#13530,#3624);
#2333=LINE('',#13531,#3625);
#2334=LINE('',#13534,#3626);
#2335=LINE('',#13536,#3627);
#2336=LINE('',#13538,#3628);
#2337=LINE('',#13539,#3629);
#2338=LINE('',#13542,#3630);
#2339=LINE('',#13544,#3631);
#2340=LINE('',#13546,#3632);
#2341=LINE('',#13547,#3633);
#2342=LINE('',#13550,#3634);
#2343=LINE('',#13552,#3635);
#2344=LINE('',#13554,#3636);
#2345=LINE('',#13555,#3637);
#2346=LINE('',#13558,#3638);
#2347=LINE('',#13560,#3639);
#2348=LINE('',#13562,#3640);
#2349=LINE('',#13563,#3641);
#2350=LINE('',#13566,#3642);
#2351=LINE('',#13568,#3643);
#2352=LINE('',#13570,#3644);
#2353=LINE('',#13571,#3645);
#2354=LINE('',#13574,#3646);
#2355=LINE('',#13576,#3647);
#2356=LINE('',#13578,#3648);
#2357=LINE('',#13579,#3649);
#2358=LINE('',#13582,#3650);
#2359=LINE('',#13584,#3651);
#2360=LINE('',#13586,#3652);
#2361=LINE('',#13587,#3653);
#2362=LINE('',#13590,#3654);
#2363=LINE('',#13592,#3655);
#2364=LINE('',#13594,#3656);
#2365=LINE('',#13595,#3657);
#2366=LINE('',#13598,#3658);
#2367=LINE('',#13600,#3659);
#2368=LINE('',#13602,#3660);
#2369=LINE('',#13603,#3661);
#2370=LINE('',#13606,#3662);
#2371=LINE('',#13608,#3663);
#2372=LINE('',#13610,#3664);
#2373=LINE('',#13611,#3665);
#2374=LINE('',#13614,#3666);
#2375=LINE('',#13616,#3667);
#2376=LINE('',#13618,#3668);
#2377=LINE('',#13619,#3669);
#2378=LINE('',#13622,#3670);
#2379=LINE('',#13624,#3671);
#2380=LINE('',#13626,#3672);
#2381=LINE('',#13627,#3673);
#2382=LINE('',#13630,#3674);
#2383=LINE('',#13632,#3675);
#2384=LINE('',#13634,#3676);
#2385=LINE('',#13636,#3677);
#2386=LINE('',#13638,#3678);
#2387=LINE('',#13640,#3679);
#2388=LINE('',#13642,#3680);
#2389=LINE('',#13644,#3681);
#2390=LINE('',#13646,#3682);
#2391=LINE('',#13648,#3683);
#2392=LINE('',#13650,#3684);
#2393=LINE('',#13652,#3685);
#2394=LINE('',#13654,#3686);
#2395=LINE('',#13656,#3687);
#2396=LINE('',#13658,#3688);
#2397=LINE('',#13660,#3689);
#2398=LINE('',#13662,#3690);
#2399=LINE('',#13664,#3691);
#2400=LINE('',#13666,#3692);
#2401=LINE('',#13668,#3693);
#2402=LINE('',#13670,#3694);
#2403=LINE('',#13672,#3695);
#2404=LINE('',#13674,#3696);
#2405=LINE('',#13676,#3697);
#2406=LINE('',#13678,#3698);
#2407=LINE('',#13680,#3699);
#2408=LINE('',#13682,#3700);
#2409=LINE('',#13684,#3701);
#2410=LINE('',#13686,#3702);
#2411=LINE('',#13688,#3703);
#2412=LINE('',#13690,#3704);
#2413=LINE('',#13692,#3705);
#2414=LINE('',#13694,#3706);
#2415=LINE('',#13696,#3707);
#2416=LINE('',#13698,#3708);
#2417=LINE('',#13700,#3709);
#2418=LINE('',#13702,#3710);
#2419=LINE('',#13704,#3711);
#2420=LINE('',#13706,#3712);
#2421=LINE('',#13708,#3713);
#2422=LINE('',#13710,#3714);
#2423=LINE('',#13712,#3715);
#2424=LINE('',#13714,#3716);
#2425=LINE('',#13715,#3717);
#2426=LINE('',#13718,#3718);
#2427=LINE('',#13720,#3719);
#2428=LINE('',#13722,#3720);
#2429=LINE('',#13723,#3721);
#2430=LINE('',#13726,#3722);
#2431=LINE('',#13728,#3723);
#2432=LINE('',#13730,#3724);
#2433=LINE('',#13731,#3725);
#2434=LINE('',#13734,#3726);
#2435=LINE('',#13736,#3727);
#2436=LINE('',#13738,#3728);
#2437=LINE('',#13739,#3729);
#2438=LINE('',#13742,#3730);
#2439=LINE('',#13744,#3731);
#2440=LINE('',#13746,#3732);
#2441=LINE('',#13747,#3733);
#2442=LINE('',#13750,#3734);
#2443=LINE('',#13752,#3735);
#2444=LINE('',#13754,#3736);
#2445=LINE('',#13755,#3737);
#2446=LINE('',#13758,#3738);
#2447=LINE('',#13760,#3739);
#2448=LINE('',#13762,#3740);
#2449=LINE('',#13763,#3741);
#2450=LINE('',#13766,#3742);
#2451=LINE('',#13768,#3743);
#2452=LINE('',#13770,#3744);
#2453=LINE('',#13771,#3745);
#2454=LINE('',#13774,#3746);
#2455=LINE('',#13776,#3747);
#2456=LINE('',#13778,#3748);
#2457=LINE('',#13779,#3749);
#2458=LINE('',#13782,#3750);
#2459=LINE('',#13784,#3751);
#2460=LINE('',#13786,#3752);
#2461=LINE('',#13787,#3753);
#2462=LINE('',#13790,#3754);
#2463=LINE('',#13792,#3755);
#2464=LINE('',#13794,#3756);
#2465=LINE('',#13795,#3757);
#2466=LINE('',#13798,#3758);
#2467=LINE('',#13800,#3759);
#2468=LINE('',#13802,#3760);
#2469=LINE('',#13803,#3761);
#2470=LINE('',#13806,#3762);
#2471=LINE('',#13808,#3763);
#2472=LINE('',#13810,#3764);
#2473=LINE('',#13811,#3765);
#2474=LINE('',#13814,#3766);
#2475=LINE('',#13816,#3767);
#2476=LINE('',#13818,#3768);
#2477=LINE('',#13819,#3769);
#2478=LINE('',#13822,#3770);
#2479=LINE('',#13824,#3771);
#2480=LINE('',#13826,#3772);
#2481=LINE('',#13827,#3773);
#2482=LINE('',#13830,#3774);
#2483=LINE('',#13832,#3775);
#2484=LINE('',#13834,#3776);
#2485=LINE('',#13835,#3777);
#2486=LINE('',#13838,#3778);
#2487=LINE('',#13840,#3779);
#2488=LINE('',#13842,#3780);
#2489=LINE('',#13843,#3781);
#2490=LINE('',#13846,#3782);
#2491=LINE('',#13848,#3783);
#2492=LINE('',#13850,#3784);
#2493=LINE('',#13851,#3785);
#2494=LINE('',#13854,#3786);
#2495=LINE('',#13856,#3787);
#2496=LINE('',#13858,#3788);
#2497=LINE('',#13859,#3789);
#2498=LINE('',#13862,#3790);
#2499=LINE('',#13864,#3791);
#2500=LINE('',#13866,#3792);
#2501=LINE('',#13867,#3793);
#2502=LINE('',#13870,#3794);
#2503=LINE('',#13872,#3795);
#2504=LINE('',#13874,#3796);
#2505=LINE('',#13875,#3797);
#2506=LINE('',#13878,#3798);
#2507=LINE('',#13880,#3799);
#2508=LINE('',#13882,#3800);
#2509=LINE('',#13884,#3801);
#2510=LINE('',#13886,#3802);
#2511=LINE('',#13888,#3803);
#2512=LINE('',#13890,#3804);
#2513=LINE('',#13892,#3805);
#2514=LINE('',#13894,#3806);
#2515=LINE('',#13896,#3807);
#2516=LINE('',#13898,#3808);
#2517=LINE('',#13900,#3809);
#2518=LINE('',#13902,#3810);
#2519=LINE('',#13904,#3811);
#2520=LINE('',#13906,#3812);
#2521=LINE('',#13908,#3813);
#2522=LINE('',#13910,#3814);
#2523=LINE('',#13912,#3815);
#2524=LINE('',#13914,#3816);
#2525=LINE('',#13916,#3817);
#2526=LINE('',#13918,#3818);
#2527=LINE('',#13920,#3819);
#2528=LINE('',#13922,#3820);
#2529=LINE('',#13924,#3821);
#2530=LINE('',#13926,#3822);
#2531=LINE('',#13928,#3823);
#2532=LINE('',#13930,#3824);
#2533=LINE('',#13932,#3825);
#2534=LINE('',#13934,#3826);
#2535=LINE('',#13936,#3827);
#2536=LINE('',#13938,#3828);
#2537=LINE('',#13940,#3829);
#2538=LINE('',#13942,#3830);
#2539=LINE('',#13944,#3831);
#2540=LINE('',#13946,#3832);
#2541=LINE('',#13948,#3833);
#2542=LINE('',#13950,#3834);
#2543=LINE('',#13952,#3835);
#2544=LINE('',#13954,#3836);
#2545=LINE('',#13956,#3837);
#2546=LINE('',#13958,#3838);
#2547=LINE('',#13960,#3839);
#2548=LINE('',#13962,#3840);
#2549=LINE('',#13963,#3841);
#2550=LINE('',#13970,#3842);
#2551=LINE('',#13972,#3843);
#2552=LINE('',#13974,#3844);
#2553=LINE('',#13976,#3845);
#2554=LINE('',#13978,#3846);
#2555=LINE('',#13980,#3847);
#2556=LINE('',#13982,#3848);
#2557=LINE('',#13985,#3849);
#2558=LINE('',#13986,#3850);
#2559=LINE('',#13988,#3851);
#2560=LINE('',#13990,#3852);
#2561=LINE('',#13992,#3853);
#2562=LINE('',#13994,#3854);
#2563=LINE('',#13996,#3855);
#2564=LINE('',#13998,#3856);
#2565=LINE('',#14000,#3857);
#2566=LINE('',#14002,#3858);
#2567=LINE('',#14004,#3859);
#2568=LINE('',#14006,#3860);
#2569=LINE('',#14007,#3861);
#2570=LINE('',#14009,#3862);
#2571=LINE('',#14011,#3863);
#2572=LINE('',#14013,#3864);
#2573=LINE('',#14015,#3865);
#2574=LINE('',#14017,#3866);
#2575=LINE('',#14019,#3867);
#2576=LINE('',#14021,#3868);
#2577=LINE('',#14023,#3869);
#2578=LINE('',#14024,#3870);
#2579=LINE('',#14026,#3871);
#2580=LINE('',#14028,#3872);
#2581=LINE('',#14030,#3873);
#2582=LINE('',#14032,#3874);
#2583=LINE('',#14034,#3875);
#2584=LINE('',#14036,#3876);
#2585=LINE('',#14038,#3877);
#2586=LINE('',#14040,#3878);
#2587=LINE('',#14042,#3879);
#2588=LINE('',#14044,#3880);
#2589=LINE('',#14046,#3881);
#2590=LINE('',#14048,#3882);
#2591=LINE('',#14050,#3883);
#2592=LINE('',#14052,#3884);
#2593=LINE('',#14054,#3885);
#2594=LINE('',#14056,#3886);
#2595=LINE('',#14058,#3887);
#2596=LINE('',#14060,#3888);
#2597=LINE('',#14063,#3889);
#2598=LINE('',#14065,#3890);
#2599=LINE('',#14067,#3891);
#2600=LINE('',#14069,#3892);
#2601=LINE('',#14070,#3893);
#2602=LINE('',#14072,#3894);
#2603=LINE('',#14074,#3895);
#2604=LINE('',#14077,#3896);
#2605=LINE('',#14078,#3897);
#2606=LINE('',#14080,#3898);
#2607=LINE('',#14082,#3899);
#2608=LINE('',#14085,#3900);
#2609=LINE('',#14086,#3901);
#2610=LINE('',#14088,#3902);
#2611=LINE('',#14090,#3903);
#2612=LINE('',#14093,#3904);
#2613=LINE('',#14094,#3905);
#2614=LINE('',#14096,#3906);
#2615=LINE('',#14098,#3907);
#2616=LINE('',#14101,#3908);
#2617=LINE('',#14102,#3909);
#2618=LINE('',#14104,#3910);
#2619=LINE('',#14106,#3911);
#2620=LINE('',#14109,#3912);
#2621=LINE('',#14110,#3913);
#2622=LINE('',#14112,#3914);
#2623=LINE('',#14114,#3915);
#2624=LINE('',#14117,#3916);
#2625=LINE('',#14118,#3917);
#2626=LINE('',#14120,#3918);
#2627=LINE('',#14122,#3919);
#2628=LINE('',#14125,#3920);
#2629=LINE('',#14126,#3921);
#2630=LINE('',#14128,#3922);
#2631=LINE('',#14130,#3923);
#2632=LINE('',#14133,#3924);
#2633=LINE('',#14134,#3925);
#2634=LINE('',#14136,#3926);
#2635=LINE('',#14138,#3927);
#2636=LINE('',#14141,#3928);
#2637=LINE('',#14142,#3929);
#2638=LINE('',#14144,#3930);
#2639=LINE('',#14146,#3931);
#2640=LINE('',#14149,#3932);
#2641=LINE('',#14150,#3933);
#2642=LINE('',#14152,#3934);
#2643=LINE('',#14154,#3935);
#2644=LINE('',#14157,#3936);
#2645=LINE('',#14158,#3937);
#2646=LINE('',#14160,#3938);
#2647=LINE('',#14162,#3939);
#2648=LINE('',#14165,#3940);
#2649=LINE('',#14166,#3941);
#2650=LINE('',#14168,#3942);
#2651=LINE('',#14170,#3943);
#2652=LINE('',#14173,#3944);
#2653=LINE('',#14174,#3945);
#2654=LINE('',#14176,#3946);
#2655=LINE('',#14178,#3947);
#2656=LINE('',#14181,#3948);
#2657=LINE('',#14182,#3949);
#2658=LINE('',#14184,#3950);
#2659=LINE('',#14186,#3951);
#2660=LINE('',#14189,#3952);
#2661=LINE('',#14190,#3953);
#2662=LINE('',#14192,#3954);
#2663=LINE('',#14194,#3955);
#2664=LINE('',#14197,#3956);
#2665=LINE('',#14198,#3957);
#2666=LINE('',#14200,#3958);
#2667=LINE('',#14202,#3959);
#2668=LINE('',#14205,#3960);
#2669=LINE('',#14206,#3961);
#2670=LINE('',#14208,#3962);
#2671=LINE('',#14210,#3963);
#2672=LINE('',#14213,#3964);
#2673=LINE('',#14214,#3965);
#2674=LINE('',#14216,#3966);
#2675=LINE('',#14218,#3967);
#2676=LINE('',#14221,#3968);
#2677=LINE('',#14222,#3969);
#2678=LINE('',#14224,#3970);
#2679=LINE('',#14226,#3971);
#2680=LINE('',#14229,#3972);
#2681=LINE('',#14230,#3973);
#2682=LINE('',#14232,#3974);
#2683=LINE('',#14234,#3975);
#2684=LINE('',#14237,#3976);
#2685=LINE('',#14238,#3977);
#2686=LINE('',#14240,#3978);
#2687=LINE('',#14242,#3979);
#2688=LINE('',#14245,#3980);
#2689=LINE('',#14246,#3981);
#2690=LINE('',#14248,#3982);
#2691=LINE('',#14250,#3983);
#2692=LINE('',#14253,#3984);
#2693=LINE('',#14254,#3985);
#2694=LINE('',#14256,#3986);
#2695=LINE('',#14258,#3987);
#2696=LINE('',#14261,#3988);
#2697=LINE('',#14262,#3989);
#2698=LINE('',#14264,#3990);
#2699=LINE('',#14266,#3991);
#2700=LINE('',#14269,#3992);
#2701=LINE('',#14270,#3993);
#2702=LINE('',#14272,#3994);
#2703=LINE('',#14274,#3995);
#2704=LINE('',#14277,#3996);
#2705=LINE('',#14278,#3997);
#2706=LINE('',#14280,#3998);
#2707=LINE('',#14282,#3999);
#2708=LINE('',#14285,#4000);
#2709=LINE('',#14286,#4001);
#2710=LINE('',#14288,#4002);
#2711=LINE('',#14290,#4003);
#2712=LINE('',#14293,#4004);
#2713=LINE('',#14294,#4005);
#2714=LINE('',#14296,#4006);
#2715=LINE('',#14298,#4007);
#2716=LINE('',#14301,#4008);
#2717=LINE('',#14302,#4009);
#2718=LINE('',#14304,#4010);
#2719=LINE('',#14306,#4011);
#2720=LINE('',#14309,#4012);
#2721=LINE('',#14310,#4013);
#2722=LINE('',#14312,#4014);
#2723=LINE('',#14314,#4015);
#2724=LINE('',#14317,#4016);
#2725=LINE('',#14318,#4017);
#2726=LINE('',#14320,#4018);
#2727=LINE('',#14322,#4019);
#2728=LINE('',#14325,#4020);
#2729=LINE('',#14326,#4021);
#2730=LINE('',#14328,#4022);
#2731=LINE('',#14330,#4023);
#2732=LINE('',#14333,#4024);
#2733=LINE('',#14334,#4025);
#2734=LINE('',#14336,#4026);
#2735=LINE('',#14338,#4027);
#2736=LINE('',#14341,#4028);
#2737=LINE('',#14342,#4029);
#2738=LINE('',#14344,#4030);
#2739=LINE('',#14346,#4031);
#2740=LINE('',#14349,#4032);
#2741=LINE('',#14350,#4033);
#2742=LINE('',#14352,#4034);
#2743=LINE('',#14354,#4035);
#2744=LINE('',#14357,#4036);
#2745=LINE('',#14358,#4037);
#2746=LINE('',#14360,#4038);
#2747=LINE('',#14362,#4039);
#2748=LINE('',#14365,#4040);
#2749=LINE('',#14366,#4041);
#2750=LINE('',#14368,#4042);
#2751=LINE('',#14370,#4043);
#2752=LINE('',#14373,#4044);
#2753=LINE('',#14374,#4045);
#2754=LINE('',#14376,#4046);
#2755=LINE('',#14378,#4047);
#2756=LINE('',#14381,#4048);
#2757=LINE('',#14382,#4049);
#2758=LINE('',#14384,#4050);
#2759=LINE('',#14386,#4051);
#2760=LINE('',#14389,#4052);
#2761=LINE('',#14390,#4053);
#2762=LINE('',#14392,#4054);
#2763=LINE('',#14394,#4055);
#2764=LINE('',#14397,#4056);
#2765=LINE('',#14398,#4057);
#2766=LINE('',#14400,#4058);
#2767=LINE('',#14402,#4059);
#2768=LINE('',#14405,#4060);
#2769=LINE('',#14406,#4061);
#2770=LINE('',#14408,#4062);
#2771=LINE('',#14410,#4063);
#2772=LINE('',#14413,#4064);
#2773=LINE('',#14414,#4065);
#2774=LINE('',#14416,#4066);
#2775=LINE('',#14418,#4067);
#2776=LINE('',#14421,#4068);
#2777=LINE('',#14422,#4069);
#2778=LINE('',#14424,#4070);
#2779=LINE('',#14426,#4071);
#2780=LINE('',#14429,#4072);
#2781=LINE('',#14430,#4073);
#2782=LINE('',#14432,#4074);
#2783=LINE('',#14434,#4075);
#2784=LINE('',#14437,#4076);
#2785=LINE('',#14438,#4077);
#2786=LINE('',#14440,#4078);
#2787=LINE('',#14442,#4079);
#2788=LINE('',#14445,#4080);
#2789=LINE('',#14446,#4081);
#2790=LINE('',#14448,#4082);
#2791=LINE('',#14450,#4083);
#2792=LINE('',#14453,#4084);
#2793=LINE('',#14454,#4085);
#2794=LINE('',#14456,#4086);
#2795=LINE('',#14458,#4087);
#2796=LINE('',#14461,#4088);
#2797=LINE('',#14462,#4089);
#2798=LINE('',#14464,#4090);
#2799=LINE('',#14466,#4091);
#2800=LINE('',#14469,#4092);
#2801=LINE('',#14470,#4093);
#2802=LINE('',#14472,#4094);
#2803=LINE('',#14474,#4095);
#2804=LINE('',#14477,#4096);
#2805=LINE('',#14478,#4097);
#2806=LINE('',#14480,#4098);
#2807=LINE('',#14482,#4099);
#2808=LINE('',#14485,#4100);
#2809=LINE('',#14486,#4101);
#2810=LINE('',#14488,#4102);
#2811=LINE('',#14490,#4103);
#2812=LINE('',#14493,#4104);
#2813=LINE('',#14494,#4105);
#2814=LINE('',#14496,#4106);
#2815=LINE('',#14498,#4107);
#2816=LINE('',#14501,#4108);
#2817=LINE('',#14502,#4109);
#2818=LINE('',#14504,#4110);
#2819=LINE('',#14506,#4111);
#2820=LINE('',#14509,#4112);
#2821=LINE('',#14510,#4113);
#2822=LINE('',#14512,#4114);
#2823=LINE('',#14514,#4115);
#2824=LINE('',#14517,#4116);
#2825=LINE('',#14518,#4117);
#2826=LINE('',#14520,#4118);
#2827=LINE('',#14522,#4119);
#2828=LINE('',#14525,#4120);
#2829=LINE('',#14526,#4121);
#2830=LINE('',#14528,#4122);
#2831=LINE('',#14530,#4123);
#2832=LINE('',#14533,#4124);
#2833=LINE('',#14534,#4125);
#2834=LINE('',#14536,#4126);
#2835=LINE('',#14538,#4127);
#2836=LINE('',#14541,#4128);
#2837=LINE('',#14545,#4129);
#2838=LINE('',#14546,#4130);
#2839=LINE('',#14548,#4131);
#2840=LINE('',#14550,#4132);
#2841=LINE('',#14553,#4133);
#2842=LINE('',#14554,#4134);
#2843=LINE('',#14556,#4135);
#2844=LINE('',#14558,#4136);
#2845=LINE('',#14561,#4137);
#2846=LINE('',#14562,#4138);
#2847=LINE('',#14564,#4139);
#2848=LINE('',#14566,#4140);
#2849=LINE('',#14568,#4141);
#2850=LINE('',#14570,#4142);
#2851=LINE('',#14572,#4143);
#2852=LINE('',#14574,#4144);
#2853=LINE('',#14576,#4145);
#2854=LINE('',#14578,#4146);
#2855=LINE('',#14580,#4147);
#2856=LINE('',#14582,#4148);
#2857=LINE('',#14584,#4149);
#2858=LINE('',#14586,#4150);
#2859=LINE('',#14588,#4151);
#2860=LINE('',#14590,#4152);
#2861=LINE('',#14592,#4153);
#2862=LINE('',#14594,#4154);
#2863=LINE('',#14596,#4155);
#2864=LINE('',#14598,#4156);
#2865=LINE('',#14600,#4157);
#2866=LINE('',#14602,#4158);
#2867=LINE('',#14604,#4159);
#2868=LINE('',#14606,#4160);
#2869=LINE('',#14608,#4161);
#2870=LINE('',#14610,#4162);
#2871=LINE('',#14612,#4163);
#2872=LINE('',#14614,#4164);
#2873=LINE('',#14616,#4165);
#2874=LINE('',#14618,#4166);
#2875=LINE('',#14620,#4167);
#2876=LINE('',#14622,#4168);
#2877=LINE('',#14624,#4169);
#2878=LINE('',#14626,#4170);
#2879=LINE('',#14628,#4171);
#2880=LINE('',#14630,#4172);
#2881=LINE('',#14632,#4173);
#2882=LINE('',#14634,#4174);
#2883=LINE('',#14636,#4175);
#2884=LINE('',#14638,#4176);
#2885=LINE('',#14640,#4177);
#2886=LINE('',#14642,#4178);
#2887=LINE('',#14644,#4179);
#2888=LINE('',#14646,#4180);
#2889=LINE('',#14649,#4181);
#2890=LINE('',#14650,#4182);
#2891=LINE('',#14652,#4183);
#2892=LINE('',#14654,#4184);
#2893=LINE('',#14657,#4185);
#2894=LINE('',#14658,#4186);
#2895=LINE('',#14660,#4187);
#2896=LINE('',#14662,#4188);
#2897=LINE('',#14665,#4189);
#2898=LINE('',#14666,#4190);
#2899=LINE('',#14668,#4191);
#2900=LINE('',#14670,#4192);
#2901=LINE('',#14673,#4193);
#2902=LINE('',#14674,#4194);
#2903=LINE('',#14676,#4195);
#2904=LINE('',#14678,#4196);
#2905=LINE('',#14681,#4197);
#2906=LINE('',#14682,#4198);
#2907=LINE('',#14684,#4199);
#2908=LINE('',#14686,#4200);
#2909=LINE('',#14689,#4201);
#2910=LINE('',#14690,#4202);
#2911=LINE('',#14692,#4203);
#2912=LINE('',#14694,#4204);
#2913=LINE('',#14697,#4205);
#2914=LINE('',#14698,#4206);
#2915=LINE('',#14700,#4207);
#2916=LINE('',#14702,#4208);
#2917=LINE('',#14705,#4209);
#2918=LINE('',#14706,#4210);
#2919=LINE('',#14708,#4211);
#2920=LINE('',#14710,#4212);
#2921=LINE('',#14713,#4213);
#2922=LINE('',#14714,#4214);
#2923=LINE('',#14716,#4215);
#2924=LINE('',#14718,#4216);
#2925=LINE('',#14721,#4217);
#2926=LINE('',#14722,#4218);
#2927=LINE('',#14724,#4219);
#2928=LINE('',#14726,#4220);
#2929=LINE('',#14729,#4221);
#2930=LINE('',#14730,#4222);
#2931=LINE('',#14732,#4223);
#2932=LINE('',#14734,#4224);
#2933=LINE('',#14737,#4225);
#2934=LINE('',#14738,#4226);
#2935=LINE('',#14740,#4227);
#2936=LINE('',#14742,#4228);
#2937=LINE('',#14745,#4229);
#2938=LINE('',#14746,#4230);
#2939=LINE('',#14748,#4231);
#2940=LINE('',#14750,#4232);
#2941=LINE('',#14753,#4233);
#2942=LINE('',#14754,#4234);
#2943=LINE('',#14756,#4235);
#2944=LINE('',#14758,#4236);
#2945=LINE('',#14761,#4237);
#2946=LINE('',#14762,#4238);
#2947=LINE('',#14764,#4239);
#2948=LINE('',#14766,#4240);
#2949=LINE('',#14769,#4241);
#2950=LINE('',#14770,#4242);
#2951=LINE('',#14772,#4243);
#2952=LINE('',#14774,#4244);
#2953=LINE('',#14777,#4245);
#2954=LINE('',#14778,#4246);
#2955=LINE('',#14780,#4247);
#2956=LINE('',#14782,#4248);
#2957=LINE('',#14785,#4249);
#2958=LINE('',#14786,#4250);
#2959=LINE('',#14788,#4251);
#2960=LINE('',#14790,#4252);
#2961=LINE('',#14793,#4253);
#2962=LINE('',#14794,#4254);
#2963=LINE('',#14796,#4255);
#2964=LINE('',#14798,#4256);
#2965=LINE('',#14801,#4257);
#2966=LINE('',#14802,#4258);
#2967=LINE('',#14804,#4259);
#2968=LINE('',#14806,#4260);
#2969=VECTOR('',#9993,10.);
#2970=VECTOR('',#9996,10.);
#2971=VECTOR('',#9999,10.);
#2972=VECTOR('',#10000,10.);
#2973=VECTOR('',#10001,10.);
#2974=VECTOR('',#10004,10.);
#2975=VECTOR('',#10005,10.);
#2976=VECTOR('',#10006,10.);
#2977=VECTOR('',#10009,10.);
#2978=VECTOR('',#10010,10.);
#2979=VECTOR('',#10011,10.);
#2980=VECTOR('',#10014,10.);
#2981=VECTOR('',#10015,10.);
#2982=VECTOR('',#10016,10.);
#2983=VECTOR('',#10017,10.);
#2984=VECTOR('',#10024,10.);
#2985=VECTOR('',#10027,10.);
#2986=VECTOR('',#10028,10.);
#2987=VECTOR('',#10029,10.);
#2988=VECTOR('',#10032,10.);
#2989=VECTOR('',#10033,10.);
#2990=VECTOR('',#10034,10.);
#2991=VECTOR('',#10035,10.);
#2992=VECTOR('',#10038,10.);
#2993=VECTOR('',#10039,10.);
#2994=VECTOR('',#10040,10.);
#2995=VECTOR('',#10043,10.);
#2996=VECTOR('',#10044,10.);
#2997=VECTOR('',#10045,10.);
#2998=VECTOR('',#10046,10.);
#2999=VECTOR('',#10047,10.);
#3000=VECTOR('',#10048,10.);
#3001=VECTOR('',#10049,10.);
#3002=VECTOR('',#10050,10.);
#3003=VECTOR('',#10051,10.);
#3004=VECTOR('',#10060,10.);
#3005=VECTOR('',#10061,10.);
#3006=VECTOR('',#10062,10.);
#3007=VECTOR('',#10063,10.);
#3008=VECTOR('',#10064,10.);
#3009=VECTOR('',#10065,10.);
#3010=VECTOR('',#10066,10.);
#3011=VECTOR('',#10067,10.);
#3012=VECTOR('',#10068,10.);
#3013=VECTOR('',#10069,10.);
#3014=VECTOR('',#10070,10.);
#3015=VECTOR('',#10071,10.);
#3016=VECTOR('',#10072,10.);
#3017=VECTOR('',#10073,10.);
#3018=VECTOR('',#10074,10.);
#3019=VECTOR('',#10075,10.);
#3020=VECTOR('',#10076,10.);
#3021=VECTOR('',#10077,10.);
#3022=VECTOR('',#10078,10.);
#3023=VECTOR('',#10079,10.);
#3024=VECTOR('',#10080,10.);
#3025=VECTOR('',#10081,10.);
#3026=VECTOR('',#10082,10.);
#3027=VECTOR('',#10083,10.);
#3028=VECTOR('',#10084,10.);
#3029=VECTOR('',#10085,10.);
#3030=VECTOR('',#10086,10.);
#3031=VECTOR('',#10087,10.);
#3032=VECTOR('',#10088,10.);
#3033=VECTOR('',#10089,10.);
#3034=VECTOR('',#10090,10.);
#3035=VECTOR('',#10091,10.);
#3036=VECTOR('',#10092,10.);
#3037=VECTOR('',#10093,10.);
#3038=VECTOR('',#10094,10.);
#3039=VECTOR('',#10095,10.);
#3040=VECTOR('',#10096,10.);
#3041=VECTOR('',#10097,10.);
#3042=VECTOR('',#10098,10.);
#3043=VECTOR('',#10099,10.);
#3044=VECTOR('',#10100,10.);
#3045=VECTOR('',#10101,10.);
#3046=VECTOR('',#10102,10.);
#3047=VECTOR('',#10103,10.);
#3048=VECTOR('',#10104,10.);
#3049=VECTOR('',#10105,10.);
#3050=VECTOR('',#10106,10.);
#3051=VECTOR('',#10107,10.);
#3052=VECTOR('',#10108,10.);
#3053=VECTOR('',#10109,10.);
#3054=VECTOR('',#10110,10.);
#3055=VECTOR('',#10111,10.);
#3056=VECTOR('',#10112,10.);
#3057=VECTOR('',#10113,10.);
#3058=VECTOR('',#10114,10.);
#3059=VECTOR('',#10115,10.);
#3060=VECTOR('',#10116,10.);
#3061=VECTOR('',#10117,10.);
#3062=VECTOR('',#10118,10.);
#3063=VECTOR('',#10119,10.);
#3064=VECTOR('',#10120,10.);
#3065=VECTOR('',#10121,10.);
#3066=VECTOR('',#10122,10.);
#3067=VECTOR('',#10123,10.);
#3068=VECTOR('',#10124,10.);
#3069=VECTOR('',#10125,10.);
#3070=VECTOR('',#10126,10.);
#3071=VECTOR('',#10127,10.);
#3072=VECTOR('',#10128,10.);
#3073=VECTOR('',#10129,10.);
#3074=VECTOR('',#10130,10.);
#3075=VECTOR('',#10131,10.);
#3076=VECTOR('',#10132,10.);
#3077=VECTOR('',#10133,10.);
#3078=VECTOR('',#10134,10.);
#3079=VECTOR('',#10135,10.);
#3080=VECTOR('',#10136,10.);
#3081=VECTOR('',#10137,10.);
#3082=VECTOR('',#10138,10.);
#3083=VECTOR('',#10139,10.);
#3084=VECTOR('',#10140,10.);
#3085=VECTOR('',#10141,10.);
#3086=VECTOR('',#10142,10.);
#3087=VECTOR('',#10143,10.);
#3088=VECTOR('',#10144,10.);
#3089=VECTOR('',#10145,10.);
#3090=VECTOR('',#10146,10.);
#3091=VECTOR('',#10147,10.);
#3092=VECTOR('',#10148,10.);
#3093=VECTOR('',#10149,10.);
#3094=VECTOR('',#10150,10.);
#3095=VECTOR('',#10151,10.);
#3096=VECTOR('',#10152,10.);
#3097=VECTOR('',#10153,10.);
#3098=VECTOR('',#10154,10.);
#3099=VECTOR('',#10155,10.);
#3100=VECTOR('',#10156,10.);
#3101=VECTOR('',#10157,10.);
#3102=VECTOR('',#10158,10.);
#3103=VECTOR('',#10159,10.);
#3104=VECTOR('',#10160,10.);
#3105=VECTOR('',#10161,10.);
#3106=VECTOR('',#10162,10.);
#3107=VECTOR('',#10163,10.);
#3108=VECTOR('',#10164,10.);
#3109=VECTOR('',#10165,10.);
#3110=VECTOR('',#10166,10.);
#3111=VECTOR('',#10167,10.);
#3112=VECTOR('',#10168,10.);
#3113=VECTOR('',#10169,10.);
#3114=VECTOR('',#10170,10.);
#3115=VECTOR('',#10171,10.);
#3116=VECTOR('',#10172,10.);
#3117=VECTOR('',#10173,10.);
#3118=VECTOR('',#10174,10.);
#3119=VECTOR('',#10175,10.);
#3120=VECTOR('',#10176,10.);
#3121=VECTOR('',#10177,10.);
#3122=VECTOR('',#10178,10.);
#3123=VECTOR('',#10179,10.);
#3124=VECTOR('',#10180,10.);
#3125=VECTOR('',#10181,10.);
#3126=VECTOR('',#10182,10.);
#3127=VECTOR('',#10183,10.);
#3128=VECTOR('',#10184,10.);
#3129=VECTOR('',#10185,10.);
#3130=VECTOR('',#10186,10.);
#3131=VECTOR('',#10187,10.);
#3132=VECTOR('',#10188,10.);
#3133=VECTOR('',#10189,10.);
#3134=VECTOR('',#10190,10.);
#3135=VECTOR('',#10191,10.);
#3136=VECTOR('',#10192,10.);
#3137=VECTOR('',#10193,10.);
#3138=VECTOR('',#10194,10.);
#3139=VECTOR('',#10195,10.);
#3140=VECTOR('',#10196,10.);
#3141=VECTOR('',#10197,10.);
#3142=VECTOR('',#10198,10.);
#3143=VECTOR('',#10199,10.);
#3144=VECTOR('',#10200,10.);
#3145=VECTOR('',#10201,10.);
#3146=VECTOR('',#10202,10.);
#3147=VECTOR('',#10203,10.);
#3148=VECTOR('',#10204,10.);
#3149=VECTOR('',#10205,10.);
#3150=VECTOR('',#10206,10.);
#3151=VECTOR('',#10207,10.);
#3152=VECTOR('',#10208,10.);
#3153=VECTOR('',#10209,10.);
#3154=VECTOR('',#10210,10.);
#3155=VECTOR('',#10211,10.);
#3156=VECTOR('',#10212,10.);
#3157=VECTOR('',#10213,10.);
#3158=VECTOR('',#10214,10.);
#3159=VECTOR('',#10215,10.);
#3160=VECTOR('',#10216,10.);
#3161=VECTOR('',#10217,10.);
#3162=VECTOR('',#10218,10.);
#3163=VECTOR('',#10219,10.);
#3164=VECTOR('',#10220,10.);
#3165=VECTOR('',#10221,10.);
#3166=VECTOR('',#10222,10.);
#3167=VECTOR('',#10223,10.);
#3168=VECTOR('',#10224,10.);
#3169=VECTOR('',#10225,10.);
#3170=VECTOR('',#10226,10.);
#3171=VECTOR('',#10227,10.);
#3172=VECTOR('',#10228,10.);
#3173=VECTOR('',#10229,10.);
#3174=VECTOR('',#10230,10.);
#3175=VECTOR('',#10231,10.);
#3176=VECTOR('',#10232,10.);
#3177=VECTOR('',#10233,10.);
#3178=VECTOR('',#10234,10.);
#3179=VECTOR('',#10235,10.);
#3180=VECTOR('',#10236,10.);
#3181=VECTOR('',#10237,10.);
#3182=VECTOR('',#10238,10.);
#3183=VECTOR('',#10239,10.);
#3184=VECTOR('',#10240,10.);
#3185=VECTOR('',#10241,10.);
#3186=VECTOR('',#10242,10.);
#3187=VECTOR('',#10243,10.);
#3188=VECTOR('',#10244,10.);
#3189=VECTOR('',#10245,10.);
#3190=VECTOR('',#10246,10.);
#3191=VECTOR('',#10247,10.);
#3192=VECTOR('',#10248,10.);
#3193=VECTOR('',#10249,10.);
#3194=VECTOR('',#10250,10.);
#3195=VECTOR('',#10251,10.);
#3196=VECTOR('',#10252,10.);
#3197=VECTOR('',#10253,10.);
#3198=VECTOR('',#10254,10.);
#3199=VECTOR('',#10255,10.);
#3200=VECTOR('',#10256,10.);
#3201=VECTOR('',#10257,10.);
#3202=VECTOR('',#10258,10.);
#3203=VECTOR('',#10259,10.);
#3204=VECTOR('',#10260,10.);
#3205=VECTOR('',#10261,10.);
#3206=VECTOR('',#10262,10.);
#3207=VECTOR('',#10263,10.);
#3208=VECTOR('',#10264,10.);
#3209=VECTOR('',#10265,10.);
#3210=VECTOR('',#10266,10.);
#3211=VECTOR('',#10267,10.);
#3212=VECTOR('',#10268,10.);
#3213=VECTOR('',#10269,10.);
#3214=VECTOR('',#10270,10.);
#3215=VECTOR('',#10271,10.);
#3216=VECTOR('',#10272,10.);
#3217=VECTOR('',#10273,10.);
#3218=VECTOR('',#10274,10.);
#3219=VECTOR('',#10275,10.);
#3220=VECTOR('',#10276,10.);
#3221=VECTOR('',#10277,10.);
#3222=VECTOR('',#10278,10.);
#3223=VECTOR('',#10279,10.);
#3224=VECTOR('',#10280,10.);
#3225=VECTOR('',#10281,10.);
#3226=VECTOR('',#10282,10.);
#3227=VECTOR('',#10283,10.);
#3228=VECTOR('',#10284,10.);
#3229=VECTOR('',#10285,10.);
#3230=VECTOR('',#10286,10.);
#3231=VECTOR('',#10287,10.);
#3232=VECTOR('',#10288,10.);
#3233=VECTOR('',#10289,10.);
#3234=VECTOR('',#10290,10.);
#3235=VECTOR('',#10291,10.);
#3236=VECTOR('',#10292,10.);
#3237=VECTOR('',#10293,10.);
#3238=VECTOR('',#10294,10.);
#3239=VECTOR('',#10295,10.);
#3240=VECTOR('',#10296,10.);
#3241=VECTOR('',#10297,10.);
#3242=VECTOR('',#10298,10.);
#3243=VECTOR('',#10299,10.);
#3244=VECTOR('',#10300,10.);
#3245=VECTOR('',#10301,10.);
#3246=VECTOR('',#10302,10.);
#3247=VECTOR('',#10303,10.);
#3248=VECTOR('',#10304,10.);
#3249=VECTOR('',#10305,10.);
#3250=VECTOR('',#10306,10.);
#3251=VECTOR('',#10307,10.);
#3252=VECTOR('',#10308,10.);
#3253=VECTOR('',#10309,10.);
#3254=VECTOR('',#10310,10.);
#3255=VECTOR('',#10311,10.);
#3256=VECTOR('',#10312,10.);
#3257=VECTOR('',#10313,10.);
#3258=VECTOR('',#10314,10.);
#3259=VECTOR('',#10315,10.);
#3260=VECTOR('',#10316,10.);
#3261=VECTOR('',#10317,10.);
#3262=VECTOR('',#10318,10.);
#3263=VECTOR('',#10319,10.);
#3264=VECTOR('',#10320,10.);
#3265=VECTOR('',#10321,10.);
#3266=VECTOR('',#10322,10.);
#3267=VECTOR('',#10323,10.);
#3268=VECTOR('',#10324,10.);
#3269=VECTOR('',#10325,10.);
#3270=VECTOR('',#10326,10.);
#3271=VECTOR('',#10327,10.);
#3272=VECTOR('',#10328,10.);
#3273=VECTOR('',#10329,10.);
#3274=VECTOR('',#10330,10.);
#3275=VECTOR('',#10331,10.);
#3276=VECTOR('',#10332,10.);
#3277=VECTOR('',#10333,10.);
#3278=VECTOR('',#10334,10.);
#3279=VECTOR('',#10335,10.);
#3280=VECTOR('',#10336,10.);
#3281=VECTOR('',#10337,10.);
#3282=VECTOR('',#10338,10.);
#3283=VECTOR('',#10339,10.);
#3284=VECTOR('',#10340,10.);
#3285=VECTOR('',#10341,10.);
#3286=VECTOR('',#10342,10.);
#3287=VECTOR('',#10343,10.);
#3288=VECTOR('',#10344,10.);
#3289=VECTOR('',#10345,10.);
#3290=VECTOR('',#10346,10.);
#3291=VECTOR('',#10347,10.);
#3292=VECTOR('',#10348,10.);
#3293=VECTOR('',#10349,10.);
#3294=VECTOR('',#10350,10.);
#3295=VECTOR('',#10351,10.);
#3296=VECTOR('',#10352,10.);
#3297=VECTOR('',#10353,10.);
#3298=VECTOR('',#10354,10.);
#3299=VECTOR('',#10355,10.);
#3300=VECTOR('',#10356,10.);
#3301=VECTOR('',#10357,10.);
#3302=VECTOR('',#10358,10.);
#3303=VECTOR('',#10359,10.);
#3304=VECTOR('',#10360,10.);
#3305=VECTOR('',#10361,10.);
#3306=VECTOR('',#10362,10.);
#3307=VECTOR('',#10363,10.);
#3308=VECTOR('',#10364,10.);
#3309=VECTOR('',#10365,10.);
#3310=VECTOR('',#10366,10.);
#3311=VECTOR('',#10367,10.);
#3312=VECTOR('',#10368,10.);
#3313=VECTOR('',#10369,10.);
#3314=VECTOR('',#10370,10.);
#3315=VECTOR('',#10371,10.);
#3316=VECTOR('',#10372,10.);
#3317=VECTOR('',#10373,10.);
#3318=VECTOR('',#10374,10.);
#3319=VECTOR('',#10375,10.);
#3320=VECTOR('',#10376,10.);
#3321=VECTOR('',#10377,10.);
#3322=VECTOR('',#10378,10.);
#3323=VECTOR('',#10379,10.);
#3324=VECTOR('',#10380,10.);
#3325=VECTOR('',#10381,10.);
#3326=VECTOR('',#10382,10.);
#3327=VECTOR('',#10383,10.);
#3328=VECTOR('',#10384,10.);
#3329=VECTOR('',#10385,10.);
#3330=VECTOR('',#10386,10.);
#3331=VECTOR('',#10387,10.);
#3332=VECTOR('',#10388,10.);
#3333=VECTOR('',#10389,10.);
#3334=VECTOR('',#10390,10.);
#3335=VECTOR('',#10391,10.);
#3336=VECTOR('',#10392,10.);
#3337=VECTOR('',#10393,10.);
#3338=VECTOR('',#10394,10.);
#3339=VECTOR('',#10395,10.);
#3340=VECTOR('',#10396,10.);
#3341=VECTOR('',#10397,10.);
#3342=VECTOR('',#10398,10.);
#3343=VECTOR('',#10399,10.);
#3344=VECTOR('',#10400,10.);
#3345=VECTOR('',#10401,10.);
#3346=VECTOR('',#10402,10.);
#3347=VECTOR('',#10403,10.);
#3348=VECTOR('',#10404,10.);
#3349=VECTOR('',#10405,10.);
#3350=VECTOR('',#10406,10.);
#3351=VECTOR('',#10407,10.);
#3352=VECTOR('',#10408,10.);
#3353=VECTOR('',#10409,10.);
#3354=VECTOR('',#10410,10.);
#3355=VECTOR('',#10411,10.);
#3356=VECTOR('',#10412,10.);
#3357=VECTOR('',#10413,10.);
#3358=VECTOR('',#10414,10.);
#3359=VECTOR('',#10415,10.);
#3360=VECTOR('',#10416,10.);
#3361=VECTOR('',#10417,10.);
#3362=VECTOR('',#10418,10.);
#3363=VECTOR('',#10419,10.);
#3364=VECTOR('',#10420,10.);
#3365=VECTOR('',#10421,10.);
#3366=VECTOR('',#10422,10.);
#3367=VECTOR('',#10423,10.);
#3368=VECTOR('',#10424,10.);
#3369=VECTOR('',#10425,10.);
#3370=VECTOR('',#10426,10.);
#3371=VECTOR('',#10427,10.);
#3372=VECTOR('',#10428,10.);
#3373=VECTOR('',#10429,10.);
#3374=VECTOR('',#10430,10.);
#3375=VECTOR('',#10431,10.);
#3376=VECTOR('',#10432,10.);
#3377=VECTOR('',#10433,10.);
#3378=VECTOR('',#10434,10.);
#3379=VECTOR('',#10435,10.);
#3380=VECTOR('',#10436,10.);
#3381=VECTOR('',#10437,10.);
#3382=VECTOR('',#10438,10.);
#3383=VECTOR('',#10439,10.);
#3384=VECTOR('',#10440,10.);
#3385=VECTOR('',#10441,10.);
#3386=VECTOR('',#10442,10.);
#3387=VECTOR('',#10443,10.);
#3388=VECTOR('',#10444,10.);
#3389=VECTOR('',#10445,10.);
#3390=VECTOR('',#10446,10.);
#3391=VECTOR('',#10447,10.);
#3392=VECTOR('',#10448,10.);
#3393=VECTOR('',#10449,10.);
#3394=VECTOR('',#10450,10.);
#3395=VECTOR('',#10451,10.);
#3396=VECTOR('',#10452,10.);
#3397=VECTOR('',#10453,10.);
#3398=VECTOR('',#10454,10.);
#3399=VECTOR('',#10455,10.);
#3400=VECTOR('',#10456,10.);
#3401=VECTOR('',#10457,10.);
#3402=VECTOR('',#10458,10.);
#3403=VECTOR('',#10459,10.);
#3404=VECTOR('',#10460,10.);
#3405=VECTOR('',#10461,10.);
#3406=VECTOR('',#10462,10.);
#3407=VECTOR('',#10463,10.);
#3408=VECTOR('',#10464,10.);
#3409=VECTOR('',#10465,10.);
#3410=VECTOR('',#10466,10.);
#3411=VECTOR('',#10467,10.);
#3412=VECTOR('',#10468,10.);
#3413=VECTOR('',#10469,10.);
#3414=VECTOR('',#10470,10.);
#3415=VECTOR('',#10471,10.);
#3416=VECTOR('',#10478,10.);
#3417=VECTOR('',#10479,10.);
#3418=VECTOR('',#10482,10.);
#3419=VECTOR('',#10485,10.);
#3420=VECTOR('',#10486,10.);
#3421=VECTOR('',#10487,10.);
#3422=VECTOR('',#10490,10.);
#3423=VECTOR('',#10491,10.);
#3424=VECTOR('',#10494,10.);
#3425=VECTOR('',#10495,10.);
#3426=VECTOR('',#10498,10.);
#3427=VECTOR('',#10501,10.);
#3428=VECTOR('',#10502,10.);
#3429=VECTOR('',#10503,10.);
#3430=VECTOR('',#10512,10.);
#3431=VECTOR('',#10513,10.);
#3432=VECTOR('',#10514,10.);
#3433=VECTOR('',#10515,10.);
#3434=VECTOR('',#10516,10.);
#3435=VECTOR('',#10517,10.);
#3436=VECTOR('',#10518,10.);
#3437=VECTOR('',#10519,10.);
#3438=VECTOR('',#10520,10.);
#3439=VECTOR('',#10521,10.);
#3440=VECTOR('',#10522,10.);
#3441=VECTOR('',#10523,10.);
#3442=VECTOR('',#10524,10.);
#3443=VECTOR('',#10525,10.);
#3444=VECTOR('',#10526,10.);
#3445=VECTOR('',#10527,10.);
#3446=VECTOR('',#10528,10.);
#3447=VECTOR('',#10529,10.);
#3448=VECTOR('',#10530,10.);
#3449=VECTOR('',#10531,10.);
#3450=VECTOR('',#10532,10.);
#3451=VECTOR('',#10533,10.);
#3452=VECTOR('',#10534,10.);
#3453=VECTOR('',#10535,10.);
#3454=VECTOR('',#10536,10.);
#3455=VECTOR('',#10537,10.);
#3456=VECTOR('',#10538,10.);
#3457=VECTOR('',#10539,10.);
#3458=VECTOR('',#10540,10.);
#3459=VECTOR('',#10541,10.);
#3460=VECTOR('',#10542,10.);
#3461=VECTOR('',#10543,10.);
#3462=VECTOR('',#10544,10.);
#3463=VECTOR('',#10545,10.);
#3464=VECTOR('',#10546,10.);
#3465=VECTOR('',#10547,10.);
#3466=VECTOR('',#10548,10.);
#3467=VECTOR('',#10549,10.);
#3468=VECTOR('',#10550,10.);
#3469=VECTOR('',#10551,10.);
#3470=VECTOR('',#10552,10.);
#3471=VECTOR('',#10553,10.);
#3472=VECTOR('',#10554,10.);
#3473=VECTOR('',#10555,10.);
#3474=VECTOR('',#10556,10.);
#3475=VECTOR('',#10557,10.);
#3476=VECTOR('',#10558,10.);
#3477=VECTOR('',#10559,10.);
#3478=VECTOR('',#10560,10.);
#3479=VECTOR('',#10561,10.);
#3480=VECTOR('',#10562,10.);
#3481=VECTOR('',#10563,10.);
#3482=VECTOR('',#10564,10.);
#3483=VECTOR('',#10565,10.);
#3484=VECTOR('',#10566,10.);
#3485=VECTOR('',#10567,10.);
#3486=VECTOR('',#10568,10.);
#3487=VECTOR('',#10569,10.);
#3488=VECTOR('',#10570,10.);
#3489=VECTOR('',#10571,10.);
#3490=VECTOR('',#10572,10.);
#3491=VECTOR('',#10573,10.);
#3492=VECTOR('',#10574,10.);
#3493=VECTOR('',#10575,10.);
#3494=VECTOR('',#10576,10.);
#3495=VECTOR('',#10577,10.);
#3496=VECTOR('',#10578,10.);
#3497=VECTOR('',#10579,10.);
#3498=VECTOR('',#10580,10.);
#3499=VECTOR('',#10581,10.);
#3500=VECTOR('',#10582,10.);
#3501=VECTOR('',#10583,10.);
#3502=VECTOR('',#10584,10.);
#3503=VECTOR('',#10585,10.);
#3504=VECTOR('',#10586,10.);
#3505=VECTOR('',#10587,10.);
#3506=VECTOR('',#10588,10.);
#3507=VECTOR('',#10589,10.);
#3508=VECTOR('',#10590,10.);
#3509=VECTOR('',#10591,10.);
#3510=VECTOR('',#10592,10.);
#3511=VECTOR('',#10593,10.);
#3512=VECTOR('',#10594,10.);
#3513=VECTOR('',#10595,10.);
#3514=VECTOR('',#10596,10.);
#3515=VECTOR('',#10597,10.);
#3516=VECTOR('',#10598,10.);
#3517=VECTOR('',#10599,10.);
#3518=VECTOR('',#10600,10.);
#3519=VECTOR('',#10601,10.);
#3520=VECTOR('',#10602,10.);
#3521=VECTOR('',#10603,10.);
#3522=VECTOR('',#10604,10.);
#3523=VECTOR('',#10605,10.);
#3524=VECTOR('',#10606,10.);
#3525=VECTOR('',#10607,10.);
#3526=VECTOR('',#10608,10.);
#3527=VECTOR('',#10609,10.);
#3528=VECTOR('',#10610,10.);
#3529=VECTOR('',#10611,10.);
#3530=VECTOR('',#10612,10.);
#3531=VECTOR('',#10613,10.);
#3532=VECTOR('',#10614,10.);
#3533=VECTOR('',#10615,10.);
#3534=VECTOR('',#10616,10.);
#3535=VECTOR('',#10617,10.);
#3536=VECTOR('',#10618,10.);
#3537=VECTOR('',#10619,10.);
#3538=VECTOR('',#10620,10.);
#3539=VECTOR('',#10621,10.);
#3540=VECTOR('',#10622,10.);
#3541=VECTOR('',#10623,10.);
#3542=VECTOR('',#10624,10.);
#3543=VECTOR('',#10625,10.);
#3544=VECTOR('',#10626,10.);
#3545=VECTOR('',#10627,10.);
#3546=VECTOR('',#10628,10.);
#3547=VECTOR('',#10629,10.);
#3548=VECTOR('',#10630,10.);
#3549=VECTOR('',#10631,10.);
#3550=VECTOR('',#10632,10.);
#3551=VECTOR('',#10633,10.);
#3552=VECTOR('',#10634,10.);
#3553=VECTOR('',#10635,10.);
#3554=VECTOR('',#10636,10.);
#3555=VECTOR('',#10637,10.);
#3556=VECTOR('',#10638,10.);
#3557=VECTOR('',#10639,10.);
#3558=VECTOR('',#10640,10.);
#3559=VECTOR('',#10641,10.);
#3560=VECTOR('',#10642,10.);
#3561=VECTOR('',#10643,10.);
#3562=VECTOR('',#10644,10.);
#3563=VECTOR('',#10645,10.);
#3564=VECTOR('',#10646,10.);
#3565=VECTOR('',#10647,10.);
#3566=VECTOR('',#10648,10.);
#3567=VECTOR('',#10649,10.);
#3568=VECTOR('',#10650,10.);
#3569=VECTOR('',#10651,10.);
#3570=VECTOR('',#10652,10.);
#3571=VECTOR('',#10653,10.);
#3572=VECTOR('',#10654,10.);
#3573=VECTOR('',#10655,10.);
#3574=VECTOR('',#10656,10.);
#3575=VECTOR('',#10657,10.);
#3576=VECTOR('',#10658,10.);
#3577=VECTOR('',#10659,10.);
#3578=VECTOR('',#10660,10.);
#3579=VECTOR('',#10661,10.);
#3580=VECTOR('',#10662,10.);
#3581=VECTOR('',#10663,10.);
#3582=VECTOR('',#10664,10.);
#3583=VECTOR('',#10665,10.);
#3584=VECTOR('',#10666,10.);
#3585=VECTOR('',#10667,10.);
#3586=VECTOR('',#10668,10.);
#3587=VECTOR('',#10669,10.);
#3588=VECTOR('',#10670,10.);
#3589=VECTOR('',#10671,10.);
#3590=VECTOR('',#10672,10.);
#3591=VECTOR('',#10673,10.);
#3592=VECTOR('',#10674,10.);
#3593=VECTOR('',#10675,10.);
#3594=VECTOR('',#10676,10.);
#3595=VECTOR('',#10677,10.);
#3596=VECTOR('',#10678,10.);
#3597=VECTOR('',#10679,10.);
#3598=VECTOR('',#10680,10.);
#3599=VECTOR('',#10681,10.);
#3600=VECTOR('',#10682,10.);
#3601=VECTOR('',#10683,10.);
#3602=VECTOR('',#10684,10.);
#3603=VECTOR('',#10685,10.);
#3604=VECTOR('',#10686,10.);
#3605=VECTOR('',#10687,10.);
#3606=VECTOR('',#10688,10.);
#3607=VECTOR('',#10689,10.);
#3608=VECTOR('',#10690,10.);
#3609=VECTOR('',#10691,10.);
#3610=VECTOR('',#10692,10.);
#3611=VECTOR('',#10693,10.);
#3612=VECTOR('',#10694,10.);
#3613=VECTOR('',#10695,10.);
#3614=VECTOR('',#10696,10.);
#3615=VECTOR('',#10697,10.);
#3616=VECTOR('',#10698,10.);
#3617=VECTOR('',#10699,10.);
#3618=VECTOR('',#10700,10.);
#3619=VECTOR('',#10701,10.);
#3620=VECTOR('',#10702,10.);
#3621=VECTOR('',#10703,10.);
#3622=VECTOR('',#10704,10.);
#3623=VECTOR('',#10705,10.);
#3624=VECTOR('',#10706,10.);
#3625=VECTOR('',#10707,10.);
#3626=VECTOR('',#10708,10.);
#3627=VECTOR('',#10709,10.);
#3628=VECTOR('',#10710,10.);
#3629=VECTOR('',#10711,10.);
#3630=VECTOR('',#10712,10.);
#3631=VECTOR('',#10713,10.);
#3632=VECTOR('',#10714,10.);
#3633=VECTOR('',#10715,10.);
#3634=VECTOR('',#10716,10.);
#3635=VECTOR('',#10717,10.);
#3636=VECTOR('',#10718,10.);
#3637=VECTOR('',#10719,10.);
#3638=VECTOR('',#10720,10.);
#3639=VECTOR('',#10721,10.);
#3640=VECTOR('',#10722,10.);
#3641=VECTOR('',#10723,10.);
#3642=VECTOR('',#10724,10.);
#3643=VECTOR('',#10725,10.);
#3644=VECTOR('',#10726,10.);
#3645=VECTOR('',#10727,10.);
#3646=VECTOR('',#10728,10.);
#3647=VECTOR('',#10729,10.);
#3648=VECTOR('',#10730,10.);
#3649=VECTOR('',#10731,10.);
#3650=VECTOR('',#10732,10.);
#3651=VECTOR('',#10733,10.);
#3652=VECTOR('',#10734,10.);
#3653=VECTOR('',#10735,10.);
#3654=VECTOR('',#10736,10.);
#3655=VECTOR('',#10737,10.);
#3656=VECTOR('',#10738,10.);
#3657=VECTOR('',#10739,10.);
#3658=VECTOR('',#10740,10.);
#3659=VECTOR('',#10741,10.);
#3660=VECTOR('',#10742,10.);
#3661=VECTOR('',#10743,10.);
#3662=VECTOR('',#10744,10.);
#3663=VECTOR('',#10745,10.);
#3664=VECTOR('',#10746,10.);
#3665=VECTOR('',#10747,10.);
#3666=VECTOR('',#10748,10.);
#3667=VECTOR('',#10749,10.);
#3668=VECTOR('',#10750,10.);
#3669=VECTOR('',#10751,10.);
#3670=VECTOR('',#10752,10.);
#3671=VECTOR('',#10753,10.);
#3672=VECTOR('',#10754,10.);
#3673=VECTOR('',#10755,10.);
#3674=VECTOR('',#10756,10.);
#3675=VECTOR('',#10757,10.);
#3676=VECTOR('',#10758,10.);
#3677=VECTOR('',#10759,10.);
#3678=VECTOR('',#10760,10.);
#3679=VECTOR('',#10761,10.);
#3680=VECTOR('',#10762,10.);
#3681=VECTOR('',#10763,10.);
#3682=VECTOR('',#10764,10.);
#3683=VECTOR('',#10765,10.);
#3684=VECTOR('',#10766,10.);
#3685=VECTOR('',#10767,10.);
#3686=VECTOR('',#10768,10.);
#3687=VECTOR('',#10769,10.);
#3688=VECTOR('',#10770,10.);
#3689=VECTOR('',#10771,10.);
#3690=VECTOR('',#10772,10.);
#3691=VECTOR('',#10773,10.);
#3692=VECTOR('',#10774,10.);
#3693=VECTOR('',#10775,10.);
#3694=VECTOR('',#10776,10.);
#3695=VECTOR('',#10777,10.);
#3696=VECTOR('',#10778,10.);
#3697=VECTOR('',#10779,10.);
#3698=VECTOR('',#10780,10.);
#3699=VECTOR('',#10781,10.);
#3700=VECTOR('',#10782,10.);
#3701=VECTOR('',#10783,10.);
#3702=VECTOR('',#10784,10.);
#3703=VECTOR('',#10785,10.);
#3704=VECTOR('',#10786,10.);
#3705=VECTOR('',#10787,10.);
#3706=VECTOR('',#10788,10.);
#3707=VECTOR('',#10789,10.);
#3708=VECTOR('',#10790,10.);
#3709=VECTOR('',#10791,10.);
#3710=VECTOR('',#10792,10.);
#3711=VECTOR('',#10793,10.);
#3712=VECTOR('',#10794,10.);
#3713=VECTOR('',#10795,10.);
#3714=VECTOR('',#10796,10.);
#3715=VECTOR('',#10797,10.);
#3716=VECTOR('',#10798,10.);
#3717=VECTOR('',#10799,10.);
#3718=VECTOR('',#10800,10.);
#3719=VECTOR('',#10801,10.);
#3720=VECTOR('',#10802,10.);
#3721=VECTOR('',#10803,10.);
#3722=VECTOR('',#10804,10.);
#3723=VECTOR('',#10805,10.);
#3724=VECTOR('',#10806,10.);
#3725=VECTOR('',#10807,10.);
#3726=VECTOR('',#10808,10.);
#3727=VECTOR('',#10809,10.);
#3728=VECTOR('',#10810,10.);
#3729=VECTOR('',#10811,10.);
#3730=VECTOR('',#10812,10.);
#3731=VECTOR('',#10813,10.);
#3732=VECTOR('',#10814,10.);
#3733=VECTOR('',#10815,10.);
#3734=VECTOR('',#10816,10.);
#3735=VECTOR('',#10817,10.);
#3736=VECTOR('',#10818,10.);
#3737=VECTOR('',#10819,10.);
#3738=VECTOR('',#10820,10.);
#3739=VECTOR('',#10821,10.);
#3740=VECTOR('',#10822,10.);
#3741=VECTOR('',#10823,10.);
#3742=VECTOR('',#10824,10.);
#3743=VECTOR('',#10825,10.);
#3744=VECTOR('',#10826,10.);
#3745=VECTOR('',#10827,10.);
#3746=VECTOR('',#10828,10.);
#3747=VECTOR('',#10829,10.);
#3748=VECTOR('',#10830,10.);
#3749=VECTOR('',#10831,10.);
#3750=VECTOR('',#10832,10.);
#3751=VECTOR('',#10833,10.);
#3752=VECTOR('',#10834,10.);
#3753=VECTOR('',#10835,10.);
#3754=VECTOR('',#10836,10.);
#3755=VECTOR('',#10837,10.);
#3756=VECTOR('',#10838,10.);
#3757=VECTOR('',#10839,10.);
#3758=VECTOR('',#10840,10.);
#3759=VECTOR('',#10841,10.);
#3760=VECTOR('',#10842,10.);
#3761=VECTOR('',#10843,10.);
#3762=VECTOR('',#10844,10.);
#3763=VECTOR('',#10845,10.);
#3764=VECTOR('',#10846,10.);
#3765=VECTOR('',#10847,10.);
#3766=VECTOR('',#10848,10.);
#3767=VECTOR('',#10849,10.);
#3768=VECTOR('',#10850,10.);
#3769=VECTOR('',#10851,10.);
#3770=VECTOR('',#10852,10.);
#3771=VECTOR('',#10853,10.);
#3772=VECTOR('',#10854,10.);
#3773=VECTOR('',#10855,10.);
#3774=VECTOR('',#10856,10.);
#3775=VECTOR('',#10857,10.);
#3776=VECTOR('',#10858,10.);
#3777=VECTOR('',#10859,10.);
#3778=VECTOR('',#10860,10.);
#3779=VECTOR('',#10861,10.);
#3780=VECTOR('',#10862,10.);
#3781=VECTOR('',#10863,10.);
#3782=VECTOR('',#10864,10.);
#3783=VECTOR('',#10865,10.);
#3784=VECTOR('',#10866,10.);
#3785=VECTOR('',#10867,10.);
#3786=VECTOR('',#10868,10.);
#3787=VECTOR('',#10869,10.);
#3788=VECTOR('',#10870,10.);
#3789=VECTOR('',#10871,10.);
#3790=VECTOR('',#10872,10.);
#3791=VECTOR('',#10873,10.);
#3792=VECTOR('',#10874,10.);
#3793=VECTOR('',#10875,10.);
#3794=VECTOR('',#10876,10.);
#3795=VECTOR('',#10877,10.);
#3796=VECTOR('',#10878,10.);
#3797=VECTOR('',#10879,10.);
#3798=VECTOR('',#10880,10.);
#3799=VECTOR('',#10881,10.);
#3800=VECTOR('',#10882,10.);
#3801=VECTOR('',#10883,10.);
#3802=VECTOR('',#10884,10.);
#3803=VECTOR('',#10885,10.);
#3804=VECTOR('',#10886,10.);
#3805=VECTOR('',#10887,10.);
#3806=VECTOR('',#10888,10.);
#3807=VECTOR('',#10889,10.);
#3808=VECTOR('',#10890,10.);
#3809=VECTOR('',#10891,10.);
#3810=VECTOR('',#10892,10.);
#3811=VECTOR('',#10893,10.);
#3812=VECTOR('',#10894,10.);
#3813=VECTOR('',#10895,10.);
#3814=VECTOR('',#10896,10.);
#3815=VECTOR('',#10897,10.);
#3816=VECTOR('',#10898,10.);
#3817=VECTOR('',#10899,10.);
#3818=VECTOR('',#10900,10.);
#3819=VECTOR('',#10901,10.);
#3820=VECTOR('',#10902,10.);
#3821=VECTOR('',#10903,10.);
#3822=VECTOR('',#10904,10.);
#3823=VECTOR('',#10905,10.);
#3824=VECTOR('',#10906,10.);
#3825=VECTOR('',#10907,10.);
#3826=VECTOR('',#10908,10.);
#3827=VECTOR('',#10909,10.);
#3828=VECTOR('',#10910,10.);
#3829=VECTOR('',#10911,10.);
#3830=VECTOR('',#10912,10.);
#3831=VECTOR('',#10913,10.);
#3832=VECTOR('',#10914,10.);
#3833=VECTOR('',#10915,10.);
#3834=VECTOR('',#10916,10.);
#3835=VECTOR('',#10917,10.);
#3836=VECTOR('',#10918,10.);
#3837=VECTOR('',#10919,10.);
#3838=VECTOR('',#10920,10.);
#3839=VECTOR('',#10921,10.);
#3840=VECTOR('',#10922,10.);
#3841=VECTOR('',#10923,10.);
#3842=VECTOR('',#10932,1.6);
#3843=VECTOR('',#10935,1.6);
#3844=VECTOR('',#10938,1.6);
#3845=VECTOR('',#10941,1.6);
#3846=VECTOR('',#10944,1.6);
#3847=VECTOR('',#10947,1.6);
#3848=VECTOR('',#10950,10.);
#3849=VECTOR('',#10955,10.);
#3850=VECTOR('',#10956,10.);
#3851=VECTOR('',#10959,10.);
#3852=VECTOR('',#10962,10.);
#3853=VECTOR('',#10965,10.);
#3854=VECTOR('',#10968,10.);
#3855=VECTOR('',#10971,10.);
#3856=VECTOR('',#10974,10.);
#3857=VECTOR('',#10977,10.);
#3858=VECTOR('',#10980,10.);
#3859=VECTOR('',#10983,10.);
#3860=VECTOR('',#10986,10.);
#3861=VECTOR('',#10987,10.);
#3862=VECTOR('',#10990,10.);
#3863=VECTOR('',#10993,10.);
#3864=VECTOR('',#10996,10.);
#3865=VECTOR('',#10999,10.);
#3866=VECTOR('',#11002,10.);
#3867=VECTOR('',#11005,10.);
#3868=VECTOR('',#11008,10.);
#3869=VECTOR('',#11011,10.);
#3870=VECTOR('',#11012,10.);
#3871=VECTOR('',#11015,10.);
#3872=VECTOR('',#11018,10.);
#3873=VECTOR('',#11021,10.);
#3874=VECTOR('',#11024,10.);
#3875=VECTOR('',#11027,10.);
#3876=VECTOR('',#11030,10.);
#3877=VECTOR('',#11033,10.);
#3878=VECTOR('',#11036,10.);
#3879=VECTOR('',#11039,10.);
#3880=VECTOR('',#11042,10.);
#3881=VECTOR('',#11045,10.);
#3882=VECTOR('',#11048,10.);
#3883=VECTOR('',#11051,10.);
#3884=VECTOR('',#11054,10.);
#3885=VECTOR('',#11057,10.);
#3886=VECTOR('',#11060,10.);
#3887=VECTOR('',#11063,10.);
#3888=VECTOR('',#11066,10.);
#3889=VECTOR('',#11071,10.);
#3890=VECTOR('',#11074,10.);
#3891=VECTOR('',#11077,10.);
#3892=VECTOR('',#11080,10.);
#3893=VECTOR('',#11081,10.);
#3894=VECTOR('',#11084,10.);
#3895=VECTOR('',#11087,10.);
#3896=VECTOR('',#11092,10.);
#3897=VECTOR('',#11093,10.);
#3898=VECTOR('',#11096,10.);
#3899=VECTOR('',#11099,10.);
#3900=VECTOR('',#11104,10.);
#3901=VECTOR('',#11105,10.);
#3902=VECTOR('',#11108,10.);
#3903=VECTOR('',#11111,10.);
#3904=VECTOR('',#11116,10.);
#3905=VECTOR('',#11117,10.);
#3906=VECTOR('',#11120,10.);
#3907=VECTOR('',#11123,10.);
#3908=VECTOR('',#11128,10.);
#3909=VECTOR('',#11129,10.);
#3910=VECTOR('',#11132,10.);
#3911=VECTOR('',#11135,10.);
#3912=VECTOR('',#11140,10.);
#3913=VECTOR('',#11141,10.);
#3914=VECTOR('',#11144,10.);
#3915=VECTOR('',#11147,10.);
#3916=VECTOR('',#11152,10.);
#3917=VECTOR('',#11153,10.);
#3918=VECTOR('',#11156,10.);
#3919=VECTOR('',#11159,10.);
#3920=VECTOR('',#11164,10.);
#3921=VECTOR('',#11165,10.);
#3922=VECTOR('',#11168,10.);
#3923=VECTOR('',#11171,10.);
#3924=VECTOR('',#11176,10.);
#3925=VECTOR('',#11177,10.);
#3926=VECTOR('',#11180,10.);
#3927=VECTOR('',#11183,10.);
#3928=VECTOR('',#11188,10.);
#3929=VECTOR('',#11189,10.);
#3930=VECTOR('',#11192,10.);
#3931=VECTOR('',#11195,10.);
#3932=VECTOR('',#11200,10.);
#3933=VECTOR('',#11201,10.);
#3934=VECTOR('',#11204,10.);
#3935=VECTOR('',#11207,10.);
#3936=VECTOR('',#11212,10.);
#3937=VECTOR('',#11213,10.);
#3938=VECTOR('',#11216,10.);
#3939=VECTOR('',#11219,10.);
#3940=VECTOR('',#11224,10.);
#3941=VECTOR('',#11225,10.);
#3942=VECTOR('',#11228,10.);
#3943=VECTOR('',#11231,10.);
#3944=VECTOR('',#11236,10.);
#3945=VECTOR('',#11237,10.);
#3946=VECTOR('',#11240,10.);
#3947=VECTOR('',#11243,10.);
#3948=VECTOR('',#11248,10.);
#3949=VECTOR('',#11249,10.);
#3950=VECTOR('',#11252,10.);
#3951=VECTOR('',#11255,10.);
#3952=VECTOR('',#11260,10.);
#3953=VECTOR('',#11261,10.);
#3954=VECTOR('',#11264,10.);
#3955=VECTOR('',#11267,10.);
#3956=VECTOR('',#11272,10.);
#3957=VECTOR('',#11273,10.);
#3958=VECTOR('',#11276,10.);
#3959=VECTOR('',#11279,10.);
#3960=VECTOR('',#11284,10.);
#3961=VECTOR('',#11285,10.);
#3962=VECTOR('',#11288,10.);
#3963=VECTOR('',#11291,10.);
#3964=VECTOR('',#11296,10.);
#3965=VECTOR('',#11297,10.);
#3966=VECTOR('',#11300,10.);
#3967=VECTOR('',#11303,10.);
#3968=VECTOR('',#11308,10.);
#3969=VECTOR('',#11309,10.);
#3970=VECTOR('',#11312,10.);
#3971=VECTOR('',#11315,10.);
#3972=VECTOR('',#11320,10.);
#3973=VECTOR('',#11321,10.);
#3974=VECTOR('',#11324,10.);
#3975=VECTOR('',#11327,10.);
#3976=VECTOR('',#11332,10.);
#3977=VECTOR('',#11333,10.);
#3978=VECTOR('',#11336,10.);
#3979=VECTOR('',#11339,10.);
#3980=VECTOR('',#11344,10.);
#3981=VECTOR('',#11345,10.);
#3982=VECTOR('',#11348,10.);
#3983=VECTOR('',#11351,10.);
#3984=VECTOR('',#11356,10.);
#3985=VECTOR('',#11357,10.);
#3986=VECTOR('',#11360,10.);
#3987=VECTOR('',#11363,10.);
#3988=VECTOR('',#11368,10.);
#3989=VECTOR('',#11369,10.);
#3990=VECTOR('',#11372,10.);
#3991=VECTOR('',#11375,10.);
#3992=VECTOR('',#11380,10.);
#3993=VECTOR('',#11381,10.);
#3994=VECTOR('',#11384,10.);
#3995=VECTOR('',#11387,10.);
#3996=VECTOR('',#11392,10.);
#3997=VECTOR('',#11393,10.);
#3998=VECTOR('',#11396,10.);
#3999=VECTOR('',#11399,10.);
#4000=VECTOR('',#11404,10.);
#4001=VECTOR('',#11405,10.);
#4002=VECTOR('',#11408,10.);
#4003=VECTOR('',#11411,10.);
#4004=VECTOR('',#11416,10.);
#4005=VECTOR('',#11417,10.);
#4006=VECTOR('',#11420,10.);
#4007=VECTOR('',#11423,10.);
#4008=VECTOR('',#11428,10.);
#4009=VECTOR('',#11429,10.);
#4010=VECTOR('',#11432,10.);
#4011=VECTOR('',#11435,10.);
#4012=VECTOR('',#11440,10.);
#4013=VECTOR('',#11441,10.);
#4014=VECTOR('',#11444,10.);
#4015=VECTOR('',#11447,10.);
#4016=VECTOR('',#11452,10.);
#4017=VECTOR('',#11453,10.);
#4018=VECTOR('',#11456,10.);
#4019=VECTOR('',#11459,10.);
#4020=VECTOR('',#11464,10.);
#4021=VECTOR('',#11465,10.);
#4022=VECTOR('',#11468,10.);
#4023=VECTOR('',#11471,10.);
#4024=VECTOR('',#11476,10.);
#4025=VECTOR('',#11477,10.);
#4026=VECTOR('',#11480,10.);
#4027=VECTOR('',#11483,10.);
#4028=VECTOR('',#11488,10.);
#4029=VECTOR('',#11489,10.);
#4030=VECTOR('',#11492,10.);
#4031=VECTOR('',#11495,10.);
#4032=VECTOR('',#11500,10.);
#4033=VECTOR('',#11501,10.);
#4034=VECTOR('',#11504,10.);
#4035=VECTOR('',#11507,10.);
#4036=VECTOR('',#11512,10.);
#4037=VECTOR('',#11513,10.);
#4038=VECTOR('',#11516,10.);
#4039=VECTOR('',#11519,10.);
#4040=VECTOR('',#11524,10.);
#4041=VECTOR('',#11525,10.);
#4042=VECTOR('',#11528,10.);
#4043=VECTOR('',#11531,10.);
#4044=VECTOR('',#11536,10.);
#4045=VECTOR('',#11537,10.);
#4046=VECTOR('',#11540,10.);
#4047=VECTOR('',#11543,10.);
#4048=VECTOR('',#11548,10.);
#4049=VECTOR('',#11549,10.);
#4050=VECTOR('',#11552,10.);
#4051=VECTOR('',#11555,10.);
#4052=VECTOR('',#11560,10.);
#4053=VECTOR('',#11561,10.);
#4054=VECTOR('',#11564,10.);
#4055=VECTOR('',#11567,10.);
#4056=VECTOR('',#11572,10.);
#4057=VECTOR('',#11573,10.);
#4058=VECTOR('',#11576,10.);
#4059=VECTOR('',#11579,10.);
#4060=VECTOR('',#11584,10.);
#4061=VECTOR('',#11585,10.);
#4062=VECTOR('',#11588,10.);
#4063=VECTOR('',#11591,10.);
#4064=VECTOR('',#11596,10.);
#4065=VECTOR('',#11597,10.);
#4066=VECTOR('',#11600,10.);
#4067=VECTOR('',#11603,10.);
#4068=VECTOR('',#11608,10.);
#4069=VECTOR('',#11609,10.);
#4070=VECTOR('',#11612,10.);
#4071=VECTOR('',#11615,10.);
#4072=VECTOR('',#11620,10.);
#4073=VECTOR('',#11621,10.);
#4074=VECTOR('',#11624,10.);
#4075=VECTOR('',#11627,10.);
#4076=VECTOR('',#11632,10.);
#4077=VECTOR('',#11633,10.);
#4078=VECTOR('',#11636,10.);
#4079=VECTOR('',#11639,10.);
#4080=VECTOR('',#11644,10.);
#4081=VECTOR('',#11645,10.);
#4082=VECTOR('',#11648,10.);
#4083=VECTOR('',#11651,10.);
#4084=VECTOR('',#11656,10.);
#4085=VECTOR('',#11657,10.);
#4086=VECTOR('',#11660,10.);
#4087=VECTOR('',#11663,10.);
#4088=VECTOR('',#11668,10.);
#4089=VECTOR('',#11669,10.);
#4090=VECTOR('',#11672,10.);
#4091=VECTOR('',#11675,10.);
#4092=VECTOR('',#11680,10.);
#4093=VECTOR('',#11681,10.);
#4094=VECTOR('',#11684,10.);
#4095=VECTOR('',#11687,10.);
#4096=VECTOR('',#11692,10.);
#4097=VECTOR('',#11693,10.);
#4098=VECTOR('',#11696,10.);
#4099=VECTOR('',#11699,10.);
#4100=VECTOR('',#11704,10.);
#4101=VECTOR('',#11705,10.);
#4102=VECTOR('',#11708,10.);
#4103=VECTOR('',#11711,10.);
#4104=VECTOR('',#11716,10.);
#4105=VECTOR('',#11717,10.);
#4106=VECTOR('',#11720,10.);
#4107=VECTOR('',#11723,10.);
#4108=VECTOR('',#11728,10.);
#4109=VECTOR('',#11729,10.);
#4110=VECTOR('',#11732,10.);
#4111=VECTOR('',#11735,10.);
#4112=VECTOR('',#11740,10.);
#4113=VECTOR('',#11741,10.);
#4114=VECTOR('',#11744,10.);
#4115=VECTOR('',#11747,10.);
#4116=VECTOR('',#11752,10.);
#4117=VECTOR('',#11753,10.);
#4118=VECTOR('',#11756,10.);
#4119=VECTOR('',#11759,10.);
#4120=VECTOR('',#11764,10.);
#4121=VECTOR('',#11765,10.);
#4122=VECTOR('',#11768,10.);
#4123=VECTOR('',#11771,10.);
#4124=VECTOR('',#11776,10.);
#4125=VECTOR('',#11777,10.);
#4126=VECTOR('',#11780,10.);
#4127=VECTOR('',#11783,10.);
#4128=VECTOR('',#11788,10.);
#4129=VECTOR('',#11795,10.);
#4130=VECTOR('',#11796,10.);
#4131=VECTOR('',#11799,10.);
#4132=VECTOR('',#11802,10.);
#4133=VECTOR('',#11807,10.);
#4134=VECTOR('',#11808,10.);
#4135=VECTOR('',#11811,10.);
#4136=VECTOR('',#11814,10.);
#4137=VECTOR('',#11819,10.);
#4138=VECTOR('',#11820,10.);
#4139=VECTOR('',#11823,10.);
#4140=VECTOR('',#11826,10.);
#4141=VECTOR('',#11829,10.);
#4142=VECTOR('',#11832,10.);
#4143=VECTOR('',#11835,10.);
#4144=VECTOR('',#11838,10.);
#4145=VECTOR('',#11841,10.);
#4146=VECTOR('',#11844,10.);
#4147=VECTOR('',#11847,10.);
#4148=VECTOR('',#11850,10.);
#4149=VECTOR('',#11853,10.);
#4150=VECTOR('',#11856,10.);
#4151=VECTOR('',#11859,10.);
#4152=VECTOR('',#11862,10.);
#4153=VECTOR('',#11865,10.);
#4154=VECTOR('',#11868,10.);
#4155=VECTOR('',#11871,10.);
#4156=VECTOR('',#11874,10.);
#4157=VECTOR('',#11877,10.);
#4158=VECTOR('',#11880,10.);
#4159=VECTOR('',#11883,10.);
#4160=VECTOR('',#11886,10.);
#4161=VECTOR('',#11889,10.);
#4162=VECTOR('',#11892,10.);
#4163=VECTOR('',#11895,10.);
#4164=VECTOR('',#11898,10.);
#4165=VECTOR('',#11901,10.);
#4166=VECTOR('',#11904,10.);
#4167=VECTOR('',#11907,10.);
#4168=VECTOR('',#11910,10.);
#4169=VECTOR('',#11913,10.);
#4170=VECTOR('',#11916,10.);
#4171=VECTOR('',#11919,10.);
#4172=VECTOR('',#11922,10.);
#4173=VECTOR('',#11925,10.);
#4174=VECTOR('',#11928,10.);
#4175=VECTOR('',#11931,10.);
#4176=VECTOR('',#11934,10.);
#4177=VECTOR('',#11937,10.);
#4178=VECTOR('',#11940,10.);
#4179=VECTOR('',#11943,10.);
#4180=VECTOR('',#11946,10.);
#4181=VECTOR('',#11951,10.);
#4182=VECTOR('',#11952,10.);
#4183=VECTOR('',#11955,10.);
#4184=VECTOR('',#11958,10.);
#4185=VECTOR('',#11963,10.);
#4186=VECTOR('',#11964,10.);
#4187=VECTOR('',#11967,10.);
#4188=VECTOR('',#11970,10.);
#4189=VECTOR('',#11975,10.);
#4190=VECTOR('',#11976,10.);
#4191=VECTOR('',#11979,10.);
#4192=VECTOR('',#11982,10.);
#4193=VECTOR('',#11987,10.);
#4194=VECTOR('',#11988,10.);
#4195=VECTOR('',#11991,10.);
#4196=VECTOR('',#11994,10.);
#4197=VECTOR('',#11999,10.);
#4198=VECTOR('',#12000,10.);
#4199=VECTOR('',#12003,10.);
#4200=VECTOR('',#12006,10.);
#4201=VECTOR('',#12011,10.);
#4202=VECTOR('',#12012,10.);
#4203=VECTOR('',#12015,10.);
#4204=VECTOR('',#12018,10.);
#4205=VECTOR('',#12023,10.);
#4206=VECTOR('',#12024,10.);
#4207=VECTOR('',#12027,10.);
#4208=VECTOR('',#12030,10.);
#4209=VECTOR('',#12035,10.);
#4210=VECTOR('',#12036,10.);
#4211=VECTOR('',#12039,10.);
#4212=VECTOR('',#12042,10.);
#4213=VECTOR('',#12047,10.);
#4214=VECTOR('',#12048,10.);
#4215=VECTOR('',#12051,10.);
#4216=VECTOR('',#12054,10.);
#4217=VECTOR('',#12059,10.);
#4218=VECTOR('',#12060,10.);
#4219=VECTOR('',#12063,10.);
#4220=VECTOR('',#12066,10.);
#4221=VECTOR('',#12071,10.);
#4222=VECTOR('',#12072,10.);
#4223=VECTOR('',#12075,10.);
#4224=VECTOR('',#12078,10.);
#4225=VECTOR('',#12083,10.);
#4226=VECTOR('',#12084,10.);
#4227=VECTOR('',#12087,10.);
#4228=VECTOR('',#12090,10.);
#4229=VECTOR('',#12095,10.);
#4230=VECTOR('',#12096,10.);
#4231=VECTOR('',#12099,10.);
#4232=VECTOR('',#12102,10.);
#4233=VECTOR('',#12107,10.);
#4234=VECTOR('',#12108,10.);
#4235=VECTOR('',#12111,10.);
#4236=VECTOR('',#12114,10.);
#4237=VECTOR('',#12119,10.);
#4238=VECTOR('',#12120,10.);
#4239=VECTOR('',#12123,10.);
#4240=VECTOR('',#12126,10.);
#4241=VECTOR('',#12131,10.);
#4242=VECTOR('',#12132,10.);
#4243=VECTOR('',#12135,10.);
#4244=VECTOR('',#12138,10.);
#4245=VECTOR('',#12143,10.);
#4246=VECTOR('',#12144,10.);
#4247=VECTOR('',#12147,10.);
#4248=VECTOR('',#12150,10.);
#4249=VECTOR('',#12155,10.);
#4250=VECTOR('',#12156,10.);
#4251=VECTOR('',#12159,10.);
#4252=VECTOR('',#12162,10.);
#4253=VECTOR('',#12167,10.);
#4254=VECTOR('',#12168,10.);
#4255=VECTOR('',#12171,10.);
#4256=VECTOR('',#12174,10.);
#4257=VECTOR('',#12179,10.);
#4258=VECTOR('',#12180,10.);
#4259=VECTOR('',#12183,10.);
#4260=VECTOR('',#12186,10.);
#4261=CIRCLE('',#9534,0.999999999999979);
#4262=CIRCLE('',#9535,0.999999999999979);
#4263=CIRCLE('',#9541,0.999999999999996);
#4264=CIRCLE('',#9542,0.999999999999996);
#4265=CIRCLE('',#9547,1.6);
#4266=CIRCLE('',#9548,1.6);
#4267=CIRCLE('',#9549,1.6);
#4268=CIRCLE('',#9550,1.6);
#4269=CIRCLE('',#9551,1.6);
#4270=CIRCLE('',#9552,1.6);
#4271=CIRCLE('',#9560,1.6);
#4272=CIRCLE('',#9561,1.6);
#4273=CIRCLE('',#9562,1.6);
#4274=CIRCLE('',#9563,1.6);
#4275=CIRCLE('',#9564,1.6);
#4276=CIRCLE('',#9565,1.6);
#4277=VERTEX_POINT('',#12191);
#4278=VERTEX_POINT('',#12192);
#4279=VERTEX_POINT('',#12194);
#4280=VERTEX_POINT('',#12196);
#4281=VERTEX_POINT('',#12200);
#4282=VERTEX_POINT('',#12202);
#4283=VERTEX_POINT('',#12206);
#4284=VERTEX_POINT('',#12208);
#4285=VERTEX_POINT('',#12212);
#4286=VERTEX_POINT('',#12214);
#4287=VERTEX_POINT('',#12218);
#4288=VERTEX_POINT('',#12219);
#4289=VERTEX_POINT('',#12221);
#4290=VERTEX_POINT('',#12223);
#4291=VERTEX_POINT('',#12227);
#4292=VERTEX_POINT('',#12229);
#4293=VERTEX_POINT('',#12233);
#4294=VERTEX_POINT('',#12234);
#4295=VERTEX_POINT('',#12239);
#4296=VERTEX_POINT('',#12240);
#4297=VERTEX_POINT('',#12242);
#4298=VERTEX_POINT('',#12244);
#4299=VERTEX_POINT('',#12248);
#4300=VERTEX_POINT('',#12250);
#4301=VERTEX_POINT('',#12254);
#4302=VERTEX_POINT('',#12256);
#4303=VERTEX_POINT('',#12258);
#4304=VERTEX_POINT('',#12260);
#4305=VERTEX_POINT('',#12263);
#4306=VERTEX_POINT('',#12266);
#4307=VERTEX_POINT('',#12269);
#4308=VERTEX_POINT('',#12271);
#4309=VERTEX_POINT('',#12273);
#4310=VERTEX_POINT('',#12275);
#4311=VERTEX_POINT('',#12277);
#4312=VERTEX_POINT('',#12278);
#4313=VERTEX_POINT('',#12280);
#4314=VERTEX_POINT('',#12282);
#4315=VERTEX_POINT('',#12285);
#4316=VERTEX_POINT('',#12286);
#4317=VERTEX_POINT('',#12288);
#4318=VERTEX_POINT('',#12290);
#4319=VERTEX_POINT('',#12293);
#4320=VERTEX_POINT('',#12294);
#4321=VERTEX_POINT('',#12296);
#4322=VERTEX_POINT('',#12298);
#4323=VERTEX_POINT('',#12301);
#4324=VERTEX_POINT('',#12302);
#4325=VERTEX_POINT('',#12304);
#4326=VERTEX_POINT('',#12306);
#4327=VERTEX_POINT('',#12309);
#4328=VERTEX_POINT('',#12310);
#4329=VERTEX_POINT('',#12312);
#4330=VERTEX_POINT('',#12314);
#4331=VERTEX_POINT('',#12317);
#4332=VERTEX_POINT('',#12318);
#4333=VERTEX_POINT('',#12320);
#4334=VERTEX_POINT('',#12322);
#4335=VERTEX_POINT('',#12325);
#4336=VERTEX_POINT('',#12326);
#4337=VERTEX_POINT('',#12328);
#4338=VERTEX_POINT('',#12330);
#4339=VERTEX_POINT('',#12333);
#4340=VERTEX_POINT('',#12334);
#4341=VERTEX_POINT('',#12336);
#4342=VERTEX_POINT('',#12338);
#4343=VERTEX_POINT('',#12341);
#4344=VERTEX_POINT('',#12342);
#4345=VERTEX_POINT('',#12344);
#4346=VERTEX_POINT('',#12346);
#4347=VERTEX_POINT('',#12349);
#4348=VERTEX_POINT('',#12350);
#4349=VERTEX_POINT('',#12352);
#4350=VERTEX_POINT('',#12354);
#4351=VERTEX_POINT('',#12357);
#4352=VERTEX_POINT('',#12358);
#4353=VERTEX_POINT('',#12360);
#4354=VERTEX_POINT('',#12362);
#4355=VERTEX_POINT('',#12365);
#4356=VERTEX_POINT('',#12366);
#4357=VERTEX_POINT('',#12368);
#4358=VERTEX_POINT('',#12370);
#4359=VERTEX_POINT('',#12373);
#4360=VERTEX_POINT('',#12374);
#4361=VERTEX_POINT('',#12376);
#4362=VERTEX_POINT('',#12378);
#4363=VERTEX_POINT('',#12381);
#4364=VERTEX_POINT('',#12382);
#4365=VERTEX_POINT('',#12384);
#4366=VERTEX_POINT('',#12386);
#4367=VERTEX_POINT('',#12389);
#4368=VERTEX_POINT('',#12390);
#4369=VERTEX_POINT('',#12392);
#4370=VERTEX_POINT('',#12394);
#4371=VERTEX_POINT('',#12397);
#4372=VERTEX_POINT('',#12398);
#4373=VERTEX_POINT('',#12400);
#4374=VERTEX_POINT('',#12402);
#4375=VERTEX_POINT('',#12405);
#4376=VERTEX_POINT('',#12406);
#4377=VERTEX_POINT('',#12408);
#4378=VERTEX_POINT('',#12410);
#4379=VERTEX_POINT('',#12413);
#4380=VERTEX_POINT('',#12414);
#4381=VERTEX_POINT('',#12416);
#4382=VERTEX_POINT('',#12418);
#4383=VERTEX_POINT('',#12421);
#4384=VERTEX_POINT('',#12422);
#4385=VERTEX_POINT('',#12424);
#4386=VERTEX_POINT('',#12426);
#4387=VERTEX_POINT('',#12429);
#4388=VERTEX_POINT('',#12430);
#4389=VERTEX_POINT('',#12432);
#4390=VERTEX_POINT('',#12434);
#4391=VERTEX_POINT('',#12437);
#4392=VERTEX_POINT('',#12438);
#4393=VERTEX_POINT('',#12440);
#4394=VERTEX_POINT('',#12442);
#4395=VERTEX_POINT('',#12445);
#4396=VERTEX_POINT('',#12446);
#4397=VERTEX_POINT('',#12448);
#4398=VERTEX_POINT('',#12450);
#4399=VERTEX_POINT('',#12453);
#4400=VERTEX_POINT('',#12454);
#4401=VERTEX_POINT('',#12456);
#4402=VERTEX_POINT('',#12458);
#4403=VERTEX_POINT('',#12461);
#4404=VERTEX_POINT('',#12462);
#4405=VERTEX_POINT('',#12464);
#4406=VERTEX_POINT('',#12466);
#4407=VERTEX_POINT('',#12469);
#4408=VERTEX_POINT('',#12470);
#4409=VERTEX_POINT('',#12472);
#4410=VERTEX_POINT('',#12474);
#4411=VERTEX_POINT('',#12477);
#4412=VERTEX_POINT('',#12478);
#4413=VERTEX_POINT('',#12480);
#4414=VERTEX_POINT('',#12482);
#4415=VERTEX_POINT('',#12485);
#4416=VERTEX_POINT('',#12486);
#4417=VERTEX_POINT('',#12488);
#4418=VERTEX_POINT('',#12490);
#4419=VERTEX_POINT('',#12493);
#4420=VERTEX_POINT('',#12494);
#4421=VERTEX_POINT('',#12496);
#4422=VERTEX_POINT('',#12498);
#4423=VERTEX_POINT('',#12501);
#4424=VERTEX_POINT('',#12502);
#4425=VERTEX_POINT('',#12504);
#4426=VERTEX_POINT('',#12506);
#4427=VERTEX_POINT('',#12509);
#4428=VERTEX_POINT('',#12510);
#4429=VERTEX_POINT('',#12512);
#4430=VERTEX_POINT('',#12514);
#4431=VERTEX_POINT('',#12517);
#4432=VERTEX_POINT('',#12518);
#4433=VERTEX_POINT('',#12520);
#4434=VERTEX_POINT('',#12522);
#4435=VERTEX_POINT('',#12525);
#4436=VERTEX_POINT('',#12526);
#4437=VERTEX_POINT('',#12528);
#4438=VERTEX_POINT('',#12530);
#4439=VERTEX_POINT('',#12533);
#4440=VERTEX_POINT('',#12534);
#4441=VERTEX_POINT('',#12536);
#4442=VERTEX_POINT('',#12538);
#4443=VERTEX_POINT('',#12541);
#4444=VERTEX_POINT('',#12542);
#4445=VERTEX_POINT('',#12544);
#4446=VERTEX_POINT('',#12546);
#4447=VERTEX_POINT('',#12549);
#4448=VERTEX_POINT('',#12550);
#4449=VERTEX_POINT('',#12552);
#4450=VERTEX_POINT('',#12554);
#4451=VERTEX_POINT('',#12557);
#4452=VERTEX_POINT('',#12558);
#4453=VERTEX_POINT('',#12560);
#4454=VERTEX_POINT('',#12562);
#4455=VERTEX_POINT('',#12565);
#4456=VERTEX_POINT('',#12566);
#4457=VERTEX_POINT('',#12568);
#4458=VERTEX_POINT('',#12570);
#4459=VERTEX_POINT('',#12573);
#4460=VERTEX_POINT('',#12574);
#4461=VERTEX_POINT('',#12576);
#4462=VERTEX_POINT('',#12578);
#4463=VERTEX_POINT('',#12581);
#4464=VERTEX_POINT('',#12582);
#4465=VERTEX_POINT('',#12584);
#4466=VERTEX_POINT('',#12586);
#4467=VERTEX_POINT('',#12589);
#4468=VERTEX_POINT('',#12590);
#4469=VERTEX_POINT('',#12592);
#4470=VERTEX_POINT('',#12594);
#4471=VERTEX_POINT('',#12597);
#4472=VERTEX_POINT('',#12598);
#4473=VERTEX_POINT('',#12600);
#4474=VERTEX_POINT('',#12602);
#4475=VERTEX_POINT('',#12605);
#4476=VERTEX_POINT('',#12606);
#4477=VERTEX_POINT('',#12608);
#4478=VERTEX_POINT('',#12610);
#4479=VERTEX_POINT('',#12613);
#4480=VERTEX_POINT('',#12614);
#4481=VERTEX_POINT('',#12616);
#4482=VERTEX_POINT('',#12618);
#4483=VERTEX_POINT('',#12621);
#4484=VERTEX_POINT('',#12622);
#4485=VERTEX_POINT('',#12624);
#4486=VERTEX_POINT('',#12626);
#4487=VERTEX_POINT('',#12629);
#4488=VERTEX_POINT('',#12630);
#4489=VERTEX_POINT('',#12632);
#4490=VERTEX_POINT('',#12634);
#4491=VERTEX_POINT('',#12637);
#4492=VERTEX_POINT('',#12638);
#4493=VERTEX_POINT('',#12640);
#4494=VERTEX_POINT('',#12642);
#4495=VERTEX_POINT('',#12645);
#4496=VERTEX_POINT('',#12646);
#4497=VERTEX_POINT('',#12648);
#4498=VERTEX_POINT('',#12650);
#4499=VERTEX_POINT('',#12653);
#4500=VERTEX_POINT('',#12654);
#4501=VERTEX_POINT('',#12656);
#4502=VERTEX_POINT('',#12658);
#4503=VERTEX_POINT('',#12661);
#4504=VERTEX_POINT('',#12662);
#4505=VERTEX_POINT('',#12664);
#4506=VERTEX_POINT('',#12666);
#4507=VERTEX_POINT('',#12669);
#4508=VERTEX_POINT('',#12670);
#4509=VERTEX_POINT('',#12672);
#4510=VERTEX_POINT('',#12674);
#4511=VERTEX_POINT('',#12677);
#4512=VERTEX_POINT('',#12678);
#4513=VERTEX_POINT('',#12680);
#4514=VERTEX_POINT('',#12682);
#4515=VERTEX_POINT('',#12685);
#4516=VERTEX_POINT('',#12686);
#4517=VERTEX_POINT('',#12688);
#4518=VERTEX_POINT('',#12690);
#4519=VERTEX_POINT('',#12693);
#4520=VERTEX_POINT('',#12694);
#4521=VERTEX_POINT('',#12696);
#4522=VERTEX_POINT('',#12698);
#4523=VERTEX_POINT('',#12701);
#4524=VERTEX_POINT('',#12702);
#4525=VERTEX_POINT('',#12704);
#4526=VERTEX_POINT('',#12706);
#4527=VERTEX_POINT('',#12709);
#4528=VERTEX_POINT('',#12710);
#4529=VERTEX_POINT('',#12712);
#4530=VERTEX_POINT('',#12714);
#4531=VERTEX_POINT('',#12717);
#4532=VERTEX_POINT('',#12718);
#4533=VERTEX_POINT('',#12720);
#4534=VERTEX_POINT('',#12722);
#4535=VERTEX_POINT('',#12725);
#4536=VERTEX_POINT('',#12726);
#4537=VERTEX_POINT('',#12728);
#4538=VERTEX_POINT('',#12730);
#4539=VERTEX_POINT('',#12733);
#4540=VERTEX_POINT('',#12734);
#4541=VERTEX_POINT('',#12736);
#4542=VERTEX_POINT('',#12738);
#4543=VERTEX_POINT('',#12741);
#4544=VERTEX_POINT('',#12742);
#4545=VERTEX_POINT('',#12744);
#4546=VERTEX_POINT('',#12746);
#4547=VERTEX_POINT('',#12749);
#4548=VERTEX_POINT('',#12750);
#4549=VERTEX_POINT('',#12752);
#4550=VERTEX_POINT('',#12754);
#4551=VERTEX_POINT('',#12757);
#4552=VERTEX_POINT('',#12758);
#4553=VERTEX_POINT('',#12760);
#4554=VERTEX_POINT('',#12762);
#4555=VERTEX_POINT('',#12765);
#4556=VERTEX_POINT('',#12766);
#4557=VERTEX_POINT('',#12768);
#4558=VERTEX_POINT('',#12770);
#4559=VERTEX_POINT('',#12772);
#4560=VERTEX_POINT('',#12774);
#4561=VERTEX_POINT('',#12776);
#4562=VERTEX_POINT('',#12778);
#4563=VERTEX_POINT('',#12780);
#4564=VERTEX_POINT('',#12782);
#4565=VERTEX_POINT('',#12784);
#4566=VERTEX_POINT('',#12786);
#4567=VERTEX_POINT('',#12788);
#4568=VERTEX_POINT('',#12790);
#4569=VERTEX_POINT('',#12792);
#4570=VERTEX_POINT('',#12794);
#4571=VERTEX_POINT('',#12796);
#4572=VERTEX_POINT('',#12798);
#4573=VERTEX_POINT('',#12800);
#4574=VERTEX_POINT('',#12802);
#4575=VERTEX_POINT('',#12804);
#4576=VERTEX_POINT('',#12806);
#4577=VERTEX_POINT('',#12808);
#4578=VERTEX_POINT('',#12810);
#4579=VERTEX_POINT('',#12812);
#4580=VERTEX_POINT('',#12814);
#4581=VERTEX_POINT('',#12816);
#4582=VERTEX_POINT('',#12818);
#4583=VERTEX_POINT('',#12820);
#4584=VERTEX_POINT('',#12822);
#4585=VERTEX_POINT('',#12824);
#4586=VERTEX_POINT('',#12826);
#4587=VERTEX_POINT('',#12828);
#4588=VERTEX_POINT('',#12830);
#4589=VERTEX_POINT('',#12832);
#4590=VERTEX_POINT('',#12834);
#4591=VERTEX_POINT('',#12836);
#4592=VERTEX_POINT('',#12838);
#4593=VERTEX_POINT('',#12840);
#4594=VERTEX_POINT('',#12842);
#4595=VERTEX_POINT('',#12844);
#4596=VERTEX_POINT('',#12846);
#4597=VERTEX_POINT('',#12848);
#4598=VERTEX_POINT('',#12850);
#4599=VERTEX_POINT('',#12853);
#4600=VERTEX_POINT('',#12854);
#4601=VERTEX_POINT('',#12856);
#4602=VERTEX_POINT('',#12858);
#4603=VERTEX_POINT('',#12861);
#4604=VERTEX_POINT('',#12862);
#4605=VERTEX_POINT('',#12864);
#4606=VERTEX_POINT('',#12866);
#4607=VERTEX_POINT('',#12869);
#4608=VERTEX_POINT('',#12870);
#4609=VERTEX_POINT('',#12872);
#4610=VERTEX_POINT('',#12874);
#4611=VERTEX_POINT('',#12877);
#4612=VERTEX_POINT('',#12878);
#4613=VERTEX_POINT('',#12880);
#4614=VERTEX_POINT('',#12882);
#4615=VERTEX_POINT('',#12885);
#4616=VERTEX_POINT('',#12886);
#4617=VERTEX_POINT('',#12888);
#4618=VERTEX_POINT('',#12890);
#4619=VERTEX_POINT('',#12893);
#4620=VERTEX_POINT('',#12894);
#4621=VERTEX_POINT('',#12896);
#4622=VERTEX_POINT('',#12898);
#4623=VERTEX_POINT('',#12901);
#4624=VERTEX_POINT('',#12902);
#4625=VERTEX_POINT('',#12904);
#4626=VERTEX_POINT('',#12906);
#4627=VERTEX_POINT('',#12909);
#4628=VERTEX_POINT('',#12910);
#4629=VERTEX_POINT('',#12912);
#4630=VERTEX_POINT('',#12914);
#4631=VERTEX_POINT('',#12917);
#4632=VERTEX_POINT('',#12918);
#4633=VERTEX_POINT('',#12920);
#4634=VERTEX_POINT('',#12922);
#4635=VERTEX_POINT('',#12925);
#4636=VERTEX_POINT('',#12926);
#4637=VERTEX_POINT('',#12928);
#4638=VERTEX_POINT('',#12930);
#4639=VERTEX_POINT('',#12933);
#4640=VERTEX_POINT('',#12934);
#4641=VERTEX_POINT('',#12936);
#4642=VERTEX_POINT('',#12938);
#4643=VERTEX_POINT('',#12941);
#4644=VERTEX_POINT('',#12942);
#4645=VERTEX_POINT('',#12944);
#4646=VERTEX_POINT('',#12946);
#4647=VERTEX_POINT('',#12949);
#4648=VERTEX_POINT('',#12950);
#4649=VERTEX_POINT('',#12952);
#4650=VERTEX_POINT('',#12954);
#4651=VERTEX_POINT('',#12957);
#4652=VERTEX_POINT('',#12958);
#4653=VERTEX_POINT('',#12960);
#4654=VERTEX_POINT('',#12962);
#4655=VERTEX_POINT('',#12965);
#4656=VERTEX_POINT('',#12966);
#4657=VERTEX_POINT('',#12968);
#4658=VERTEX_POINT('',#12970);
#4659=VERTEX_POINT('',#12973);
#4660=VERTEX_POINT('',#12974);
#4661=VERTEX_POINT('',#12976);
#4662=VERTEX_POINT('',#12978);
#4663=VERTEX_POINT('',#12981);
#4664=VERTEX_POINT('',#12982);
#4665=VERTEX_POINT('',#12984);
#4666=VERTEX_POINT('',#12986);
#4667=VERTEX_POINT('',#12989);
#4668=VERTEX_POINT('',#12990);
#4669=VERTEX_POINT('',#12992);
#4670=VERTEX_POINT('',#12994);
#4671=VERTEX_POINT('',#12997);
#4672=VERTEX_POINT('',#12998);
#4673=VERTEX_POINT('',#13000);
#4674=VERTEX_POINT('',#13002);
#4675=VERTEX_POINT('',#13005);
#4676=VERTEX_POINT('',#13006);
#4677=VERTEX_POINT('',#13008);
#4678=VERTEX_POINT('',#13010);
#4679=VERTEX_POINT('',#13013);
#4680=VERTEX_POINT('',#13014);
#4681=VERTEX_POINT('',#13016);
#4682=VERTEX_POINT('',#13018);
#4683=VERTEX_POINT('',#13020);
#4684=VERTEX_POINT('',#13022);
#4685=VERTEX_POINT('',#13024);
#4686=VERTEX_POINT('',#13026);
#4687=VERTEX_POINT('',#13028);
#4688=VERTEX_POINT('',#13030);
#4689=VERTEX_POINT('',#13032);
#4690=VERTEX_POINT('',#13034);
#4691=VERTEX_POINT('',#13036);
#4692=VERTEX_POINT('',#13038);
#4693=VERTEX_POINT('',#13040);
#4694=VERTEX_POINT('',#13042);
#4695=VERTEX_POINT('',#13044);
#4696=VERTEX_POINT('',#13046);
#4697=VERTEX_POINT('',#13048);
#4698=VERTEX_POINT('',#13050);
#4699=VERTEX_POINT('',#13052);
#4700=VERTEX_POINT('',#13054);
#4701=VERTEX_POINT('',#13056);
#4702=VERTEX_POINT('',#13058);
#4703=VERTEX_POINT('',#13060);
#4704=VERTEX_POINT('',#13062);
#4705=VERTEX_POINT('',#13064);
#4706=VERTEX_POINT('',#13066);
#4707=VERTEX_POINT('',#13068);
#4708=VERTEX_POINT('',#13070);
#4709=VERTEX_POINT('',#13072);
#4710=VERTEX_POINT('',#13074);
#4711=VERTEX_POINT('',#13076);
#4712=VERTEX_POINT('',#13078);
#4713=VERTEX_POINT('',#13080);
#4714=VERTEX_POINT('',#13082);
#4715=VERTEX_POINT('',#13084);
#4716=VERTEX_POINT('',#13086);
#4717=VERTEX_POINT('',#13088);
#4718=VERTEX_POINT('',#13090);
#4719=VERTEX_POINT('',#13092);
#4720=VERTEX_POINT('',#13094);
#4721=VERTEX_POINT('',#13096);
#4722=VERTEX_POINT('',#13098);
#4723=VERTEX_POINT('',#13101);
#4724=VERTEX_POINT('',#13103);
#4725=VERTEX_POINT('',#13106);
#4726=VERTEX_POINT('',#13112);
#4727=VERTEX_POINT('',#13113);
#4728=VERTEX_POINT('',#13118);
#4729=VERTEX_POINT('',#13122);
#4730=VERTEX_POINT('',#13128);
#4731=VERTEX_POINT('',#13132);
#4732=VERTEX_POINT('',#13134);
#4733=VERTEX_POINT('',#13136);
#4734=VERTEX_POINT('',#13138);
#4735=VERTEX_POINT('',#13140);
#4736=VERTEX_POINT('',#13141);
#4737=VERTEX_POINT('',#13143);
#4738=VERTEX_POINT('',#13145);
#4739=VERTEX_POINT('',#13148);
#4740=VERTEX_POINT('',#13149);
#4741=VERTEX_POINT('',#13151);
#4742=VERTEX_POINT('',#13153);
#4743=VERTEX_POINT('',#13156);
#4744=VERTEX_POINT('',#13157);
#4745=VERTEX_POINT('',#13159);
#4746=VERTEX_POINT('',#13161);
#4747=VERTEX_POINT('',#13164);
#4748=VERTEX_POINT('',#13165);
#4749=VERTEX_POINT('',#13167);
#4750=VERTEX_POINT('',#13169);
#4751=VERTEX_POINT('',#13172);
#4752=VERTEX_POINT('',#13173);
#4753=VERTEX_POINT('',#13175);
#4754=VERTEX_POINT('',#13177);
#4755=VERTEX_POINT('',#13180);
#4756=VERTEX_POINT('',#13181);
#4757=VERTEX_POINT('',#13183);
#4758=VERTEX_POINT('',#13185);
#4759=VERTEX_POINT('',#13188);
#4760=VERTEX_POINT('',#13189);
#4761=VERTEX_POINT('',#13191);
#4762=VERTEX_POINT('',#13193);
#4763=VERTEX_POINT('',#13196);
#4764=VERTEX_POINT('',#13197);
#4765=VERTEX_POINT('',#13199);
#4766=VERTEX_POINT('',#13201);
#4767=VERTEX_POINT('',#13204);
#4768=VERTEX_POINT('',#13205);
#4769=VERTEX_POINT('',#13207);
#4770=VERTEX_POINT('',#13209);
#4771=VERTEX_POINT('',#13212);
#4772=VERTEX_POINT('',#13213);
#4773=VERTEX_POINT('',#13215);
#4774=VERTEX_POINT('',#13217);
#4775=VERTEX_POINT('',#13220);
#4776=VERTEX_POINT('',#13221);
#4777=VERTEX_POINT('',#13223);
#4778=VERTEX_POINT('',#13225);
#4779=VERTEX_POINT('',#13228);
#4780=VERTEX_POINT('',#13229);
#4781=VERTEX_POINT('',#13231);
#4782=VERTEX_POINT('',#13233);
#4783=VERTEX_POINT('',#13236);
#4784=VERTEX_POINT('',#13237);
#4785=VERTEX_POINT('',#13239);
#4786=VERTEX_POINT('',#13241);
#4787=VERTEX_POINT('',#13244);
#4788=VERTEX_POINT('',#13245);
#4789=VERTEX_POINT('',#13247);
#4790=VERTEX_POINT('',#13249);
#4791=VERTEX_POINT('',#13252);
#4792=VERTEX_POINT('',#13253);
#4793=VERTEX_POINT('',#13255);
#4794=VERTEX_POINT('',#13257);
#4795=VERTEX_POINT('',#13260);
#4796=VERTEX_POINT('',#13261);
#4797=VERTEX_POINT('',#13263);
#4798=VERTEX_POINT('',#13265);
#4799=VERTEX_POINT('',#13268);
#4800=VERTEX_POINT('',#13269);
#4801=VERTEX_POINT('',#13271);
#4802=VERTEX_POINT('',#13273);
#4803=VERTEX_POINT('',#13276);
#4804=VERTEX_POINT('',#13277);
#4805=VERTEX_POINT('',#13279);
#4806=VERTEX_POINT('',#13281);
#4807=VERTEX_POINT('',#13284);
#4808=VERTEX_POINT('',#13285);
#4809=VERTEX_POINT('',#13287);
#4810=VERTEX_POINT('',#13289);
#4811=VERTEX_POINT('',#13292);
#4812=VERTEX_POINT('',#13293);
#4813=VERTEX_POINT('',#13295);
#4814=VERTEX_POINT('',#13297);
#4815=VERTEX_POINT('',#13300);
#4816=VERTEX_POINT('',#13301);
#4817=VERTEX_POINT('',#13303);
#4818=VERTEX_POINT('',#13305);
#4819=VERTEX_POINT('',#13308);
#4820=VERTEX_POINT('',#13309);
#4821=VERTEX_POINT('',#13311);
#4822=VERTEX_POINT('',#13313);
#4823=VERTEX_POINT('',#13316);
#4824=VERTEX_POINT('',#13317);
#4825=VERTEX_POINT('',#13319);
#4826=VERTEX_POINT('',#13321);
#4827=VERTEX_POINT('',#13324);
#4828=VERTEX_POINT('',#13325);
#4829=VERTEX_POINT('',#13327);
#4830=VERTEX_POINT('',#13329);
#4831=VERTEX_POINT('',#13332);
#4832=VERTEX_POINT('',#13333);
#4833=VERTEX_POINT('',#13335);
#4834=VERTEX_POINT('',#13337);
#4835=VERTEX_POINT('',#13340);
#4836=VERTEX_POINT('',#13341);
#4837=VERTEX_POINT('',#13343);
#4838=VERTEX_POINT('',#13345);
#4839=VERTEX_POINT('',#13348);
#4840=VERTEX_POINT('',#13349);
#4841=VERTEX_POINT('',#13351);
#4842=VERTEX_POINT('',#13353);
#4843=VERTEX_POINT('',#13356);
#4844=VERTEX_POINT('',#13357);
#4845=VERTEX_POINT('',#13359);
#4846=VERTEX_POINT('',#13361);
#4847=VERTEX_POINT('',#13364);
#4848=VERTEX_POINT('',#13365);
#4849=VERTEX_POINT('',#13367);
#4850=VERTEX_POINT('',#13369);
#4851=VERTEX_POINT('',#13372);
#4852=VERTEX_POINT('',#13373);
#4853=VERTEX_POINT('',#13375);
#4854=VERTEX_POINT('',#13377);
#4855=VERTEX_POINT('',#13380);
#4856=VERTEX_POINT('',#13381);
#4857=VERTEX_POINT('',#13383);
#4858=VERTEX_POINT('',#13385);
#4859=VERTEX_POINT('',#13388);
#4860=VERTEX_POINT('',#13389);
#4861=VERTEX_POINT('',#13391);
#4862=VERTEX_POINT('',#13393);
#4863=VERTEX_POINT('',#13396);
#4864=VERTEX_POINT('',#13397);
#4865=VERTEX_POINT('',#13399);
#4866=VERTEX_POINT('',#13401);
#4867=VERTEX_POINT('',#13404);
#4868=VERTEX_POINT('',#13405);
#4869=VERTEX_POINT('',#13407);
#4870=VERTEX_POINT('',#13409);
#4871=VERTEX_POINT('',#13412);
#4872=VERTEX_POINT('',#13413);
#4873=VERTEX_POINT('',#13415);
#4874=VERTEX_POINT('',#13417);
#4875=VERTEX_POINT('',#13420);
#4876=VERTEX_POINT('',#13421);
#4877=VERTEX_POINT('',#13423);
#4878=VERTEX_POINT('',#13425);
#4879=VERTEX_POINT('',#13428);
#4880=VERTEX_POINT('',#13429);
#4881=VERTEX_POINT('',#13431);
#4882=VERTEX_POINT('',#13433);
#4883=VERTEX_POINT('',#13436);
#4884=VERTEX_POINT('',#13437);
#4885=VERTEX_POINT('',#13439);
#4886=VERTEX_POINT('',#13441);
#4887=VERTEX_POINT('',#13444);
#4888=VERTEX_POINT('',#13445);
#4889=VERTEX_POINT('',#13447);
#4890=VERTEX_POINT('',#13449);
#4891=VERTEX_POINT('',#13452);
#4892=VERTEX_POINT('',#13453);
#4893=VERTEX_POINT('',#13455);
#4894=VERTEX_POINT('',#13457);
#4895=VERTEX_POINT('',#13460);
#4896=VERTEX_POINT('',#13461);
#4897=VERTEX_POINT('',#13463);
#4898=VERTEX_POINT('',#13465);
#4899=VERTEX_POINT('',#13468);
#4900=VERTEX_POINT('',#13469);
#4901=VERTEX_POINT('',#13471);
#4902=VERTEX_POINT('',#13473);
#4903=VERTEX_POINT('',#13476);
#4904=VERTEX_POINT('',#13477);
#4905=VERTEX_POINT('',#13479);
#4906=VERTEX_POINT('',#13481);
#4907=VERTEX_POINT('',#13484);
#4908=VERTEX_POINT('',#13485);
#4909=VERTEX_POINT('',#13487);
#4910=VERTEX_POINT('',#13489);
#4911=VERTEX_POINT('',#13492);
#4912=VERTEX_POINT('',#13493);
#4913=VERTEX_POINT('',#13495);
#4914=VERTEX_POINT('',#13497);
#4915=VERTEX_POINT('',#13500);
#4916=VERTEX_POINT('',#13501);
#4917=VERTEX_POINT('',#13503);
#4918=VERTEX_POINT('',#13505);
#4919=VERTEX_POINT('',#13508);
#4920=VERTEX_POINT('',#13509);
#4921=VERTEX_POINT('',#13511);
#4922=VERTEX_POINT('',#13513);
#4923=VERTEX_POINT('',#13516);
#4924=VERTEX_POINT('',#13517);
#4925=VERTEX_POINT('',#13519);
#4926=VERTEX_POINT('',#13521);
#4927=VERTEX_POINT('',#13524);
#4928=VERTEX_POINT('',#13525);
#4929=VERTEX_POINT('',#13527);
#4930=VERTEX_POINT('',#13529);
#4931=VERTEX_POINT('',#13532);
#4932=VERTEX_POINT('',#13533);
#4933=VERTEX_POINT('',#13535);
#4934=VERTEX_POINT('',#13537);
#4935=VERTEX_POINT('',#13540);
#4936=VERTEX_POINT('',#13541);
#4937=VERTEX_POINT('',#13543);
#4938=VERTEX_POINT('',#13545);
#4939=VERTEX_POINT('',#13548);
#4940=VERTEX_POINT('',#13549);
#4941=VERTEX_POINT('',#13551);
#4942=VERTEX_POINT('',#13553);
#4943=VERTEX_POINT('',#13556);
#4944=VERTEX_POINT('',#13557);
#4945=VERTEX_POINT('',#13559);
#4946=VERTEX_POINT('',#13561);
#4947=VERTEX_POINT('',#13564);
#4948=VERTEX_POINT('',#13565);
#4949=VERTEX_POINT('',#13567);
#4950=VERTEX_POINT('',#13569);
#4951=VERTEX_POINT('',#13572);
#4952=VERTEX_POINT('',#13573);
#4953=VERTEX_POINT('',#13575);
#4954=VERTEX_POINT('',#13577);
#4955=VERTEX_POINT('',#13580);
#4956=VERTEX_POINT('',#13581);
#4957=VERTEX_POINT('',#13583);
#4958=VERTEX_POINT('',#13585);
#4959=VERTEX_POINT('',#13588);
#4960=VERTEX_POINT('',#13589);
#4961=VERTEX_POINT('',#13591);
#4962=VERTEX_POINT('',#13593);
#4963=VERTEX_POINT('',#13596);
#4964=VERTEX_POINT('',#13597);
#4965=VERTEX_POINT('',#13599);
#4966=VERTEX_POINT('',#13601);
#4967=VERTEX_POINT('',#13604);
#4968=VERTEX_POINT('',#13605);
#4969=VERTEX_POINT('',#13607);
#4970=VERTEX_POINT('',#13609);
#4971=VERTEX_POINT('',#13612);
#4972=VERTEX_POINT('',#13613);
#4973=VERTEX_POINT('',#13615);
#4974=VERTEX_POINT('',#13617);
#4975=VERTEX_POINT('',#13620);
#4976=VERTEX_POINT('',#13621);
#4977=VERTEX_POINT('',#13623);
#4978=VERTEX_POINT('',#13625);
#4979=VERTEX_POINT('',#13628);
#4980=VERTEX_POINT('',#13629);
#4981=VERTEX_POINT('',#13631);
#4982=VERTEX_POINT('',#13633);
#4983=VERTEX_POINT('',#13635);
#4984=VERTEX_POINT('',#13637);
#4985=VERTEX_POINT('',#13639);
#4986=VERTEX_POINT('',#13641);
#4987=VERTEX_POINT('',#13643);
#4988=VERTEX_POINT('',#13645);
#4989=VERTEX_POINT('',#13647);
#4990=VERTEX_POINT('',#13649);
#4991=VERTEX_POINT('',#13651);
#4992=VERTEX_POINT('',#13653);
#4993=VERTEX_POINT('',#13655);
#4994=VERTEX_POINT('',#13657);
#4995=VERTEX_POINT('',#13659);
#4996=VERTEX_POINT('',#13661);
#4997=VERTEX_POINT('',#13663);
#4998=VERTEX_POINT('',#13665);
#4999=VERTEX_POINT('',#13667);
#5000=VERTEX_POINT('',#13669);
#5001=VERTEX_POINT('',#13671);
#5002=VERTEX_POINT('',#13673);
#5003=VERTEX_POINT('',#13675);
#5004=VERTEX_POINT('',#13677);
#5005=VERTEX_POINT('',#13679);
#5006=VERTEX_POINT('',#13681);
#5007=VERTEX_POINT('',#13683);
#5008=VERTEX_POINT('',#13685);
#5009=VERTEX_POINT('',#13687);
#5010=VERTEX_POINT('',#13689);
#5011=VERTEX_POINT('',#13691);
#5012=VERTEX_POINT('',#13693);
#5013=VERTEX_POINT('',#13695);
#5014=VERTEX_POINT('',#13697);
#5015=VERTEX_POINT('',#13699);
#5016=VERTEX_POINT('',#13701);
#5017=VERTEX_POINT('',#13703);
#5018=VERTEX_POINT('',#13705);
#5019=VERTEX_POINT('',#13707);
#5020=VERTEX_POINT('',#13709);
#5021=VERTEX_POINT('',#13711);
#5022=VERTEX_POINT('',#13713);
#5023=VERTEX_POINT('',#13716);
#5024=VERTEX_POINT('',#13717);
#5025=VERTEX_POINT('',#13719);
#5026=VERTEX_POINT('',#13721);
#5027=VERTEX_POINT('',#13724);
#5028=VERTEX_POINT('',#13725);
#5029=VERTEX_POINT('',#13727);
#5030=VERTEX_POINT('',#13729);
#5031=VERTEX_POINT('',#13732);
#5032=VERTEX_POINT('',#13733);
#5033=VERTEX_POINT('',#13735);
#5034=VERTEX_POINT('',#13737);
#5035=VERTEX_POINT('',#13740);
#5036=VERTEX_POINT('',#13741);
#5037=VERTEX_POINT('',#13743);
#5038=VERTEX_POINT('',#13745);
#5039=VERTEX_POINT('',#13748);
#5040=VERTEX_POINT('',#13749);
#5041=VERTEX_POINT('',#13751);
#5042=VERTEX_POINT('',#13753);
#5043=VERTEX_POINT('',#13756);
#5044=VERTEX_POINT('',#13757);
#5045=VERTEX_POINT('',#13759);
#5046=VERTEX_POINT('',#13761);
#5047=VERTEX_POINT('',#13764);
#5048=VERTEX_POINT('',#13765);
#5049=VERTEX_POINT('',#13767);
#5050=VERTEX_POINT('',#13769);
#5051=VERTEX_POINT('',#13772);
#5052=VERTEX_POINT('',#13773);
#5053=VERTEX_POINT('',#13775);
#5054=VERTEX_POINT('',#13777);
#5055=VERTEX_POINT('',#13780);
#5056=VERTEX_POINT('',#13781);
#5057=VERTEX_POINT('',#13783);
#5058=VERTEX_POINT('',#13785);
#5059=VERTEX_POINT('',#13788);
#5060=VERTEX_POINT('',#13789);
#5061=VERTEX_POINT('',#13791);
#5062=VERTEX_POINT('',#13793);
#5063=VERTEX_POINT('',#13796);
#5064=VERTEX_POINT('',#13797);
#5065=VERTEX_POINT('',#13799);
#5066=VERTEX_POINT('',#13801);
#5067=VERTEX_POINT('',#13804);
#5068=VERTEX_POINT('',#13805);
#5069=VERTEX_POINT('',#13807);
#5070=VERTEX_POINT('',#13809);
#5071=VERTEX_POINT('',#13812);
#5072=VERTEX_POINT('',#13813);
#5073=VERTEX_POINT('',#13815);
#5074=VERTEX_POINT('',#13817);
#5075=VERTEX_POINT('',#13820);
#5076=VERTEX_POINT('',#13821);
#5077=VERTEX_POINT('',#13823);
#5078=VERTEX_POINT('',#13825);
#5079=VERTEX_POINT('',#13828);
#5080=VERTEX_POINT('',#13829);
#5081=VERTEX_POINT('',#13831);
#5082=VERTEX_POINT('',#13833);
#5083=VERTEX_POINT('',#13836);
#5084=VERTEX_POINT('',#13837);
#5085=VERTEX_POINT('',#13839);
#5086=VERTEX_POINT('',#13841);
#5087=VERTEX_POINT('',#13844);
#5088=VERTEX_POINT('',#13845);
#5089=VERTEX_POINT('',#13847);
#5090=VERTEX_POINT('',#13849);
#5091=VERTEX_POINT('',#13852);
#5092=VERTEX_POINT('',#13853);
#5093=VERTEX_POINT('',#13855);
#5094=VERTEX_POINT('',#13857);
#5095=VERTEX_POINT('',#13860);
#5096=VERTEX_POINT('',#13861);
#5097=VERTEX_POINT('',#13863);
#5098=VERTEX_POINT('',#13865);
#5099=VERTEX_POINT('',#13868);
#5100=VERTEX_POINT('',#13869);
#5101=VERTEX_POINT('',#13871);
#5102=VERTEX_POINT('',#13873);
#5103=VERTEX_POINT('',#13876);
#5104=VERTEX_POINT('',#13877);
#5105=VERTEX_POINT('',#13879);
#5106=VERTEX_POINT('',#13881);
#5107=VERTEX_POINT('',#13883);
#5108=VERTEX_POINT('',#13885);
#5109=VERTEX_POINT('',#13887);
#5110=VERTEX_POINT('',#13889);
#5111=VERTEX_POINT('',#13891);
#5112=VERTEX_POINT('',#13893);
#5113=VERTEX_POINT('',#13895);
#5114=VERTEX_POINT('',#13897);
#5115=VERTEX_POINT('',#13899);
#5116=VERTEX_POINT('',#13901);
#5117=VERTEX_POINT('',#13903);
#5118=VERTEX_POINT('',#13905);
#5119=VERTEX_POINT('',#13907);
#5120=VERTEX_POINT('',#13909);
#5121=VERTEX_POINT('',#13911);
#5122=VERTEX_POINT('',#13913);
#5123=VERTEX_POINT('',#13915);
#5124=VERTEX_POINT('',#13917);
#5125=VERTEX_POINT('',#13919);
#5126=VERTEX_POINT('',#13921);
#5127=VERTEX_POINT('',#13923);
#5128=VERTEX_POINT('',#13925);
#5129=VERTEX_POINT('',#13927);
#5130=VERTEX_POINT('',#13929);
#5131=VERTEX_POINT('',#13931);
#5132=VERTEX_POINT('',#13933);
#5133=VERTEX_POINT('',#13935);
#5134=VERTEX_POINT('',#13937);
#5135=VERTEX_POINT('',#13939);
#5136=VERTEX_POINT('',#13941);
#5137=VERTEX_POINT('',#13943);
#5138=VERTEX_POINT('',#13945);
#5139=VERTEX_POINT('',#13947);
#5140=VERTEX_POINT('',#13949);
#5141=VERTEX_POINT('',#13951);
#5142=VERTEX_POINT('',#13953);
#5143=VERTEX_POINT('',#13955);
#5144=VERTEX_POINT('',#13957);
#5145=VERTEX_POINT('',#13959);
#5146=VERTEX_POINT('',#13961);
#5147=VERTEX_POINT('',#13964);
#5148=VERTEX_POINT('',#13966);
#5149=EDGE_CURVE('',#4277,#4278,#4261,.T.);
#5150=EDGE_CURVE('',#4278,#4279,#1677,.T.);
#5151=EDGE_CURVE('',#4280,#4279,#4262,.T.);
#5152=EDGE_CURVE('',#4277,#4280,#1678,.T.);
#5153=EDGE_CURVE('',#4277,#4281,#1679,.T.);
#5154=EDGE_CURVE('',#4282,#4280,#1680,.T.);
#5155=EDGE_CURVE('',#4281,#4282,#1681,.T.);
#5156=EDGE_CURVE('',#4283,#4282,#1682,.T.);
#5157=EDGE_CURVE('',#4279,#4284,#1683,.T.);
#5158=EDGE_CURVE('',#4283,#4284,#1684,.T.);
#5159=EDGE_CURVE('',#4285,#4284,#1685,.T.);
#5160=EDGE_CURVE('',#4286,#4285,#1686,.T.);
#5161=EDGE_CURVE('',#4283,#4286,#1687,.T.);
#5162=EDGE_CURVE('',#4287,#4288,#1688,.T.);
#5163=EDGE_CURVE('',#4287,#4289,#1689,.T.);
#5164=EDGE_CURVE('',#4290,#4289,#1690,.T.);
#5165=EDGE_CURVE('',#4288,#4290,#1691,.T.);
#5166=EDGE_CURVE('',#4291,#4288,#4263,.T.);
#5167=EDGE_CURVE('',#4292,#4290,#4264,.T.);
#5168=EDGE_CURVE('',#4291,#4292,#1692,.T.);
#5169=EDGE_CURVE('',#4293,#4294,#1693,.T.);
#5170=EDGE_CURVE('',#4293,#4292,#1694,.T.);
#5171=EDGE_CURVE('',#4289,#4294,#1695,.T.);
#5172=EDGE_CURVE('',#4295,#4296,#1696,.T.);
#5173=EDGE_CURVE('',#4296,#4297,#1697,.T.);
#5174=EDGE_CURVE('',#4297,#4298,#1698,.T.);
#5175=EDGE_CURVE('',#4298,#4295,#1699,.T.);
#5176=EDGE_CURVE('',#4296,#4299,#1700,.T.);
#5177=EDGE_CURVE('',#4300,#4299,#1701,.T.);
#5178=EDGE_CURVE('',#4300,#4297,#1702,.T.);
#5179=EDGE_CURVE('',#4301,#4295,#1703,.T.);
#5180=EDGE_CURVE('',#4302,#4301,#1704,.T.);
#5181=EDGE_CURVE('',#4302,#4303,#1705,.T.);
#5182=EDGE_CURVE('',#4304,#4303,#1706,.T.);
#5183=EDGE_CURVE('',#4291,#4304,#1707,.T.);
#5184=EDGE_CURVE('',#4293,#4305,#1708,.T.);
#5185=EDGE_CURVE('',#4305,#4285,#1709,.T.);
#5186=EDGE_CURVE('',#4278,#4306,#1710,.T.);
#5187=EDGE_CURVE('',#4299,#4306,#1711,.T.);
#5188=EDGE_CURVE('',#4307,#4307,#4265,.T.);
#5189=EDGE_CURVE('',#4308,#4308,#4266,.T.);
#5190=EDGE_CURVE('',#4309,#4309,#4267,.T.);
#5191=EDGE_CURVE('',#4310,#4310,#4268,.T.);
#5192=EDGE_CURVE('',#4311,#4312,#1712,.T.);
#5193=EDGE_CURVE('',#4312,#4313,#1713,.T.);
#5194=EDGE_CURVE('',#4313,#4314,#1714,.T.);
#5195=EDGE_CURVE('',#4314,#4311,#1715,.T.);
#5196=EDGE_CURVE('',#4315,#4316,#1716,.T.);
#5197=EDGE_CURVE('',#4316,#4317,#1717,.T.);
#5198=EDGE_CURVE('',#4317,#4318,#1718,.T.);
#5199=EDGE_CURVE('',#4318,#4315,#1719,.T.);
#5200=EDGE_CURVE('',#4319,#4320,#1720,.T.);
#5201=EDGE_CURVE('',#4320,#4321,#1721,.T.);
#5202=EDGE_CURVE('',#4321,#4322,#1722,.T.);
#5203=EDGE_CURVE('',#4322,#4319,#1723,.T.);
#5204=EDGE_CURVE('',#4323,#4324,#1724,.T.);
#5205=EDGE_CURVE('',#4324,#4325,#1725,.T.);
#5206=EDGE_CURVE('',#4325,#4326,#1726,.T.);
#5207=EDGE_CURVE('',#4326,#4323,#1727,.T.);
#5208=EDGE_CURVE('',#4327,#4328,#1728,.T.);
#5209=EDGE_CURVE('',#4328,#4329,#1729,.T.);
#5210=EDGE_CURVE('',#4329,#4330,#1730,.T.);
#5211=EDGE_CURVE('',#4330,#4327,#1731,.T.);
#5212=EDGE_CURVE('',#4331,#4332,#1732,.T.);
#5213=EDGE_CURVE('',#4332,#4333,#1733,.T.);
#5214=EDGE_CURVE('',#4333,#4334,#1734,.T.);
#5215=EDGE_CURVE('',#4334,#4331,#1735,.T.);
#5216=EDGE_CURVE('',#4335,#4336,#1736,.T.);
#5217=EDGE_CURVE('',#4336,#4337,#1737,.T.);
#5218=EDGE_CURVE('',#4337,#4338,#1738,.T.);
#5219=EDGE_CURVE('',#4338,#4335,#1739,.T.);
#5220=EDGE_CURVE('',#4339,#4340,#1740,.T.);
#5221=EDGE_CURVE('',#4340,#4341,#1741,.T.);
#5222=EDGE_CURVE('',#4341,#4342,#1742,.T.);
#5223=EDGE_CURVE('',#4342,#4339,#1743,.T.);
#5224=EDGE_CURVE('',#4343,#4344,#1744,.T.);
#5225=EDGE_CURVE('',#4344,#4345,#1745,.T.);
#5226=EDGE_CURVE('',#4345,#4346,#1746,.T.);
#5227=EDGE_CURVE('',#4346,#4343,#1747,.T.);
#5228=EDGE_CURVE('',#4347,#4348,#1748,.T.);
#5229=EDGE_CURVE('',#4348,#4349,#1749,.T.);
#5230=EDGE_CURVE('',#4349,#4350,#1750,.T.);
#5231=EDGE_CURVE('',#4350,#4347,#1751,.T.);
#5232=EDGE_CURVE('',#4351,#4352,#1752,.T.);
#5233=EDGE_CURVE('',#4352,#4353,#1753,.T.);
#5234=EDGE_CURVE('',#4353,#4354,#1754,.T.);
#5235=EDGE_CURVE('',#4354,#4351,#1755,.T.);
#5236=EDGE_CURVE('',#4355,#4356,#1756,.T.);
#5237=EDGE_CURVE('',#4356,#4357,#1757,.T.);
#5238=EDGE_CURVE('',#4357,#4358,#1758,.T.);
#5239=EDGE_CURVE('',#4358,#4355,#1759,.T.);
#5240=EDGE_CURVE('',#4359,#4360,#1760,.T.);
#5241=EDGE_CURVE('',#4360,#4361,#1761,.T.);
#5242=EDGE_CURVE('',#4361,#4362,#1762,.T.);
#5243=EDGE_CURVE('',#4362,#4359,#1763,.T.);
#5244=EDGE_CURVE('',#4363,#4364,#1764,.T.);
#5245=EDGE_CURVE('',#4364,#4365,#1765,.T.);
#5246=EDGE_CURVE('',#4365,#4366,#1766,.T.);
#5247=EDGE_CURVE('',#4366,#4363,#1767,.T.);
#5248=EDGE_CURVE('',#4367,#4368,#1768,.T.);
#5249=EDGE_CURVE('',#4368,#4369,#1769,.T.);
#5250=EDGE_CURVE('',#4369,#4370,#1770,.T.);
#5251=EDGE_CURVE('',#4370,#4367,#1771,.T.);
#5252=EDGE_CURVE('',#4371,#4372,#1772,.T.);
#5253=EDGE_CURVE('',#4372,#4373,#1773,.T.);
#5254=EDGE_CURVE('',#4373,#4374,#1774,.T.);
#5255=EDGE_CURVE('',#4374,#4371,#1775,.T.);
#5256=EDGE_CURVE('',#4375,#4376,#1776,.T.);
#5257=EDGE_CURVE('',#4376,#4377,#1777,.T.);
#5258=EDGE_CURVE('',#4377,#4378,#1778,.T.);
#5259=EDGE_CURVE('',#4378,#4375,#1779,.T.);
#5260=EDGE_CURVE('',#4379,#4380,#1780,.T.);
#5261=EDGE_CURVE('',#4380,#4381,#1781,.T.);
#5262=EDGE_CURVE('',#4381,#4382,#1782,.T.);
#5263=EDGE_CURVE('',#4382,#4379,#1783,.T.);
#5264=EDGE_CURVE('',#4383,#4384,#1784,.T.);
#5265=EDGE_CURVE('',#4384,#4385,#1785,.T.);
#5266=EDGE_CURVE('',#4385,#4386,#1786,.T.);
#5267=EDGE_CURVE('',#4386,#4383,#1787,.T.);
#5268=EDGE_CURVE('',#4387,#4388,#1788,.T.);
#5269=EDGE_CURVE('',#4388,#4389,#1789,.T.);
#5270=EDGE_CURVE('',#4389,#4390,#1790,.T.);
#5271=EDGE_CURVE('',#4390,#4387,#1791,.T.);
#5272=EDGE_CURVE('',#4391,#4392,#1792,.T.);
#5273=EDGE_CURVE('',#4392,#4393,#1793,.T.);
#5274=EDGE_CURVE('',#4393,#4394,#1794,.T.);
#5275=EDGE_CURVE('',#4394,#4391,#1795,.T.);
#5276=EDGE_CURVE('',#4395,#4396,#1796,.T.);
#5277=EDGE_CURVE('',#4396,#4397,#1797,.T.);
#5278=EDGE_CURVE('',#4397,#4398,#1798,.T.);
#5279=EDGE_CURVE('',#4398,#4395,#1799,.T.);
#5280=EDGE_CURVE('',#4399,#4400,#1800,.T.);
#5281=EDGE_CURVE('',#4400,#4401,#1801,.T.);
#5282=EDGE_CURVE('',#4401,#4402,#1802,.T.);
#5283=EDGE_CURVE('',#4402,#4399,#1803,.T.);
#5284=EDGE_CURVE('',#4403,#4404,#1804,.T.);
#5285=EDGE_CURVE('',#4404,#4405,#1805,.T.);
#5286=EDGE_CURVE('',#4405,#4406,#1806,.T.);
#5287=EDGE_CURVE('',#4406,#4403,#1807,.T.);
#5288=EDGE_CURVE('',#4407,#4408,#1808,.T.);
#5289=EDGE_CURVE('',#4408,#4409,#1809,.T.);
#5290=EDGE_CURVE('',#4409,#4410,#1810,.T.);
#5291=EDGE_CURVE('',#4410,#4407,#1811,.T.);
#5292=EDGE_CURVE('',#4411,#4412,#1812,.T.);
#5293=EDGE_CURVE('',#4412,#4413,#1813,.T.);
#5294=EDGE_CURVE('',#4413,#4414,#1814,.T.);
#5295=EDGE_CURVE('',#4414,#4411,#1815,.T.);
#5296=EDGE_CURVE('',#4415,#4416,#1816,.T.);
#5297=EDGE_CURVE('',#4416,#4417,#1817,.T.);
#5298=EDGE_CURVE('',#4417,#4418,#1818,.T.);
#5299=EDGE_CURVE('',#4418,#4415,#1819,.T.);
#5300=EDGE_CURVE('',#4419,#4420,#1820,.T.);
#5301=EDGE_CURVE('',#4420,#4421,#1821,.T.);
#5302=EDGE_CURVE('',#4421,#4422,#1822,.T.);
#5303=EDGE_CURVE('',#4422,#4419,#1823,.T.);
#5304=EDGE_CURVE('',#4423,#4424,#1824,.T.);
#5305=EDGE_CURVE('',#4424,#4425,#1825,.T.);
#5306=EDGE_CURVE('',#4425,#4426,#1826,.T.);
#5307=EDGE_CURVE('',#4426,#4423,#1827,.T.);
#5308=EDGE_CURVE('',#4427,#4428,#1828,.T.);
#5309=EDGE_CURVE('',#4428,#4429,#1829,.T.);
#5310=EDGE_CURVE('',#4429,#4430,#1830,.T.);
#5311=EDGE_CURVE('',#4430,#4427,#1831,.T.);
#5312=EDGE_CURVE('',#4431,#4432,#1832,.T.);
#5313=EDGE_CURVE('',#4432,#4433,#1833,.T.);
#5314=EDGE_CURVE('',#4433,#4434,#1834,.T.);
#5315=EDGE_CURVE('',#4434,#4431,#1835,.T.);
#5316=EDGE_CURVE('',#4435,#4436,#1836,.T.);
#5317=EDGE_CURVE('',#4436,#4437,#1837,.T.);
#5318=EDGE_CURVE('',#4437,#4438,#1838,.T.);
#5319=EDGE_CURVE('',#4438,#4435,#1839,.T.);
#5320=EDGE_CURVE('',#4439,#4440,#1840,.T.);
#5321=EDGE_CURVE('',#4440,#4441,#1841,.T.);
#5322=EDGE_CURVE('',#4441,#4442,#1842,.T.);
#5323=EDGE_CURVE('',#4442,#4439,#1843,.T.);
#5324=EDGE_CURVE('',#4443,#4444,#1844,.T.);
#5325=EDGE_CURVE('',#4444,#4445,#1845,.T.);
#5326=EDGE_CURVE('',#4445,#4446,#1846,.T.);
#5327=EDGE_CURVE('',#4446,#4443,#1847,.T.);
#5328=EDGE_CURVE('',#4447,#4448,#1848,.T.);
#5329=EDGE_CURVE('',#4448,#4449,#1849,.T.);
#5330=EDGE_CURVE('',#4449,#4450,#1850,.T.);
#5331=EDGE_CURVE('',#4450,#4447,#1851,.T.);
#5332=EDGE_CURVE('',#4451,#4452,#1852,.T.);
#5333=EDGE_CURVE('',#4452,#4453,#1853,.T.);
#5334=EDGE_CURVE('',#4453,#4454,#1854,.T.);
#5335=EDGE_CURVE('',#4454,#4451,#1855,.T.);
#5336=EDGE_CURVE('',#4455,#4456,#1856,.T.);
#5337=EDGE_CURVE('',#4456,#4457,#1857,.T.);
#5338=EDGE_CURVE('',#4457,#4458,#1858,.T.);
#5339=EDGE_CURVE('',#4458,#4455,#1859,.T.);
#5340=EDGE_CURVE('',#4459,#4460,#1860,.T.);
#5341=EDGE_CURVE('',#4460,#4461,#1861,.T.);
#5342=EDGE_CURVE('',#4461,#4462,#1862,.T.);
#5343=EDGE_CURVE('',#4462,#4459,#1863,.T.);
#5344=EDGE_CURVE('',#4463,#4464,#1864,.T.);
#5345=EDGE_CURVE('',#4464,#4465,#1865,.T.);
#5346=EDGE_CURVE('',#4465,#4466,#1866,.T.);
#5347=EDGE_CURVE('',#4466,#4463,#1867,.T.);
#5348=EDGE_CURVE('',#4467,#4468,#1868,.T.);
#5349=EDGE_CURVE('',#4468,#4469,#1869,.T.);
#5350=EDGE_CURVE('',#4469,#4470,#1870,.T.);
#5351=EDGE_CURVE('',#4470,#4467,#1871,.T.);
#5352=EDGE_CURVE('',#4471,#4472,#1872,.T.);
#5353=EDGE_CURVE('',#4472,#4473,#1873,.T.);
#5354=EDGE_CURVE('',#4473,#4474,#1874,.T.);
#5355=EDGE_CURVE('',#4474,#4471,#1875,.T.);
#5356=EDGE_CURVE('',#4475,#4476,#1876,.T.);
#5357=EDGE_CURVE('',#4476,#4477,#1877,.T.);
#5358=EDGE_CURVE('',#4477,#4478,#1878,.T.);
#5359=EDGE_CURVE('',#4478,#4475,#1879,.T.);
#5360=EDGE_CURVE('',#4479,#4480,#1880,.T.);
#5361=EDGE_CURVE('',#4480,#4481,#1881,.T.);
#5362=EDGE_CURVE('',#4481,#4482,#1882,.T.);
#5363=EDGE_CURVE('',#4482,#4479,#1883,.T.);
#5364=EDGE_CURVE('',#4483,#4484,#1884,.T.);
#5365=EDGE_CURVE('',#4484,#4485,#1885,.T.);
#5366=EDGE_CURVE('',#4485,#4486,#1886,.T.);
#5367=EDGE_CURVE('',#4486,#4483,#1887,.T.);
#5368=EDGE_CURVE('',#4487,#4488,#1888,.T.);
#5369=EDGE_CURVE('',#4488,#4489,#1889,.T.);
#5370=EDGE_CURVE('',#4489,#4490,#1890,.T.);
#5371=EDGE_CURVE('',#4490,#4487,#1891,.T.);
#5372=EDGE_CURVE('',#4491,#4492,#1892,.T.);
#5373=EDGE_CURVE('',#4492,#4493,#1893,.T.);
#5374=EDGE_CURVE('',#4493,#4494,#1894,.T.);
#5375=EDGE_CURVE('',#4494,#4491,#1895,.T.);
#5376=EDGE_CURVE('',#4495,#4496,#1896,.T.);
#5377=EDGE_CURVE('',#4496,#4497,#1897,.T.);
#5378=EDGE_CURVE('',#4497,#4498,#1898,.T.);
#5379=EDGE_CURVE('',#4498,#4495,#1899,.T.);
#5380=EDGE_CURVE('',#4499,#4500,#1900,.T.);
#5381=EDGE_CURVE('',#4500,#4501,#1901,.T.);
#5382=EDGE_CURVE('',#4501,#4502,#1902,.T.);
#5383=EDGE_CURVE('',#4502,#4499,#1903,.T.);
#5384=EDGE_CURVE('',#4503,#4504,#1904,.T.);
#5385=EDGE_CURVE('',#4504,#4505,#1905,.T.);
#5386=EDGE_CURVE('',#4505,#4506,#1906,.T.);
#5387=EDGE_CURVE('',#4506,#4503,#1907,.T.);
#5388=EDGE_CURVE('',#4507,#4508,#1908,.T.);
#5389=EDGE_CURVE('',#4508,#4509,#1909,.T.);
#5390=EDGE_CURVE('',#4509,#4510,#1910,.T.);
#5391=EDGE_CURVE('',#4510,#4507,#1911,.T.);
#5392=EDGE_CURVE('',#4511,#4512,#1912,.T.);
#5393=EDGE_CURVE('',#4512,#4513,#1913,.T.);
#5394=EDGE_CURVE('',#4513,#4514,#1914,.T.);
#5395=EDGE_CURVE('',#4514,#4511,#1915,.T.);
#5396=EDGE_CURVE('',#4515,#4516,#1916,.T.);
#5397=EDGE_CURVE('',#4516,#4517,#1917,.T.);
#5398=EDGE_CURVE('',#4517,#4518,#1918,.T.);
#5399=EDGE_CURVE('',#4518,#4515,#1919,.T.);
#5400=EDGE_CURVE('',#4519,#4520,#1920,.T.);
#5401=EDGE_CURVE('',#4520,#4521,#1921,.T.);
#5402=EDGE_CURVE('',#4521,#4522,#1922,.T.);
#5403=EDGE_CURVE('',#4522,#4519,#1923,.T.);
#5404=EDGE_CURVE('',#4523,#4524,#1924,.T.);
#5405=EDGE_CURVE('',#4524,#4525,#1925,.T.);
#5406=EDGE_CURVE('',#4525,#4526,#1926,.T.);
#5407=EDGE_CURVE('',#4526,#4523,#1927,.T.);
#5408=EDGE_CURVE('',#4527,#4528,#1928,.T.);
#5409=EDGE_CURVE('',#4528,#4529,#1929,.T.);
#5410=EDGE_CURVE('',#4529,#4530,#1930,.T.);
#5411=EDGE_CURVE('',#4530,#4527,#1931,.T.);
#5412=EDGE_CURVE('',#4531,#4532,#1932,.T.);
#5413=EDGE_CURVE('',#4532,#4533,#1933,.T.);
#5414=EDGE_CURVE('',#4533,#4534,#1934,.T.);
#5415=EDGE_CURVE('',#4534,#4531,#1935,.T.);
#5416=EDGE_CURVE('',#4535,#4536,#1936,.T.);
#5417=EDGE_CURVE('',#4536,#4537,#1937,.T.);
#5418=EDGE_CURVE('',#4537,#4538,#1938,.T.);
#5419=EDGE_CURVE('',#4538,#4535,#1939,.T.);
#5420=EDGE_CURVE('',#4539,#4540,#1940,.T.);
#5421=EDGE_CURVE('',#4540,#4541,#1941,.T.);
#5422=EDGE_CURVE('',#4541,#4542,#1942,.T.);
#5423=EDGE_CURVE('',#4542,#4539,#1943,.T.);
#5424=EDGE_CURVE('',#4543,#4544,#1944,.T.);
#5425=EDGE_CURVE('',#4544,#4545,#1945,.T.);
#5426=EDGE_CURVE('',#4545,#4546,#1946,.T.);
#5427=EDGE_CURVE('',#4546,#4543,#1947,.T.);
#5428=EDGE_CURVE('',#4547,#4548,#1948,.T.);
#5429=EDGE_CURVE('',#4548,#4549,#1949,.T.);
#5430=EDGE_CURVE('',#4549,#4550,#1950,.T.);
#5431=EDGE_CURVE('',#4550,#4547,#1951,.T.);
#5432=EDGE_CURVE('',#4551,#4552,#1952,.T.);
#5433=EDGE_CURVE('',#4552,#4553,#1953,.T.);
#5434=EDGE_CURVE('',#4553,#4554,#1954,.T.);
#5435=EDGE_CURVE('',#4554,#4551,#1955,.T.);
#5436=EDGE_CURVE('',#4555,#4556,#1956,.T.);
#5437=EDGE_CURVE('',#4556,#4557,#1957,.T.);
#5438=EDGE_CURVE('',#4557,#4558,#1958,.T.);
#5439=EDGE_CURVE('',#4558,#4559,#1959,.T.);
#5440=EDGE_CURVE('',#4559,#4560,#1960,.T.);
#5441=EDGE_CURVE('',#4560,#4561,#1961,.T.);
#5442=EDGE_CURVE('',#4561,#4562,#1962,.T.);
#5443=EDGE_CURVE('',#4562,#4563,#1963,.T.);
#5444=EDGE_CURVE('',#4563,#4564,#1964,.T.);
#5445=EDGE_CURVE('',#4564,#4565,#1965,.T.);
#5446=EDGE_CURVE('',#4565,#4566,#1966,.T.);
#5447=EDGE_CURVE('',#4566,#4567,#1967,.T.);
#5448=EDGE_CURVE('',#4567,#4568,#1968,.T.);
#5449=EDGE_CURVE('',#4568,#4569,#1969,.T.);
#5450=EDGE_CURVE('',#4569,#4570,#1970,.T.);
#5451=EDGE_CURVE('',#4570,#4571,#1971,.T.);
#5452=EDGE_CURVE('',#4571,#4572,#1972,.T.);
#5453=EDGE_CURVE('',#4572,#4573,#1973,.T.);
#5454=EDGE_CURVE('',#4573,#4574,#1974,.T.);
#5455=EDGE_CURVE('',#4574,#4575,#1975,.T.);
#5456=EDGE_CURVE('',#4575,#4576,#1976,.T.);
#5457=EDGE_CURVE('',#4576,#4577,#1977,.T.);
#5458=EDGE_CURVE('',#4577,#4578,#1978,.T.);
#5459=EDGE_CURVE('',#4578,#4579,#1979,.T.);
#5460=EDGE_CURVE('',#4579,#4580,#1980,.T.);
#5461=EDGE_CURVE('',#4580,#4581,#1981,.T.);
#5462=EDGE_CURVE('',#4581,#4582,#1982,.T.);
#5463=EDGE_CURVE('',#4582,#4583,#1983,.T.);
#5464=EDGE_CURVE('',#4583,#4584,#1984,.T.);
#5465=EDGE_CURVE('',#4584,#4585,#1985,.T.);
#5466=EDGE_CURVE('',#4585,#4586,#1986,.T.);
#5467=EDGE_CURVE('',#4586,#4587,#1987,.T.);
#5468=EDGE_CURVE('',#4587,#4588,#1988,.T.);
#5469=EDGE_CURVE('',#4588,#4589,#1989,.T.);
#5470=EDGE_CURVE('',#4589,#4590,#1990,.T.);
#5471=EDGE_CURVE('',#4590,#4591,#1991,.T.);
#5472=EDGE_CURVE('',#4591,#4592,#1992,.T.);
#5473=EDGE_CURVE('',#4592,#4593,#1993,.T.);
#5474=EDGE_CURVE('',#4593,#4594,#1994,.T.);
#5475=EDGE_CURVE('',#4594,#4595,#1995,.T.);
#5476=EDGE_CURVE('',#4595,#4596,#1996,.T.);
#5477=EDGE_CURVE('',#4596,#4597,#1997,.T.);
#5478=EDGE_CURVE('',#4597,#4598,#1998,.T.);
#5479=EDGE_CURVE('',#4598,#4555,#1999,.T.);
#5480=EDGE_CURVE('',#4599,#4600,#2000,.T.);
#5481=EDGE_CURVE('',#4600,#4601,#2001,.T.);
#5482=EDGE_CURVE('',#4601,#4602,#2002,.T.);
#5483=EDGE_CURVE('',#4602,#4599,#2003,.T.);
#5484=EDGE_CURVE('',#4603,#4604,#2004,.T.);
#5485=EDGE_CURVE('',#4604,#4605,#2005,.T.);
#5486=EDGE_CURVE('',#4605,#4606,#2006,.T.);
#5487=EDGE_CURVE('',#4606,#4603,#2007,.T.);
#5488=EDGE_CURVE('',#4607,#4608,#2008,.T.);
#5489=EDGE_CURVE('',#4608,#4609,#2009,.T.);
#5490=EDGE_CURVE('',#4609,#4610,#2010,.T.);
#5491=EDGE_CURVE('',#4610,#4607,#2011,.T.);
#5492=EDGE_CURVE('',#4611,#4612,#2012,.T.);
#5493=EDGE_CURVE('',#4612,#4613,#2013,.T.);
#5494=EDGE_CURVE('',#4613,#4614,#2014,.T.);
#5495=EDGE_CURVE('',#4614,#4611,#2015,.T.);
#5496=EDGE_CURVE('',#4615,#4616,#2016,.T.);
#5497=EDGE_CURVE('',#4616,#4617,#2017,.T.);
#5498=EDGE_CURVE('',#4617,#4618,#2018,.T.);
#5499=EDGE_CURVE('',#4618,#4615,#2019,.T.);
#5500=EDGE_CURVE('',#4619,#4620,#2020,.T.);
#5501=EDGE_CURVE('',#4620,#4621,#2021,.T.);
#5502=EDGE_CURVE('',#4621,#4622,#2022,.T.);
#5503=EDGE_CURVE('',#4622,#4619,#2023,.T.);
#5504=EDGE_CURVE('',#4623,#4624,#2024,.T.);
#5505=EDGE_CURVE('',#4624,#4625,#2025,.T.);
#5506=EDGE_CURVE('',#4625,#4626,#2026,.T.);
#5507=EDGE_CURVE('',#4626,#4623,#2027,.T.);
#5508=EDGE_CURVE('',#4627,#4628,#2028,.T.);
#5509=EDGE_CURVE('',#4628,#4629,#2029,.T.);
#5510=EDGE_CURVE('',#4629,#4630,#2030,.T.);
#5511=EDGE_CURVE('',#4630,#4627,#2031,.T.);
#5512=EDGE_CURVE('',#4631,#4632,#2032,.T.);
#5513=EDGE_CURVE('',#4632,#4633,#2033,.T.);
#5514=EDGE_CURVE('',#4633,#4634,#2034,.T.);
#5515=EDGE_CURVE('',#4634,#4631,#2035,.T.);
#5516=EDGE_CURVE('',#4635,#4636,#2036,.T.);
#5517=EDGE_CURVE('',#4636,#4637,#2037,.T.);
#5518=EDGE_CURVE('',#4637,#4638,#2038,.T.);
#5519=EDGE_CURVE('',#4638,#4635,#2039,.T.);
#5520=EDGE_CURVE('',#4639,#4640,#2040,.T.);
#5521=EDGE_CURVE('',#4640,#4641,#2041,.T.);
#5522=EDGE_CURVE('',#4641,#4642,#2042,.T.);
#5523=EDGE_CURVE('',#4642,#4639,#2043,.T.);
#5524=EDGE_CURVE('',#4643,#4644,#2044,.T.);
#5525=EDGE_CURVE('',#4644,#4645,#2045,.T.);
#5526=EDGE_CURVE('',#4645,#4646,#2046,.T.);
#5527=EDGE_CURVE('',#4646,#4643,#2047,.T.);
#5528=EDGE_CURVE('',#4647,#4648,#2048,.T.);
#5529=EDGE_CURVE('',#4648,#4649,#2049,.T.);
#5530=EDGE_CURVE('',#4649,#4650,#2050,.T.);
#5531=EDGE_CURVE('',#4650,#4647,#2051,.T.);
#5532=EDGE_CURVE('',#4651,#4652,#2052,.T.);
#5533=EDGE_CURVE('',#4652,#4653,#2053,.T.);
#5534=EDGE_CURVE('',#4653,#4654,#2054,.T.);
#5535=EDGE_CURVE('',#4654,#4651,#2055,.T.);
#5536=EDGE_CURVE('',#4655,#4656,#2056,.T.);
#5537=EDGE_CURVE('',#4656,#4657,#2057,.T.);
#5538=EDGE_CURVE('',#4657,#4658,#2058,.T.);
#5539=EDGE_CURVE('',#4658,#4655,#2059,.T.);
#5540=EDGE_CURVE('',#4659,#4660,#2060,.T.);
#5541=EDGE_CURVE('',#4660,#4661,#2061,.T.);
#5542=EDGE_CURVE('',#4661,#4662,#2062,.T.);
#5543=EDGE_CURVE('',#4662,#4659,#2063,.T.);
#5544=EDGE_CURVE('',#4663,#4664,#2064,.T.);
#5545=EDGE_CURVE('',#4664,#4665,#2065,.T.);
#5546=EDGE_CURVE('',#4665,#4666,#2066,.T.);
#5547=EDGE_CURVE('',#4666,#4663,#2067,.T.);
#5548=EDGE_CURVE('',#4667,#4668,#2068,.T.);
#5549=EDGE_CURVE('',#4668,#4669,#2069,.T.);
#5550=EDGE_CURVE('',#4669,#4670,#2070,.T.);
#5551=EDGE_CURVE('',#4670,#4667,#2071,.T.);
#5552=EDGE_CURVE('',#4671,#4672,#2072,.T.);
#5553=EDGE_CURVE('',#4672,#4673,#2073,.T.);
#5554=EDGE_CURVE('',#4673,#4674,#2074,.T.);
#5555=EDGE_CURVE('',#4674,#4671,#2075,.T.);
#5556=EDGE_CURVE('',#4675,#4676,#2076,.T.);
#5557=EDGE_CURVE('',#4676,#4677,#2077,.T.);
#5558=EDGE_CURVE('',#4677,#4678,#2078,.T.);
#5559=EDGE_CURVE('',#4678,#4675,#2079,.T.);
#5560=EDGE_CURVE('',#4679,#4680,#2080,.T.);
#5561=EDGE_CURVE('',#4680,#4681,#2081,.T.);
#5562=EDGE_CURVE('',#4681,#4682,#2082,.T.);
#5563=EDGE_CURVE('',#4682,#4683,#2083,.T.);
#5564=EDGE_CURVE('',#4683,#4684,#2084,.T.);
#5565=EDGE_CURVE('',#4684,#4685,#2085,.T.);
#5566=EDGE_CURVE('',#4685,#4686,#2086,.T.);
#5567=EDGE_CURVE('',#4686,#4687,#2087,.T.);
#5568=EDGE_CURVE('',#4687,#4688,#2088,.T.);
#5569=EDGE_CURVE('',#4688,#4689,#2089,.T.);
#5570=EDGE_CURVE('',#4689,#4690,#2090,.T.);
#5571=EDGE_CURVE('',#4690,#4691,#2091,.T.);
#5572=EDGE_CURVE('',#4691,#4692,#2092,.T.);
#5573=EDGE_CURVE('',#4692,#4693,#2093,.T.);
#5574=EDGE_CURVE('',#4693,#4694,#2094,.T.);
#5575=EDGE_CURVE('',#4694,#4695,#2095,.T.);
#5576=EDGE_CURVE('',#4695,#4696,#2096,.T.);
#5577=EDGE_CURVE('',#4696,#4697,#2097,.T.);
#5578=EDGE_CURVE('',#4697,#4698,#2098,.T.);
#5579=EDGE_CURVE('',#4698,#4699,#2099,.T.);
#5580=EDGE_CURVE('',#4699,#4700,#2100,.T.);
#5581=EDGE_CURVE('',#4700,#4701,#2101,.T.);
#5582=EDGE_CURVE('',#4701,#4702,#2102,.T.);
#5583=EDGE_CURVE('',#4702,#4703,#2103,.T.);
#5584=EDGE_CURVE('',#4703,#4704,#2104,.T.);
#5585=EDGE_CURVE('',#4704,#4705,#2105,.T.);
#5586=EDGE_CURVE('',#4705,#4706,#2106,.T.);
#5587=EDGE_CURVE('',#4706,#4707,#2107,.T.);
#5588=EDGE_CURVE('',#4707,#4708,#2108,.T.);
#5589=EDGE_CURVE('',#4708,#4709,#2109,.T.);
#5590=EDGE_CURVE('',#4709,#4710,#2110,.T.);
#5591=EDGE_CURVE('',#4710,#4711,#2111,.T.);
#5592=EDGE_CURVE('',#4711,#4712,#2112,.T.);
#5593=EDGE_CURVE('',#4712,#4713,#2113,.T.);
#5594=EDGE_CURVE('',#4713,#4714,#2114,.T.);
#5595=EDGE_CURVE('',#4714,#4715,#2115,.T.);
#5596=EDGE_CURVE('',#4715,#4716,#2116,.T.);
#5597=EDGE_CURVE('',#4716,#4717,#2117,.T.);
#5598=EDGE_CURVE('',#4717,#4718,#2118,.T.);
#5599=EDGE_CURVE('',#4718,#4719,#2119,.T.);
#5600=EDGE_CURVE('',#4719,#4720,#2120,.T.);
#5601=EDGE_CURVE('',#4720,#4721,#2121,.T.);
#5602=EDGE_CURVE('',#4721,#4722,#2122,.T.);
#5603=EDGE_CURVE('',#4722,#4679,#2123,.T.);
#5604=EDGE_CURVE('',#4723,#4723,#4269,.T.);
#5605=EDGE_CURVE('',#4724,#4724,#4270,.T.);
#5606=EDGE_CURVE('',#4725,#4300,#2124,.T.);
#5607=EDGE_CURVE('',#4306,#4725,#2125,.T.);
#5608=EDGE_CURVE('',#4281,#4725,#2126,.T.);
#5609=EDGE_CURVE('',#4726,#4727,#2127,.T.);
#5610=EDGE_CURVE('',#4727,#4304,#2128,.T.);
#5611=EDGE_CURVE('',#4303,#4726,#2129,.T.);
#5612=EDGE_CURVE('',#4728,#4302,#2130,.T.);
#5613=EDGE_CURVE('',#4726,#4728,#2131,.T.);
#5614=EDGE_CURVE('',#4301,#4729,#2132,.T.);
#5615=EDGE_CURVE('',#4729,#4728,#2133,.T.);
#5616=EDGE_CURVE('',#4729,#4298,#2134,.T.);
#5617=EDGE_CURVE('',#4286,#4730,#2135,.T.);
#5618=EDGE_CURVE('',#4730,#4294,#2136,.T.);
#5619=EDGE_CURVE('',#4727,#4287,#2137,.T.);
#5620=EDGE_CURVE('',#4731,#4731,#4271,.T.);
#5621=EDGE_CURVE('',#4732,#4732,#4272,.T.);
#5622=EDGE_CURVE('',#4733,#4733,#4273,.T.);
#5623=EDGE_CURVE('',#4734,#4734,#4274,.T.);
#5624=EDGE_CURVE('',#4735,#4736,#2138,.T.);
#5625=EDGE_CURVE('',#4736,#4737,#2139,.T.);
#5626=EDGE_CURVE('',#4737,#4738,#2140,.T.);
#5627=EDGE_CURVE('',#4738,#4735,#2141,.T.);
#5628=EDGE_CURVE('',#4739,#4740,#2142,.T.);
#5629=EDGE_CURVE('',#4740,#4741,#2143,.T.);
#5630=EDGE_CURVE('',#4741,#4742,#2144,.T.);
#5631=EDGE_CURVE('',#4742,#4739,#2145,.T.);
#5632=EDGE_CURVE('',#4743,#4744,#2146,.T.);
#5633=EDGE_CURVE('',#4744,#4745,#2147,.T.);
#5634=EDGE_CURVE('',#4745,#4746,#2148,.T.);
#5635=EDGE_CURVE('',#4746,#4743,#2149,.T.);
#5636=EDGE_CURVE('',#4747,#4748,#2150,.T.);
#5637=EDGE_CURVE('',#4748,#4749,#2151,.T.);
#5638=EDGE_CURVE('',#4749,#4750,#2152,.T.);
#5639=EDGE_CURVE('',#4750,#4747,#2153,.T.);
#5640=EDGE_CURVE('',#4751,#4752,#2154,.T.);
#5641=EDGE_CURVE('',#4752,#4753,#2155,.T.);
#5642=EDGE_CURVE('',#4753,#4754,#2156,.T.);
#5643=EDGE_CURVE('',#4754,#4751,#2157,.T.);
#5644=EDGE_CURVE('',#4755,#4756,#2158,.T.);
#5645=EDGE_CURVE('',#4756,#4757,#2159,.T.);
#5646=EDGE_CURVE('',#4757,#4758,#2160,.T.);
#5647=EDGE_CURVE('',#4758,#4755,#2161,.T.);
#5648=EDGE_CURVE('',#4759,#4760,#2162,.T.);
#5649=EDGE_CURVE('',#4760,#4761,#2163,.T.);
#5650=EDGE_CURVE('',#4761,#4762,#2164,.T.);
#5651=EDGE_CURVE('',#4762,#4759,#2165,.T.);
#5652=EDGE_CURVE('',#4763,#4764,#2166,.T.);
#5653=EDGE_CURVE('',#4764,#4765,#2167,.T.);
#5654=EDGE_CURVE('',#4765,#4766,#2168,.T.);
#5655=EDGE_CURVE('',#4766,#4763,#2169,.T.);
#5656=EDGE_CURVE('',#4767,#4768,#2170,.T.);
#5657=EDGE_CURVE('',#4768,#4769,#2171,.T.);
#5658=EDGE_CURVE('',#4769,#4770,#2172,.T.);
#5659=EDGE_CURVE('',#4770,#4767,#2173,.T.);
#5660=EDGE_CURVE('',#4771,#4772,#2174,.T.);
#5661=EDGE_CURVE('',#4772,#4773,#2175,.T.);
#5662=EDGE_CURVE('',#4773,#4774,#2176,.T.);
#5663=EDGE_CURVE('',#4774,#4771,#2177,.T.);
#5664=EDGE_CURVE('',#4775,#4776,#2178,.T.);
#5665=EDGE_CURVE('',#4776,#4777,#2179,.T.);
#5666=EDGE_CURVE('',#4777,#4778,#2180,.T.);
#5667=EDGE_CURVE('',#4778,#4775,#2181,.T.);
#5668=EDGE_CURVE('',#4779,#4780,#2182,.T.);
#5669=EDGE_CURVE('',#4780,#4781,#2183,.T.);
#5670=EDGE_CURVE('',#4781,#4782,#2184,.T.);
#5671=EDGE_CURVE('',#4782,#4779,#2185,.T.);
#5672=EDGE_CURVE('',#4783,#4784,#2186,.T.);
#5673=EDGE_CURVE('',#4784,#4785,#2187,.T.);
#5674=EDGE_CURVE('',#4785,#4786,#2188,.T.);
#5675=EDGE_CURVE('',#4786,#4783,#2189,.T.);
#5676=EDGE_CURVE('',#4787,#4788,#2190,.T.);
#5677=EDGE_CURVE('',#4788,#4789,#2191,.T.);
#5678=EDGE_CURVE('',#4789,#4790,#2192,.T.);
#5679=EDGE_CURVE('',#4790,#4787,#2193,.T.);
#5680=EDGE_CURVE('',#4791,#4792,#2194,.T.);
#5681=EDGE_CURVE('',#4792,#4793,#2195,.T.);
#5682=EDGE_CURVE('',#4793,#4794,#2196,.T.);
#5683=EDGE_CURVE('',#4794,#4791,#2197,.T.);
#5684=EDGE_CURVE('',#4795,#4796,#2198,.T.);
#5685=EDGE_CURVE('',#4796,#4797,#2199,.T.);
#5686=EDGE_CURVE('',#4797,#4798,#2200,.T.);
#5687=EDGE_CURVE('',#4798,#4795,#2201,.T.);
#5688=EDGE_CURVE('',#4799,#4800,#2202,.T.);
#5689=EDGE_CURVE('',#4800,#4801,#2203,.T.);
#5690=EDGE_CURVE('',#4801,#4802,#2204,.T.);
#5691=EDGE_CURVE('',#4802,#4799,#2205,.T.);
#5692=EDGE_CURVE('',#4803,#4804,#2206,.T.);
#5693=EDGE_CURVE('',#4804,#4805,#2207,.T.);
#5694=EDGE_CURVE('',#4805,#4806,#2208,.T.);
#5695=EDGE_CURVE('',#4806,#4803,#2209,.T.);
#5696=EDGE_CURVE('',#4807,#4808,#2210,.T.);
#5697=EDGE_CURVE('',#4808,#4809,#2211,.T.);
#5698=EDGE_CURVE('',#4809,#4810,#2212,.T.);
#5699=EDGE_CURVE('',#4810,#4807,#2213,.T.);
#5700=EDGE_CURVE('',#4811,#4812,#2214,.T.);
#5701=EDGE_CURVE('',#4812,#4813,#2215,.T.);
#5702=EDGE_CURVE('',#4813,#4814,#2216,.T.);
#5703=EDGE_CURVE('',#4814,#4811,#2217,.T.);
#5704=EDGE_CURVE('',#4815,#4816,#2218,.T.);
#5705=EDGE_CURVE('',#4816,#4817,#2219,.T.);
#5706=EDGE_CURVE('',#4817,#4818,#2220,.T.);
#5707=EDGE_CURVE('',#4818,#4815,#2221,.T.);
#5708=EDGE_CURVE('',#4819,#4820,#2222,.T.);
#5709=EDGE_CURVE('',#4820,#4821,#2223,.T.);
#5710=EDGE_CURVE('',#4821,#4822,#2224,.T.);
#5711=EDGE_CURVE('',#4822,#4819,#2225,.T.);
#5712=EDGE_CURVE('',#4823,#4824,#2226,.T.);
#5713=EDGE_CURVE('',#4824,#4825,#2227,.T.);
#5714=EDGE_CURVE('',#4825,#4826,#2228,.T.);
#5715=EDGE_CURVE('',#4826,#4823,#2229,.T.);
#5716=EDGE_CURVE('',#4827,#4828,#2230,.T.);
#5717=EDGE_CURVE('',#4828,#4829,#2231,.T.);
#5718=EDGE_CURVE('',#4829,#4830,#2232,.T.);
#5719=EDGE_CURVE('',#4830,#4827,#2233,.T.);
#5720=EDGE_CURVE('',#4831,#4832,#2234,.T.);
#5721=EDGE_CURVE('',#4832,#4833,#2235,.T.);
#5722=EDGE_CURVE('',#4833,#4834,#2236,.T.);
#5723=EDGE_CURVE('',#4834,#4831,#2237,.T.);
#5724=EDGE_CURVE('',#4835,#4836,#2238,.T.);
#5725=EDGE_CURVE('',#4836,#4837,#2239,.T.);
#5726=EDGE_CURVE('',#4837,#4838,#2240,.T.);
#5727=EDGE_CURVE('',#4838,#4835,#2241,.T.);
#5728=EDGE_CURVE('',#4839,#4840,#2242,.T.);
#5729=EDGE_CURVE('',#4840,#4841,#2243,.T.);
#5730=EDGE_CURVE('',#4841,#4842,#2244,.T.);
#5731=EDGE_CURVE('',#4842,#4839,#2245,.T.);
#5732=EDGE_CURVE('',#4843,#4844,#2246,.T.);
#5733=EDGE_CURVE('',#4844,#4845,#2247,.T.);
#5734=EDGE_CURVE('',#4845,#4846,#2248,.T.);
#5735=EDGE_CURVE('',#4846,#4843,#2249,.T.);
#5736=EDGE_CURVE('',#4847,#4848,#2250,.T.);
#5737=EDGE_CURVE('',#4848,#4849,#2251,.T.);
#5738=EDGE_CURVE('',#4849,#4850,#2252,.T.);
#5739=EDGE_CURVE('',#4850,#4847,#2253,.T.);
#5740=EDGE_CURVE('',#4851,#4852,#2254,.T.);
#5741=EDGE_CURVE('',#4852,#4853,#2255,.T.);
#5742=EDGE_CURVE('',#4853,#4854,#2256,.T.);
#5743=EDGE_CURVE('',#4854,#4851,#2257,.T.);
#5744=EDGE_CURVE('',#4855,#4856,#2258,.T.);
#5745=EDGE_CURVE('',#4856,#4857,#2259,.T.);
#5746=EDGE_CURVE('',#4857,#4858,#2260,.T.);
#5747=EDGE_CURVE('',#4858,#4855,#2261,.T.);
#5748=EDGE_CURVE('',#4859,#4860,#2262,.T.);
#5749=EDGE_CURVE('',#4860,#4861,#2263,.T.);
#5750=EDGE_CURVE('',#4861,#4862,#2264,.T.);
#5751=EDGE_CURVE('',#4862,#4859,#2265,.T.);
#5752=EDGE_CURVE('',#4863,#4864,#2266,.T.);
#5753=EDGE_CURVE('',#4864,#4865,#2267,.T.);
#5754=EDGE_CURVE('',#4865,#4866,#2268,.T.);
#5755=EDGE_CURVE('',#4866,#4863,#2269,.T.);
#5756=EDGE_CURVE('',#4867,#4868,#2270,.T.);
#5757=EDGE_CURVE('',#4868,#4869,#2271,.T.);
#5758=EDGE_CURVE('',#4869,#4870,#2272,.T.);
#5759=EDGE_CURVE('',#4870,#4867,#2273,.T.);
#5760=EDGE_CURVE('',#4871,#4872,#2274,.T.);
#5761=EDGE_CURVE('',#4872,#4873,#2275,.T.);
#5762=EDGE_CURVE('',#4873,#4874,#2276,.T.);
#5763=EDGE_CURVE('',#4874,#4871,#2277,.T.);
#5764=EDGE_CURVE('',#4875,#4876,#2278,.T.);
#5765=EDGE_CURVE('',#4876,#4877,#2279,.T.);
#5766=EDGE_CURVE('',#4877,#4878,#2280,.T.);
#5767=EDGE_CURVE('',#4878,#4875,#2281,.T.);
#5768=EDGE_CURVE('',#4879,#4880,#2282,.T.);
#5769=EDGE_CURVE('',#4880,#4881,#2283,.T.);
#5770=EDGE_CURVE('',#4881,#4882,#2284,.T.);
#5771=EDGE_CURVE('',#4882,#4879,#2285,.T.);
#5772=EDGE_CURVE('',#4883,#4884,#2286,.T.);
#5773=EDGE_CURVE('',#4884,#4885,#2287,.T.);
#5774=EDGE_CURVE('',#4885,#4886,#2288,.T.);
#5775=EDGE_CURVE('',#4886,#4883,#2289,.T.);
#5776=EDGE_CURVE('',#4887,#4888,#2290,.T.);
#5777=EDGE_CURVE('',#4888,#4889,#2291,.T.);
#5778=EDGE_CURVE('',#4889,#4890,#2292,.T.);
#5779=EDGE_CURVE('',#4890,#4887,#2293,.T.);
#5780=EDGE_CURVE('',#4891,#4892,#2294,.T.);
#5781=EDGE_CURVE('',#4892,#4893,#2295,.T.);
#5782=EDGE_CURVE('',#4893,#4894,#2296,.T.);
#5783=EDGE_CURVE('',#4894,#4891,#2297,.T.);
#5784=EDGE_CURVE('',#4895,#4896,#2298,.T.);
#5785=EDGE_CURVE('',#4896,#4897,#2299,.T.);
#5786=EDGE_CURVE('',#4897,#4898,#2300,.T.);
#5787=EDGE_CURVE('',#4898,#4895,#2301,.T.);
#5788=EDGE_CURVE('',#4899,#4900,#2302,.T.);
#5789=EDGE_CURVE('',#4900,#4901,#2303,.T.);
#5790=EDGE_CURVE('',#4901,#4902,#2304,.T.);
#5791=EDGE_CURVE('',#4902,#4899,#2305,.T.);
#5792=EDGE_CURVE('',#4903,#4904,#2306,.T.);
#5793=EDGE_CURVE('',#4904,#4905,#2307,.T.);
#5794=EDGE_CURVE('',#4905,#4906,#2308,.T.);
#5795=EDGE_CURVE('',#4906,#4903,#2309,.T.);
#5796=EDGE_CURVE('',#4907,#4908,#2310,.T.);
#5797=EDGE_CURVE('',#4908,#4909,#2311,.T.);
#5798=EDGE_CURVE('',#4909,#4910,#2312,.T.);
#5799=EDGE_CURVE('',#4910,#4907,#2313,.T.);
#5800=EDGE_CURVE('',#4911,#4912,#2314,.T.);
#5801=EDGE_CURVE('',#4912,#4913,#2315,.T.);
#5802=EDGE_CURVE('',#4913,#4914,#2316,.T.);
#5803=EDGE_CURVE('',#4914,#4911,#2317,.T.);
#5804=EDGE_CURVE('',#4915,#4916,#2318,.T.);
#5805=EDGE_CURVE('',#4916,#4917,#2319,.T.);
#5806=EDGE_CURVE('',#4917,#4918,#2320,.T.);
#5807=EDGE_CURVE('',#4918,#4915,#2321,.T.);
#5808=EDGE_CURVE('',#4919,#4920,#2322,.T.);
#5809=EDGE_CURVE('',#4920,#4921,#2323,.T.);
#5810=EDGE_CURVE('',#4921,#4922,#2324,.T.);
#5811=EDGE_CURVE('',#4922,#4919,#2325,.T.);
#5812=EDGE_CURVE('',#4923,#4924,#2326,.T.);
#5813=EDGE_CURVE('',#4924,#4925,#2327,.T.);
#5814=EDGE_CURVE('',#4925,#4926,#2328,.T.);
#5815=EDGE_CURVE('',#4926,#4923,#2329,.T.);
#5816=EDGE_CURVE('',#4927,#4928,#2330,.T.);
#5817=EDGE_CURVE('',#4928,#4929,#2331,.T.);
#5818=EDGE_CURVE('',#4929,#4930,#2332,.T.);
#5819=EDGE_CURVE('',#4930,#4927,#2333,.T.);
#5820=EDGE_CURVE('',#4931,#4932,#2334,.T.);
#5821=EDGE_CURVE('',#4932,#4933,#2335,.T.);
#5822=EDGE_CURVE('',#4933,#4934,#2336,.T.);
#5823=EDGE_CURVE('',#4934,#4931,#2337,.T.);
#5824=EDGE_CURVE('',#4935,#4936,#2338,.T.);
#5825=EDGE_CURVE('',#4936,#4937,#2339,.T.);
#5826=EDGE_CURVE('',#4937,#4938,#2340,.T.);
#5827=EDGE_CURVE('',#4938,#4935,#2341,.T.);
#5828=EDGE_CURVE('',#4939,#4940,#2342,.T.);
#5829=EDGE_CURVE('',#4940,#4941,#2343,.T.);
#5830=EDGE_CURVE('',#4941,#4942,#2344,.T.);
#5831=EDGE_CURVE('',#4942,#4939,#2345,.T.);
#5832=EDGE_CURVE('',#4943,#4944,#2346,.T.);
#5833=EDGE_CURVE('',#4944,#4945,#2347,.T.);
#5834=EDGE_CURVE('',#4945,#4946,#2348,.T.);
#5835=EDGE_CURVE('',#4946,#4943,#2349,.T.);
#5836=EDGE_CURVE('',#4947,#4948,#2350,.T.);
#5837=EDGE_CURVE('',#4948,#4949,#2351,.T.);
#5838=EDGE_CURVE('',#4949,#4950,#2352,.T.);
#5839=EDGE_CURVE('',#4950,#4947,#2353,.T.);
#5840=EDGE_CURVE('',#4951,#4952,#2354,.T.);
#5841=EDGE_CURVE('',#4952,#4953,#2355,.T.);
#5842=EDGE_CURVE('',#4953,#4954,#2356,.T.);
#5843=EDGE_CURVE('',#4954,#4951,#2357,.T.);
#5844=EDGE_CURVE('',#4955,#4956,#2358,.T.);
#5845=EDGE_CURVE('',#4956,#4957,#2359,.T.);
#5846=EDGE_CURVE('',#4957,#4958,#2360,.T.);
#5847=EDGE_CURVE('',#4958,#4955,#2361,.T.);
#5848=EDGE_CURVE('',#4959,#4960,#2362,.T.);
#5849=EDGE_CURVE('',#4960,#4961,#2363,.T.);
#5850=EDGE_CURVE('',#4961,#4962,#2364,.T.);
#5851=EDGE_CURVE('',#4962,#4959,#2365,.T.);
#5852=EDGE_CURVE('',#4963,#4964,#2366,.T.);
#5853=EDGE_CURVE('',#4964,#4965,#2367,.T.);
#5854=EDGE_CURVE('',#4965,#4966,#2368,.T.);
#5855=EDGE_CURVE('',#4966,#4963,#2369,.T.);
#5856=EDGE_CURVE('',#4967,#4968,#2370,.T.);
#5857=EDGE_CURVE('',#4968,#4969,#2371,.T.);
#5858=EDGE_CURVE('',#4969,#4970,#2372,.T.);
#5859=EDGE_CURVE('',#4970,#4967,#2373,.T.);
#5860=EDGE_CURVE('',#4971,#4972,#2374,.T.);
#5861=EDGE_CURVE('',#4972,#4973,#2375,.T.);
#5862=EDGE_CURVE('',#4973,#4974,#2376,.T.);
#5863=EDGE_CURVE('',#4974,#4971,#2377,.T.);
#5864=EDGE_CURVE('',#4975,#4976,#2378,.T.);
#5865=EDGE_CURVE('',#4976,#4977,#2379,.T.);
#5866=EDGE_CURVE('',#4977,#4978,#2380,.T.);
#5867=EDGE_CURVE('',#4978,#4975,#2381,.T.);
#5868=EDGE_CURVE('',#4979,#4980,#2382,.T.);
#5869=EDGE_CURVE('',#4980,#4981,#2383,.T.);
#5870=EDGE_CURVE('',#4981,#4982,#2384,.T.);
#5871=EDGE_CURVE('',#4982,#4983,#2385,.T.);
#5872=EDGE_CURVE('',#4983,#4984,#2386,.T.);
#5873=EDGE_CURVE('',#4984,#4985,#2387,.T.);
#5874=EDGE_CURVE('',#4985,#4986,#2388,.T.);
#5875=EDGE_CURVE('',#4986,#4987,#2389,.T.);
#5876=EDGE_CURVE('',#4987,#4988,#2390,.T.);
#5877=EDGE_CURVE('',#4988,#4989,#2391,.T.);
#5878=EDGE_CURVE('',#4989,#4990,#2392,.T.);
#5879=EDGE_CURVE('',#4990,#4991,#2393,.T.);
#5880=EDGE_CURVE('',#4991,#4992,#2394,.T.);
#5881=EDGE_CURVE('',#4992,#4993,#2395,.T.);
#5882=EDGE_CURVE('',#4993,#4994,#2396,.T.);
#5883=EDGE_CURVE('',#4994,#4995,#2397,.T.);
#5884=EDGE_CURVE('',#4995,#4996,#2398,.T.);
#5885=EDGE_CURVE('',#4996,#4997,#2399,.T.);
#5886=EDGE_CURVE('',#4997,#4998,#2400,.T.);
#5887=EDGE_CURVE('',#4998,#4999,#2401,.T.);
#5888=EDGE_CURVE('',#4999,#5000,#2402,.T.);
#5889=EDGE_CURVE('',#5000,#5001,#2403,.T.);
#5890=EDGE_CURVE('',#5001,#5002,#2404,.T.);
#5891=EDGE_CURVE('',#5002,#5003,#2405,.T.);
#5892=EDGE_CURVE('',#5003,#5004,#2406,.T.);
#5893=EDGE_CURVE('',#5004,#5005,#2407,.T.);
#5894=EDGE_CURVE('',#5005,#5006,#2408,.T.);
#5895=EDGE_CURVE('',#5006,#5007,#2409,.T.);
#5896=EDGE_CURVE('',#5007,#5008,#2410,.T.);
#5897=EDGE_CURVE('',#5008,#5009,#2411,.T.);
#5898=EDGE_CURVE('',#5009,#5010,#2412,.T.);
#5899=EDGE_CURVE('',#5010,#5011,#2413,.T.);
#5900=EDGE_CURVE('',#5011,#5012,#2414,.T.);
#5901=EDGE_CURVE('',#5012,#5013,#2415,.T.);
#5902=EDGE_CURVE('',#5013,#5014,#2416,.T.);
#5903=EDGE_CURVE('',#5014,#5015,#2417,.T.);
#5904=EDGE_CURVE('',#5015,#5016,#2418,.T.);
#5905=EDGE_CURVE('',#5016,#5017,#2419,.T.);
#5906=EDGE_CURVE('',#5017,#5018,#2420,.T.);
#5907=EDGE_CURVE('',#5018,#5019,#2421,.T.);
#5908=EDGE_CURVE('',#5019,#5020,#2422,.T.);
#5909=EDGE_CURVE('',#5020,#5021,#2423,.T.);
#5910=EDGE_CURVE('',#5021,#5022,#2424,.T.);
#5911=EDGE_CURVE('',#5022,#4979,#2425,.T.);
#5912=EDGE_CURVE('',#5023,#5024,#2426,.T.);
#5913=EDGE_CURVE('',#5024,#5025,#2427,.T.);
#5914=EDGE_CURVE('',#5025,#5026,#2428,.T.);
#5915=EDGE_CURVE('',#5026,#5023,#2429,.T.);
#5916=EDGE_CURVE('',#5027,#5028,#2430,.T.);
#5917=EDGE_CURVE('',#5028,#5029,#2431,.T.);
#5918=EDGE_CURVE('',#5029,#5030,#2432,.T.);
#5919=EDGE_CURVE('',#5030,#5027,#2433,.T.);
#5920=EDGE_CURVE('',#5031,#5032,#2434,.T.);
#5921=EDGE_CURVE('',#5032,#5033,#2435,.T.);
#5922=EDGE_CURVE('',#5033,#5034,#2436,.T.);
#5923=EDGE_CURVE('',#5034,#5031,#2437,.T.);
#5924=EDGE_CURVE('',#5035,#5036,#2438,.T.);
#5925=EDGE_CURVE('',#5036,#5037,#2439,.T.);
#5926=EDGE_CURVE('',#5037,#5038,#2440,.T.);
#5927=EDGE_CURVE('',#5038,#5035,#2441,.T.);
#5928=EDGE_CURVE('',#5039,#5040,#2442,.T.);
#5929=EDGE_CURVE('',#5040,#5041,#2443,.T.);
#5930=EDGE_CURVE('',#5041,#5042,#2444,.T.);
#5931=EDGE_CURVE('',#5042,#5039,#2445,.T.);
#5932=EDGE_CURVE('',#5043,#5044,#2446,.T.);
#5933=EDGE_CURVE('',#5044,#5045,#2447,.T.);
#5934=EDGE_CURVE('',#5045,#5046,#2448,.T.);
#5935=EDGE_CURVE('',#5046,#5043,#2449,.T.);
#5936=EDGE_CURVE('',#5047,#5048,#2450,.T.);
#5937=EDGE_CURVE('',#5048,#5049,#2451,.T.);
#5938=EDGE_CURVE('',#5049,#5050,#2452,.T.);
#5939=EDGE_CURVE('',#5050,#5047,#2453,.T.);
#5940=EDGE_CURVE('',#5051,#5052,#2454,.T.);
#5941=EDGE_CURVE('',#5052,#5053,#2455,.T.);
#5942=EDGE_CURVE('',#5053,#5054,#2456,.T.);
#5943=EDGE_CURVE('',#5054,#5051,#2457,.T.);
#5944=EDGE_CURVE('',#5055,#5056,#2458,.T.);
#5945=EDGE_CURVE('',#5056,#5057,#2459,.T.);
#5946=EDGE_CURVE('',#5057,#5058,#2460,.T.);
#5947=EDGE_CURVE('',#5058,#5055,#2461,.T.);
#5948=EDGE_CURVE('',#5059,#5060,#2462,.T.);
#5949=EDGE_CURVE('',#5060,#5061,#2463,.T.);
#5950=EDGE_CURVE('',#5061,#5062,#2464,.T.);
#5951=EDGE_CURVE('',#5062,#5059,#2465,.T.);
#5952=EDGE_CURVE('',#5063,#5064,#2466,.T.);
#5953=EDGE_CURVE('',#5064,#5065,#2467,.T.);
#5954=EDGE_CURVE('',#5065,#5066,#2468,.T.);
#5955=EDGE_CURVE('',#5066,#5063,#2469,.T.);
#5956=EDGE_CURVE('',#5067,#5068,#2470,.T.);
#5957=EDGE_CURVE('',#5068,#5069,#2471,.T.);
#5958=EDGE_CURVE('',#5069,#5070,#2472,.T.);
#5959=EDGE_CURVE('',#5070,#5067,#2473,.T.);
#5960=EDGE_CURVE('',#5071,#5072,#2474,.T.);
#5961=EDGE_CURVE('',#5072,#5073,#2475,.T.);
#5962=EDGE_CURVE('',#5073,#5074,#2476,.T.);
#5963=EDGE_CURVE('',#5074,#5071,#2477,.T.);
#5964=EDGE_CURVE('',#5075,#5076,#2478,.T.);
#5965=EDGE_CURVE('',#5076,#5077,#2479,.T.);
#5966=EDGE_CURVE('',#5077,#5078,#2480,.T.);
#5967=EDGE_CURVE('',#5078,#5075,#2481,.T.);
#5968=EDGE_CURVE('',#5079,#5080,#2482,.T.);
#5969=EDGE_CURVE('',#5080,#5081,#2483,.T.);
#5970=EDGE_CURVE('',#5081,#5082,#2484,.T.);
#5971=EDGE_CURVE('',#5082,#5079,#2485,.T.);
#5972=EDGE_CURVE('',#5083,#5084,#2486,.T.);
#5973=EDGE_CURVE('',#5084,#5085,#2487,.T.);
#5974=EDGE_CURVE('',#5085,#5086,#2488,.T.);
#5975=EDGE_CURVE('',#5086,#5083,#2489,.T.);
#5976=EDGE_CURVE('',#5087,#5088,#2490,.T.);
#5977=EDGE_CURVE('',#5088,#5089,#2491,.T.);
#5978=EDGE_CURVE('',#5089,#5090,#2492,.T.);
#5979=EDGE_CURVE('',#5090,#5087,#2493,.T.);
#5980=EDGE_CURVE('',#5091,#5092,#2494,.T.);
#5981=EDGE_CURVE('',#5092,#5093,#2495,.T.);
#5982=EDGE_CURVE('',#5093,#5094,#2496,.T.);
#5983=EDGE_CURVE('',#5094,#5091,#2497,.T.);
#5984=EDGE_CURVE('',#5095,#5096,#2498,.T.);
#5985=EDGE_CURVE('',#5096,#5097,#2499,.T.);
#5986=EDGE_CURVE('',#5097,#5098,#2500,.T.);
#5987=EDGE_CURVE('',#5098,#5095,#2501,.T.);
#5988=EDGE_CURVE('',#5099,#5100,#2502,.T.);
#5989=EDGE_CURVE('',#5100,#5101,#2503,.T.);
#5990=EDGE_CURVE('',#5101,#5102,#2504,.T.);
#5991=EDGE_CURVE('',#5102,#5099,#2505,.T.);
#5992=EDGE_CURVE('',#5103,#5104,#2506,.T.);
#5993=EDGE_CURVE('',#5104,#5105,#2507,.T.);
#5994=EDGE_CURVE('',#5105,#5106,#2508,.T.);
#5995=EDGE_CURVE('',#5106,#5107,#2509,.T.);
#5996=EDGE_CURVE('',#5107,#5108,#2510,.T.);
#5997=EDGE_CURVE('',#5108,#5109,#2511,.T.);
#5998=EDGE_CURVE('',#5109,#5110,#2512,.T.);
#5999=EDGE_CURVE('',#5110,#5111,#2513,.T.);
#6000=EDGE_CURVE('',#5111,#5112,#2514,.T.);
#6001=EDGE_CURVE('',#5112,#5113,#2515,.T.);
#6002=EDGE_CURVE('',#5113,#5114,#2516,.T.);
#6003=EDGE_CURVE('',#5114,#5115,#2517,.T.);
#6004=EDGE_CURVE('',#5115,#5116,#2518,.T.);
#6005=EDGE_CURVE('',#5116,#5117,#2519,.T.);
#6006=EDGE_CURVE('',#5117,#5118,#2520,.T.);
#6007=EDGE_CURVE('',#5118,#5119,#2521,.T.);
#6008=EDGE_CURVE('',#5119,#5120,#2522,.T.);
#6009=EDGE_CURVE('',#5120,#5121,#2523,.T.);
#6010=EDGE_CURVE('',#5121,#5122,#2524,.T.);
#6011=EDGE_CURVE('',#5122,#5123,#2525,.T.);
#6012=EDGE_CURVE('',#5123,#5124,#2526,.T.);
#6013=EDGE_CURVE('',#5124,#5125,#2527,.T.);
#6014=EDGE_CURVE('',#5125,#5126,#2528,.T.);
#6015=EDGE_CURVE('',#5126,#5127,#2529,.T.);
#6016=EDGE_CURVE('',#5127,#5128,#2530,.T.);
#6017=EDGE_CURVE('',#5128,#5129,#2531,.T.);
#6018=EDGE_CURVE('',#5129,#5130,#2532,.T.);
#6019=EDGE_CURVE('',#5130,#5131,#2533,.T.);
#6020=EDGE_CURVE('',#5131,#5132,#2534,.T.);
#6021=EDGE_CURVE('',#5132,#5133,#2535,.T.);
#6022=EDGE_CURVE('',#5133,#5134,#2536,.T.);
#6023=EDGE_CURVE('',#5134,#5135,#2537,.T.);
#6024=EDGE_CURVE('',#5135,#5136,#2538,.T.);
#6025=EDGE_CURVE('',#5136,#5137,#2539,.T.);
#6026=EDGE_CURVE('',#5137,#5138,#2540,.T.);
#6027=EDGE_CURVE('',#5138,#5139,#2541,.T.);
#6028=EDGE_CURVE('',#5139,#5140,#2542,.T.);
#6029=EDGE_CURVE('',#5140,#5141,#2543,.T.);
#6030=EDGE_CURVE('',#5141,#5142,#2544,.T.);
#6031=EDGE_CURVE('',#5142,#5143,#2545,.T.);
#6032=EDGE_CURVE('',#5143,#5144,#2546,.T.);
#6033=EDGE_CURVE('',#5144,#5145,#2547,.T.);
#6034=EDGE_CURVE('',#5145,#5146,#2548,.T.);
#6035=EDGE_CURVE('',#5146,#5103,#2549,.T.);
#6036=EDGE_CURVE('',#5147,#5147,#4275,.T.);
#6037=EDGE_CURVE('',#5148,#5148,#4276,.T.);
#6038=EDGE_CURVE('',#4307,#4731,#2550,.T.);
#6039=EDGE_CURVE('',#4308,#4732,#2551,.T.);
#6040=EDGE_CURVE('',#4309,#4733,#2552,.T.);
#6041=EDGE_CURVE('',#4724,#5148,#2553,.T.);
#6042=EDGE_CURVE('',#4723,#5147,#2554,.T.);
#6043=EDGE_CURVE('',#4310,#4734,#2555,.T.);
#6044=EDGE_CURVE('',#4730,#4305,#2556,.T.);
#6045=EDGE_CURVE('',#5111,#4716,#2557,.T.);
#6046=EDGE_CURVE('',#5112,#4715,#2558,.T.);
#6047=EDGE_CURVE('',#5113,#4714,#2559,.T.);
#6048=EDGE_CURVE('',#5114,#4713,#2560,.T.);
#6049=EDGE_CURVE('',#5115,#4712,#2561,.T.);
#6050=EDGE_CURVE('',#5116,#4711,#2562,.T.);
#6051=EDGE_CURVE('',#5117,#4710,#2563,.T.);
#6052=EDGE_CURVE('',#5118,#4709,#2564,.T.);
#6053=EDGE_CURVE('',#5119,#4708,#2565,.T.);
#6054=EDGE_CURVE('',#5120,#4707,#2566,.T.);
#6055=EDGE_CURVE('',#5121,#4706,#2567,.T.);
#6056=EDGE_CURVE('',#5136,#4691,#2568,.T.);
#6057=EDGE_CURVE('',#5137,#4690,#2569,.T.);
#6058=EDGE_CURVE('',#5138,#4689,#2570,.T.);
#6059=EDGE_CURVE('',#5139,#4688,#2571,.T.);
#6060=EDGE_CURVE('',#5140,#4687,#2572,.T.);
#6061=EDGE_CURVE('',#5141,#4686,#2573,.T.);
#6062=EDGE_CURVE('',#5142,#4685,#2574,.T.);
#6063=EDGE_CURVE('',#5143,#4684,#2575,.T.);
#6064=EDGE_CURVE('',#5144,#4683,#2576,.T.);
#6065=EDGE_CURVE('',#4702,#5125,#2577,.T.);
#6066=EDGE_CURVE('',#5126,#4701,#2578,.T.);
#6067=EDGE_CURVE('',#5122,#4705,#2579,.T.);
#6068=EDGE_CURVE('',#5110,#4717,#2580,.T.);
#6069=EDGE_CURVE('',#5109,#4718,#2581,.T.);
#6070=EDGE_CURVE('',#5108,#4719,#2582,.T.);
#6071=EDGE_CURVE('',#5107,#4720,#2583,.T.);
#6072=EDGE_CURVE('',#5106,#4721,#2584,.T.);
#6073=EDGE_CURVE('',#5105,#4722,#2585,.T.);
#6074=EDGE_CURVE('',#5104,#4679,#2586,.T.);
#6075=EDGE_CURVE('',#4680,#5103,#2587,.T.);
#6076=EDGE_CURVE('',#5135,#4692,#2588,.T.);
#6077=EDGE_CURVE('',#5134,#4693,#2589,.T.);
#6078=EDGE_CURVE('',#5133,#4694,#2590,.T.);
#6079=EDGE_CURVE('',#5132,#4695,#2591,.T.);
#6080=EDGE_CURVE('',#5131,#4696,#2592,.T.);
#6081=EDGE_CURVE('',#5130,#4697,#2593,.T.);
#6082=EDGE_CURVE('',#5129,#4698,#2594,.T.);
#6083=EDGE_CURVE('',#5128,#4699,#2595,.T.);
#6084=EDGE_CURVE('',#5127,#4700,#2596,.T.);
#6085=EDGE_CURVE('',#5123,#4704,#2597,.T.);
#6086=EDGE_CURVE('',#4703,#5124,#2598,.T.);
#6087=EDGE_CURVE('',#4682,#5145,#2599,.T.);
#6088=EDGE_CURVE('',#4735,#4312,#2600,.T.);
#6089=EDGE_CURVE('',#4313,#4738,#2601,.T.);
#6090=EDGE_CURVE('',#4314,#4737,#2602,.T.);
#6091=EDGE_CURVE('',#4311,#4736,#2603,.T.);
#6092=EDGE_CURVE('',#4739,#4316,#2604,.T.);
#6093=EDGE_CURVE('',#4317,#4742,#2605,.T.);
#6094=EDGE_CURVE('',#4318,#4741,#2606,.T.);
#6095=EDGE_CURVE('',#4315,#4740,#2607,.T.);
#6096=EDGE_CURVE('',#4743,#4320,#2608,.T.);
#6097=EDGE_CURVE('',#4321,#4746,#2609,.T.);
#6098=EDGE_CURVE('',#4322,#4745,#2610,.T.);
#6099=EDGE_CURVE('',#4319,#4744,#2611,.T.);
#6100=EDGE_CURVE('',#4747,#4324,#2612,.T.);
#6101=EDGE_CURVE('',#4325,#4750,#2613,.T.);
#6102=EDGE_CURVE('',#4326,#4749,#2614,.T.);
#6103=EDGE_CURVE('',#4323,#4748,#2615,.T.);
#6104=EDGE_CURVE('',#4751,#4328,#2616,.T.);
#6105=EDGE_CURVE('',#4329,#4754,#2617,.T.);
#6106=EDGE_CURVE('',#4330,#4753,#2618,.T.);
#6107=EDGE_CURVE('',#4327,#4752,#2619,.T.);
#6108=EDGE_CURVE('',#4755,#4332,#2620,.T.);
#6109=EDGE_CURVE('',#4333,#4758,#2621,.T.);
#6110=EDGE_CURVE('',#4334,#4757,#2622,.T.);
#6111=EDGE_CURVE('',#4331,#4756,#2623,.T.);
#6112=EDGE_CURVE('',#4759,#4336,#2624,.T.);
#6113=EDGE_CURVE('',#4337,#4762,#2625,.T.);
#6114=EDGE_CURVE('',#4338,#4761,#2626,.T.);
#6115=EDGE_CURVE('',#4335,#4760,#2627,.T.);
#6116=EDGE_CURVE('',#4763,#4340,#2628,.T.);
#6117=EDGE_CURVE('',#4341,#4766,#2629,.T.);
#6118=EDGE_CURVE('',#4342,#4765,#2630,.T.);
#6119=EDGE_CURVE('',#4339,#4764,#2631,.T.);
#6120=EDGE_CURVE('',#4767,#4344,#2632,.T.);
#6121=EDGE_CURVE('',#4345,#4770,#2633,.T.);
#6122=EDGE_CURVE('',#4346,#4769,#2634,.T.);
#6123=EDGE_CURVE('',#4343,#4768,#2635,.T.);
#6124=EDGE_CURVE('',#4771,#4348,#2636,.T.);
#6125=EDGE_CURVE('',#4349,#4774,#2637,.T.);
#6126=EDGE_CURVE('',#4350,#4773,#2638,.T.);
#6127=EDGE_CURVE('',#4347,#4772,#2639,.T.);
#6128=EDGE_CURVE('',#4775,#4352,#2640,.T.);
#6129=EDGE_CURVE('',#4353,#4778,#2641,.T.);
#6130=EDGE_CURVE('',#4354,#4777,#2642,.T.);
#6131=EDGE_CURVE('',#4351,#4776,#2643,.T.);
#6132=EDGE_CURVE('',#4779,#4356,#2644,.T.);
#6133=EDGE_CURVE('',#4357,#4782,#2645,.T.);
#6134=EDGE_CURVE('',#4358,#4781,#2646,.T.);
#6135=EDGE_CURVE('',#4355,#4780,#2647,.T.);
#6136=EDGE_CURVE('',#4783,#4360,#2648,.T.);
#6137=EDGE_CURVE('',#4361,#4786,#2649,.T.);
#6138=EDGE_CURVE('',#4362,#4785,#2650,.T.);
#6139=EDGE_CURVE('',#4359,#4784,#2651,.T.);
#6140=EDGE_CURVE('',#4787,#4364,#2652,.T.);
#6141=EDGE_CURVE('',#4365,#4790,#2653,.T.);
#6142=EDGE_CURVE('',#4366,#4789,#2654,.T.);
#6143=EDGE_CURVE('',#4363,#4788,#2655,.T.);
#6144=EDGE_CURVE('',#4791,#4368,#2656,.T.);
#6145=EDGE_CURVE('',#4369,#4794,#2657,.T.);
#6146=EDGE_CURVE('',#4370,#4793,#2658,.T.);
#6147=EDGE_CURVE('',#4367,#4792,#2659,.T.);
#6148=EDGE_CURVE('',#4795,#4372,#2660,.T.);
#6149=EDGE_CURVE('',#4373,#4798,#2661,.T.);
#6150=EDGE_CURVE('',#4374,#4797,#2662,.T.);
#6151=EDGE_CURVE('',#4371,#4796,#2663,.T.);
#6152=EDGE_CURVE('',#4799,#4376,#2664,.T.);
#6153=EDGE_CURVE('',#4377,#4802,#2665,.T.);
#6154=EDGE_CURVE('',#4378,#4801,#2666,.T.);
#6155=EDGE_CURVE('',#4375,#4800,#2667,.T.);
#6156=EDGE_CURVE('',#4803,#4380,#2668,.T.);
#6157=EDGE_CURVE('',#4381,#4806,#2669,.T.);
#6158=EDGE_CURVE('',#4382,#4805,#2670,.T.);
#6159=EDGE_CURVE('',#4379,#4804,#2671,.T.);
#6160=EDGE_CURVE('',#4807,#4384,#2672,.T.);
#6161=EDGE_CURVE('',#4385,#4810,#2673,.T.);
#6162=EDGE_CURVE('',#4386,#4809,#2674,.T.);
#6163=EDGE_CURVE('',#4383,#4808,#2675,.T.);
#6164=EDGE_CURVE('',#4811,#4388,#2676,.T.);
#6165=EDGE_CURVE('',#4389,#4814,#2677,.T.);
#6166=EDGE_CURVE('',#4390,#4813,#2678,.T.);
#6167=EDGE_CURVE('',#4387,#4812,#2679,.T.);
#6168=EDGE_CURVE('',#4815,#4392,#2680,.T.);
#6169=EDGE_CURVE('',#4393,#4818,#2681,.T.);
#6170=EDGE_CURVE('',#4394,#4817,#2682,.T.);
#6171=EDGE_CURVE('',#4391,#4816,#2683,.T.);
#6172=EDGE_CURVE('',#4819,#4396,#2684,.T.);
#6173=EDGE_CURVE('',#4397,#4822,#2685,.T.);
#6174=EDGE_CURVE('',#4398,#4821,#2686,.T.);
#6175=EDGE_CURVE('',#4395,#4820,#2687,.T.);
#6176=EDGE_CURVE('',#4823,#4400,#2688,.T.);
#6177=EDGE_CURVE('',#4401,#4826,#2689,.T.);
#6178=EDGE_CURVE('',#4402,#4825,#2690,.T.);
#6179=EDGE_CURVE('',#4399,#4824,#2691,.T.);
#6180=EDGE_CURVE('',#4827,#4404,#2692,.T.);
#6181=EDGE_CURVE('',#4405,#4830,#2693,.T.);
#6182=EDGE_CURVE('',#4406,#4829,#2694,.T.);
#6183=EDGE_CURVE('',#4403,#4828,#2695,.T.);
#6184=EDGE_CURVE('',#4831,#4408,#2696,.T.);
#6185=EDGE_CURVE('',#4409,#4834,#2697,.T.);
#6186=EDGE_CURVE('',#4410,#4833,#2698,.T.);
#6187=EDGE_CURVE('',#4407,#4832,#2699,.T.);
#6188=EDGE_CURVE('',#4835,#4412,#2700,.T.);
#6189=EDGE_CURVE('',#4413,#4838,#2701,.T.);
#6190=EDGE_CURVE('',#4414,#4837,#2702,.T.);
#6191=EDGE_CURVE('',#4411,#4836,#2703,.T.);
#6192=EDGE_CURVE('',#4839,#4416,#2704,.T.);
#6193=EDGE_CURVE('',#4417,#4842,#2705,.T.);
#6194=EDGE_CURVE('',#4418,#4841,#2706,.T.);
#6195=EDGE_CURVE('',#4415,#4840,#2707,.T.);
#6196=EDGE_CURVE('',#4843,#4420,#2708,.T.);
#6197=EDGE_CURVE('',#4421,#4846,#2709,.T.);
#6198=EDGE_CURVE('',#4422,#4845,#2710,.T.);
#6199=EDGE_CURVE('',#4419,#4844,#2711,.T.);
#6200=EDGE_CURVE('',#4847,#4424,#2712,.T.);
#6201=EDGE_CURVE('',#4425,#4850,#2713,.T.);
#6202=EDGE_CURVE('',#4426,#4849,#2714,.T.);
#6203=EDGE_CURVE('',#4423,#4848,#2715,.T.);
#6204=EDGE_CURVE('',#4851,#4428,#2716,.T.);
#6205=EDGE_CURVE('',#4429,#4854,#2717,.T.);
#6206=EDGE_CURVE('',#4430,#4853,#2718,.T.);
#6207=EDGE_CURVE('',#4427,#4852,#2719,.T.);
#6208=EDGE_CURVE('',#4855,#4432,#2720,.T.);
#6209=EDGE_CURVE('',#4433,#4858,#2721,.T.);
#6210=EDGE_CURVE('',#4434,#4857,#2722,.T.);
#6211=EDGE_CURVE('',#4431,#4856,#2723,.T.);
#6212=EDGE_CURVE('',#4859,#4436,#2724,.T.);
#6213=EDGE_CURVE('',#4437,#4862,#2725,.T.);
#6214=EDGE_CURVE('',#4438,#4861,#2726,.T.);
#6215=EDGE_CURVE('',#4435,#4860,#2727,.T.);
#6216=EDGE_CURVE('',#4863,#4440,#2728,.T.);
#6217=EDGE_CURVE('',#4441,#4866,#2729,.T.);
#6218=EDGE_CURVE('',#4442,#4865,#2730,.T.);
#6219=EDGE_CURVE('',#4439,#4864,#2731,.T.);
#6220=EDGE_CURVE('',#4867,#4444,#2732,.T.);
#6221=EDGE_CURVE('',#4445,#4870,#2733,.T.);
#6222=EDGE_CURVE('',#4446,#4869,#2734,.T.);
#6223=EDGE_CURVE('',#4443,#4868,#2735,.T.);
#6224=EDGE_CURVE('',#4871,#4448,#2736,.T.);
#6225=EDGE_CURVE('',#4449,#4874,#2737,.T.);
#6226=EDGE_CURVE('',#4450,#4873,#2738,.T.);
#6227=EDGE_CURVE('',#4447,#4872,#2739,.T.);
#6228=EDGE_CURVE('',#4875,#4452,#2740,.T.);
#6229=EDGE_CURVE('',#4453,#4878,#2741,.T.);
#6230=EDGE_CURVE('',#4454,#4877,#2742,.T.);
#6231=EDGE_CURVE('',#4451,#4876,#2743,.T.);
#6232=EDGE_CURVE('',#4879,#4456,#2744,.T.);
#6233=EDGE_CURVE('',#4457,#4882,#2745,.T.);
#6234=EDGE_CURVE('',#4458,#4881,#2746,.T.);
#6235=EDGE_CURVE('',#4455,#4880,#2747,.T.);
#6236=EDGE_CURVE('',#4883,#4460,#2748,.T.);
#6237=EDGE_CURVE('',#4461,#4886,#2749,.T.);
#6238=EDGE_CURVE('',#4462,#4885,#2750,.T.);
#6239=EDGE_CURVE('',#4459,#4884,#2751,.T.);
#6240=EDGE_CURVE('',#4887,#4464,#2752,.T.);
#6241=EDGE_CURVE('',#4465,#4890,#2753,.T.);
#6242=EDGE_CURVE('',#4466,#4889,#2754,.T.);
#6243=EDGE_CURVE('',#4463,#4888,#2755,.T.);
#6244=EDGE_CURVE('',#4891,#4468,#2756,.T.);
#6245=EDGE_CURVE('',#4469,#4894,#2757,.T.);
#6246=EDGE_CURVE('',#4470,#4893,#2758,.T.);
#6247=EDGE_CURVE('',#4467,#4892,#2759,.T.);
#6248=EDGE_CURVE('',#4895,#4472,#2760,.T.);
#6249=EDGE_CURVE('',#4473,#4898,#2761,.T.);
#6250=EDGE_CURVE('',#4474,#4897,#2762,.T.);
#6251=EDGE_CURVE('',#4471,#4896,#2763,.T.);
#6252=EDGE_CURVE('',#4899,#4476,#2764,.T.);
#6253=EDGE_CURVE('',#4477,#4902,#2765,.T.);
#6254=EDGE_CURVE('',#4478,#4901,#2766,.T.);
#6255=EDGE_CURVE('',#4475,#4900,#2767,.T.);
#6256=EDGE_CURVE('',#4903,#4480,#2768,.T.);
#6257=EDGE_CURVE('',#4481,#4906,#2769,.T.);
#6258=EDGE_CURVE('',#4482,#4905,#2770,.T.);
#6259=EDGE_CURVE('',#4479,#4904,#2771,.T.);
#6260=EDGE_CURVE('',#4907,#4484,#2772,.T.);
#6261=EDGE_CURVE('',#4485,#4910,#2773,.T.);
#6262=EDGE_CURVE('',#4486,#4909,#2774,.T.);
#6263=EDGE_CURVE('',#4483,#4908,#2775,.T.);
#6264=EDGE_CURVE('',#4911,#4488,#2776,.T.);
#6265=EDGE_CURVE('',#4489,#4914,#2777,.T.);
#6266=EDGE_CURVE('',#4490,#4913,#2778,.T.);
#6267=EDGE_CURVE('',#4487,#4912,#2779,.T.);
#6268=EDGE_CURVE('',#4915,#4492,#2780,.T.);
#6269=EDGE_CURVE('',#4493,#4918,#2781,.T.);
#6270=EDGE_CURVE('',#4494,#4917,#2782,.T.);
#6271=EDGE_CURVE('',#4491,#4916,#2783,.T.);
#6272=EDGE_CURVE('',#4919,#4496,#2784,.T.);
#6273=EDGE_CURVE('',#4497,#4922,#2785,.T.);
#6274=EDGE_CURVE('',#4498,#4921,#2786,.T.);
#6275=EDGE_CURVE('',#4495,#4920,#2787,.T.);
#6276=EDGE_CURVE('',#4923,#4500,#2788,.T.);
#6277=EDGE_CURVE('',#4501,#4926,#2789,.T.);
#6278=EDGE_CURVE('',#4502,#4925,#2790,.T.);
#6279=EDGE_CURVE('',#4499,#4924,#2791,.T.);
#6280=EDGE_CURVE('',#4927,#4504,#2792,.T.);
#6281=EDGE_CURVE('',#4505,#4930,#2793,.T.);
#6282=EDGE_CURVE('',#4506,#4929,#2794,.T.);
#6283=EDGE_CURVE('',#4503,#4928,#2795,.T.);
#6284=EDGE_CURVE('',#4931,#4508,#2796,.T.);
#6285=EDGE_CURVE('',#4509,#4934,#2797,.T.);
#6286=EDGE_CURVE('',#4510,#4933,#2798,.T.);
#6287=EDGE_CURVE('',#4507,#4932,#2799,.T.);
#6288=EDGE_CURVE('',#4935,#4512,#2800,.T.);
#6289=EDGE_CURVE('',#4513,#4938,#2801,.T.);
#6290=EDGE_CURVE('',#4514,#4937,#2802,.T.);
#6291=EDGE_CURVE('',#4511,#4936,#2803,.T.);
#6292=EDGE_CURVE('',#4939,#4516,#2804,.T.);
#6293=EDGE_CURVE('',#4517,#4942,#2805,.T.);
#6294=EDGE_CURVE('',#4518,#4941,#2806,.T.);
#6295=EDGE_CURVE('',#4515,#4940,#2807,.T.);
#6296=EDGE_CURVE('',#4943,#4520,#2808,.T.);
#6297=EDGE_CURVE('',#4521,#4946,#2809,.T.);
#6298=EDGE_CURVE('',#4522,#4945,#2810,.T.);
#6299=EDGE_CURVE('',#4519,#4944,#2811,.T.);
#6300=EDGE_CURVE('',#4947,#4524,#2812,.T.);
#6301=EDGE_CURVE('',#4525,#4950,#2813,.T.);
#6302=EDGE_CURVE('',#4526,#4949,#2814,.T.);
#6303=EDGE_CURVE('',#4523,#4948,#2815,.T.);
#6304=EDGE_CURVE('',#4951,#4528,#2816,.T.);
#6305=EDGE_CURVE('',#4529,#4954,#2817,.T.);
#6306=EDGE_CURVE('',#4530,#4953,#2818,.T.);
#6307=EDGE_CURVE('',#4527,#4952,#2819,.T.);
#6308=EDGE_CURVE('',#4955,#4532,#2820,.T.);
#6309=EDGE_CURVE('',#4533,#4958,#2821,.T.);
#6310=EDGE_CURVE('',#4534,#4957,#2822,.T.);
#6311=EDGE_CURVE('',#4531,#4956,#2823,.T.);
#6312=EDGE_CURVE('',#4959,#4536,#2824,.T.);
#6313=EDGE_CURVE('',#4537,#4962,#2825,.T.);
#6314=EDGE_CURVE('',#4538,#4961,#2826,.T.);
#6315=EDGE_CURVE('',#4535,#4960,#2827,.T.);
#6316=EDGE_CURVE('',#4963,#4540,#2828,.T.);
#6317=EDGE_CURVE('',#4541,#4966,#2829,.T.);
#6318=EDGE_CURVE('',#4542,#4965,#2830,.T.);
#6319=EDGE_CURVE('',#4539,#4964,#2831,.T.);
#6320=EDGE_CURVE('',#4967,#4544,#2832,.T.);
#6321=EDGE_CURVE('',#4545,#4970,#2833,.T.);
#6322=EDGE_CURVE('',#4546,#4969,#2834,.T.);
#6323=EDGE_CURVE('',#4543,#4968,#2835,.T.);
#6324=EDGE_CURVE('',#4681,#5146,#2836,.T.);
#6325=EDGE_CURVE('',#4971,#4548,#2837,.T.);
#6326=EDGE_CURVE('',#4549,#4974,#2838,.T.);
#6327=EDGE_CURVE('',#4550,#4973,#2839,.T.);
#6328=EDGE_CURVE('',#4547,#4972,#2840,.T.);
#6329=EDGE_CURVE('',#4975,#4552,#2841,.T.);
#6330=EDGE_CURVE('',#4553,#4978,#2842,.T.);
#6331=EDGE_CURVE('',#4554,#4977,#2843,.T.);
#6332=EDGE_CURVE('',#4551,#4976,#2844,.T.);
#6333=EDGE_CURVE('',#4979,#4556,#2845,.T.);
#6334=EDGE_CURVE('',#4557,#5022,#2846,.T.);
#6335=EDGE_CURVE('',#4558,#5021,#2847,.T.);
#6336=EDGE_CURVE('',#4559,#5020,#2848,.T.);
#6337=EDGE_CURVE('',#4560,#5019,#2849,.T.);
#6338=EDGE_CURVE('',#4561,#5018,#2850,.T.);
#6339=EDGE_CURVE('',#4562,#5017,#2851,.T.);
#6340=EDGE_CURVE('',#4563,#5016,#2852,.T.);
#6341=EDGE_CURVE('',#4564,#5015,#2853,.T.);
#6342=EDGE_CURVE('',#4565,#5014,#2854,.T.);
#6343=EDGE_CURVE('',#4566,#5013,#2855,.T.);
#6344=EDGE_CURVE('',#4567,#5012,#2856,.T.);
#6345=EDGE_CURVE('',#4568,#5011,#2857,.T.);
#6346=EDGE_CURVE('',#4569,#5010,#2858,.T.);
#6347=EDGE_CURVE('',#4570,#5009,#2859,.T.);
#6348=EDGE_CURVE('',#4571,#5008,#2860,.T.);
#6349=EDGE_CURVE('',#4572,#5007,#2861,.T.);
#6350=EDGE_CURVE('',#4573,#5006,#2862,.T.);
#6351=EDGE_CURVE('',#4574,#5005,#2863,.T.);
#6352=EDGE_CURVE('',#4575,#5004,#2864,.T.);
#6353=EDGE_CURVE('',#4576,#5003,#2865,.T.);
#6354=EDGE_CURVE('',#4577,#5002,#2866,.T.);
#6355=EDGE_CURVE('',#4578,#5001,#2867,.T.);
#6356=EDGE_CURVE('',#4579,#5000,#2868,.T.);
#6357=EDGE_CURVE('',#4580,#4999,#2869,.T.);
#6358=EDGE_CURVE('',#4581,#4998,#2870,.T.);
#6359=EDGE_CURVE('',#4582,#4997,#2871,.T.);
#6360=EDGE_CURVE('',#4583,#4996,#2872,.T.);
#6361=EDGE_CURVE('',#4584,#4995,#2873,.T.);
#6362=EDGE_CURVE('',#4585,#4994,#2874,.T.);
#6363=EDGE_CURVE('',#4586,#4993,#2875,.T.);
#6364=EDGE_CURVE('',#4587,#4992,#2876,.T.);
#6365=EDGE_CURVE('',#4588,#4991,#2877,.T.);
#6366=EDGE_CURVE('',#4589,#4990,#2878,.T.);
#6367=EDGE_CURVE('',#4590,#4989,#2879,.T.);
#6368=EDGE_CURVE('',#4591,#4988,#2880,.T.);
#6369=EDGE_CURVE('',#4592,#4987,#2881,.T.);
#6370=EDGE_CURVE('',#4593,#4986,#2882,.T.);
#6371=EDGE_CURVE('',#4594,#4985,#2883,.T.);
#6372=EDGE_CURVE('',#4595,#4984,#2884,.T.);
#6373=EDGE_CURVE('',#4596,#4983,#2885,.T.);
#6374=EDGE_CURVE('',#4597,#4982,#2886,.T.);
#6375=EDGE_CURVE('',#4598,#4981,#2887,.T.);
#6376=EDGE_CURVE('',#4555,#4980,#2888,.T.);
#6377=EDGE_CURVE('',#5023,#4600,#2889,.T.);
#6378=EDGE_CURVE('',#4601,#5026,#2890,.T.);
#6379=EDGE_CURVE('',#4602,#5025,#2891,.T.);
#6380=EDGE_CURVE('',#4599,#5024,#2892,.T.);
#6381=EDGE_CURVE('',#5027,#4604,#2893,.T.);
#6382=EDGE_CURVE('',#4605,#5030,#2894,.T.);
#6383=EDGE_CURVE('',#4606,#5029,#2895,.T.);
#6384=EDGE_CURVE('',#4603,#5028,#2896,.T.);
#6385=EDGE_CURVE('',#5031,#4608,#2897,.T.);
#6386=EDGE_CURVE('',#4609,#5034,#2898,.T.);
#6387=EDGE_CURVE('',#4610,#5033,#2899,.T.);
#6388=EDGE_CURVE('',#4607,#5032,#2900,.T.);
#6389=EDGE_CURVE('',#5035,#4612,#2901,.T.);
#6390=EDGE_CURVE('',#4613,#5038,#2902,.T.);
#6391=EDGE_CURVE('',#4614,#5037,#2903,.T.);
#6392=EDGE_CURVE('',#4611,#5036,#2904,.T.);
#6393=EDGE_CURVE('',#5039,#4616,#2905,.T.);
#6394=EDGE_CURVE('',#4617,#5042,#2906,.T.);
#6395=EDGE_CURVE('',#4618,#5041,#2907,.T.);
#6396=EDGE_CURVE('',#4615,#5040,#2908,.T.);
#6397=EDGE_CURVE('',#5043,#4620,#2909,.T.);
#6398=EDGE_CURVE('',#4621,#5046,#2910,.T.);
#6399=EDGE_CURVE('',#4622,#5045,#2911,.T.);
#6400=EDGE_CURVE('',#4619,#5044,#2912,.T.);
#6401=EDGE_CURVE('',#5047,#4624,#2913,.T.);
#6402=EDGE_CURVE('',#4625,#5050,#2914,.T.);
#6403=EDGE_CURVE('',#4626,#5049,#2915,.T.);
#6404=EDGE_CURVE('',#4623,#5048,#2916,.T.);
#6405=EDGE_CURVE('',#5051,#4628,#2917,.T.);
#6406=EDGE_CURVE('',#4629,#5054,#2918,.T.);
#6407=EDGE_CURVE('',#4630,#5053,#2919,.T.);
#6408=EDGE_CURVE('',#4627,#5052,#2920,.T.);
#6409=EDGE_CURVE('',#5055,#4632,#2921,.T.);
#6410=EDGE_CURVE('',#4633,#5058,#2922,.T.);
#6411=EDGE_CURVE('',#4634,#5057,#2923,.T.);
#6412=EDGE_CURVE('',#4631,#5056,#2924,.T.);
#6413=EDGE_CURVE('',#5059,#4636,#2925,.T.);
#6414=EDGE_CURVE('',#4637,#5062,#2926,.T.);
#6415=EDGE_CURVE('',#4638,#5061,#2927,.T.);
#6416=EDGE_CURVE('',#4635,#5060,#2928,.T.);
#6417=EDGE_CURVE('',#5063,#4640,#2929,.T.);
#6418=EDGE_CURVE('',#4641,#5066,#2930,.T.);
#6419=EDGE_CURVE('',#4642,#5065,#2931,.T.);
#6420=EDGE_CURVE('',#4639,#5064,#2932,.T.);
#6421=EDGE_CURVE('',#5067,#4644,#2933,.T.);
#6422=EDGE_CURVE('',#4645,#5070,#2934,.T.);
#6423=EDGE_CURVE('',#4646,#5069,#2935,.T.);
#6424=EDGE_CURVE('',#4643,#5068,#2936,.T.);
#6425=EDGE_CURVE('',#5071,#4648,#2937,.T.);
#6426=EDGE_CURVE('',#4649,#5074,#2938,.T.);
#6427=EDGE_CURVE('',#4650,#5073,#2939,.T.);
#6428=EDGE_CURVE('',#4647,#5072,#2940,.T.);
#6429=EDGE_CURVE('',#5075,#4652,#2941,.T.);
#6430=EDGE_CURVE('',#4653,#5078,#2942,.T.);
#6431=EDGE_CURVE('',#4654,#5077,#2943,.T.);
#6432=EDGE_CURVE('',#4651,#5076,#2944,.T.);
#6433=EDGE_CURVE('',#5079,#4656,#2945,.T.);
#6434=EDGE_CURVE('',#4657,#5082,#2946,.T.);
#6435=EDGE_CURVE('',#4658,#5081,#2947,.T.);
#6436=EDGE_CURVE('',#4655,#5080,#2948,.T.);
#6437=EDGE_CURVE('',#5083,#4660,#2949,.T.);
#6438=EDGE_CURVE('',#4661,#5086,#2950,.T.);
#6439=EDGE_CURVE('',#4662,#5085,#2951,.T.);
#6440=EDGE_CURVE('',#4659,#5084,#2952,.T.);
#6441=EDGE_CURVE('',#5087,#4664,#2953,.T.);
#6442=EDGE_CURVE('',#4665,#5090,#2954,.T.);
#6443=EDGE_CURVE('',#4666,#5089,#2955,.T.);
#6444=EDGE_CURVE('',#4663,#5088,#2956,.T.);
#6445=EDGE_CURVE('',#5091,#4668,#2957,.T.);
#6446=EDGE_CURVE('',#4669,#5094,#2958,.T.);
#6447=EDGE_CURVE('',#4670,#5093,#2959,.T.);
#6448=EDGE_CURVE('',#4667,#5092,#2960,.T.);
#6449=EDGE_CURVE('',#5095,#4672,#2961,.T.);
#6450=EDGE_CURVE('',#4673,#5098,#2962,.T.);
#6451=EDGE_CURVE('',#4674,#5097,#2963,.T.);
#6452=EDGE_CURVE('',#4671,#5096,#2964,.T.);
#6453=EDGE_CURVE('',#5099,#4676,#2965,.T.);
#6454=EDGE_CURVE('',#4677,#5102,#2966,.T.);
#6455=EDGE_CURVE('',#4678,#5101,#2967,.T.);
#6456=EDGE_CURVE('',#4675,#5100,#2968,.T.);
#6457=ORIENTED_EDGE('',*,*,#5149,.T.);
#6458=ORIENTED_EDGE('',*,*,#5150,.T.);
#6459=ORIENTED_EDGE('',*,*,#5151,.F.);
#6460=ORIENTED_EDGE('',*,*,#5152,.F.);
#6461=ORIENTED_EDGE('',*,*,#5153,.F.);
#6462=ORIENTED_EDGE('',*,*,#5152,.T.);
#6463=ORIENTED_EDGE('',*,*,#5154,.F.);
#6464=ORIENTED_EDGE('',*,*,#5155,.F.);
#6465=ORIENTED_EDGE('',*,*,#5156,.T.);
#6466=ORIENTED_EDGE('',*,*,#5154,.T.);
#6467=ORIENTED_EDGE('',*,*,#5151,.T.);
#6468=ORIENTED_EDGE('',*,*,#5157,.T.);
#6469=ORIENTED_EDGE('',*,*,#5158,.F.);
#6470=ORIENTED_EDGE('',*,*,#5158,.T.);
#6471=ORIENTED_EDGE('',*,*,#5159,.F.);
#6472=ORIENTED_EDGE('',*,*,#5160,.F.);
#6473=ORIENTED_EDGE('',*,*,#5161,.F.);
#6474=ORIENTED_EDGE('',*,*,#5162,.F.);
#6475=ORIENTED_EDGE('',*,*,#5163,.T.);
#6476=ORIENTED_EDGE('',*,*,#5164,.F.);
#6477=ORIENTED_EDGE('',*,*,#5165,.F.);
#6478=ORIENTED_EDGE('',*,*,#5166,.T.);
#6479=ORIENTED_EDGE('',*,*,#5165,.T.);
#6480=ORIENTED_EDGE('',*,*,#5167,.F.);
#6481=ORIENTED_EDGE('',*,*,#5168,.F.);
#6482=ORIENTED_EDGE('',*,*,#5169,.F.);
#6483=ORIENTED_EDGE('',*,*,#5170,.T.);
#6484=ORIENTED_EDGE('',*,*,#5167,.T.);
#6485=ORIENTED_EDGE('',*,*,#5164,.T.);
#6486=ORIENTED_EDGE('',*,*,#5171,.T.);
#6487=ORIENTED_EDGE('',*,*,#5172,.T.);
#6488=ORIENTED_EDGE('',*,*,#5173,.T.);
#6489=ORIENTED_EDGE('',*,*,#5174,.T.);
#6490=ORIENTED_EDGE('',*,*,#5175,.T.);
#6491=ORIENTED_EDGE('',*,*,#5173,.F.);
#6492=ORIENTED_EDGE('',*,*,#5176,.T.);
#6493=ORIENTED_EDGE('',*,*,#5177,.F.);
#6494=ORIENTED_EDGE('',*,*,#5178,.T.);
#6495=ORIENTED_EDGE('',*,*,#5172,.F.);
#6496=ORIENTED_EDGE('',*,*,#5179,.F.);
#6497=ORIENTED_EDGE('',*,*,#5180,.F.);
#6498=ORIENTED_EDGE('',*,*,#5181,.T.);
#6499=ORIENTED_EDGE('',*,*,#5182,.F.);
#6500=ORIENTED_EDGE('',*,*,#5183,.F.);
#6501=ORIENTED_EDGE('',*,*,#5168,.T.);
#6502=ORIENTED_EDGE('',*,*,#5170,.F.);
#6503=ORIENTED_EDGE('',*,*,#5184,.T.);
#6504=ORIENTED_EDGE('',*,*,#5185,.T.);
#6505=ORIENTED_EDGE('',*,*,#5159,.T.);
#6506=ORIENTED_EDGE('',*,*,#5157,.F.);
#6507=ORIENTED_EDGE('',*,*,#5150,.F.);
#6508=ORIENTED_EDGE('',*,*,#5186,.T.);
#6509=ORIENTED_EDGE('',*,*,#5187,.F.);
#6510=ORIENTED_EDGE('',*,*,#5176,.F.);
#6511=ORIENTED_EDGE('',*,*,#5188,.T.);
#6512=ORIENTED_EDGE('',*,*,#5189,.T.);
#6513=ORIENTED_EDGE('',*,*,#5190,.T.);
#6514=ORIENTED_EDGE('',*,*,#5191,.T.);
#6515=ORIENTED_EDGE('',*,*,#5192,.T.);
#6516=ORIENTED_EDGE('',*,*,#5193,.T.);
#6517=ORIENTED_EDGE('',*,*,#5194,.T.);
#6518=ORIENTED_EDGE('',*,*,#5195,.T.);
#6519=ORIENTED_EDGE('',*,*,#5196,.T.);
#6520=ORIENTED_EDGE('',*,*,#5197,.T.);
#6521=ORIENTED_EDGE('',*,*,#5198,.T.);
#6522=ORIENTED_EDGE('',*,*,#5199,.T.);
#6523=ORIENTED_EDGE('',*,*,#5200,.T.);
#6524=ORIENTED_EDGE('',*,*,#5201,.T.);
#6525=ORIENTED_EDGE('',*,*,#5202,.T.);
#6526=ORIENTED_EDGE('',*,*,#5203,.T.);
#6527=ORIENTED_EDGE('',*,*,#5204,.T.);
#6528=ORIENTED_EDGE('',*,*,#5205,.T.);
#6529=ORIENTED_EDGE('',*,*,#5206,.T.);
#6530=ORIENTED_EDGE('',*,*,#5207,.T.);
#6531=ORIENTED_EDGE('',*,*,#5208,.T.);
#6532=ORIENTED_EDGE('',*,*,#5209,.T.);
#6533=ORIENTED_EDGE('',*,*,#5210,.T.);
#6534=ORIENTED_EDGE('',*,*,#5211,.T.);
#6535=ORIENTED_EDGE('',*,*,#5212,.T.);
#6536=ORIENTED_EDGE('',*,*,#5213,.T.);
#6537=ORIENTED_EDGE('',*,*,#5214,.T.);
#6538=ORIENTED_EDGE('',*,*,#5215,.T.);
#6539=ORIENTED_EDGE('',*,*,#5216,.T.);
#6540=ORIENTED_EDGE('',*,*,#5217,.T.);
#6541=ORIENTED_EDGE('',*,*,#5218,.T.);
#6542=ORIENTED_EDGE('',*,*,#5219,.T.);
#6543=ORIENTED_EDGE('',*,*,#5220,.T.);
#6544=ORIENTED_EDGE('',*,*,#5221,.T.);
#6545=ORIENTED_EDGE('',*,*,#5222,.T.);
#6546=ORIENTED_EDGE('',*,*,#5223,.T.);
#6547=ORIENTED_EDGE('',*,*,#5224,.T.);
#6548=ORIENTED_EDGE('',*,*,#5225,.T.);
#6549=ORIENTED_EDGE('',*,*,#5226,.T.);
#6550=ORIENTED_EDGE('',*,*,#5227,.T.);
#6551=ORIENTED_EDGE('',*,*,#5228,.T.);
#6552=ORIENTED_EDGE('',*,*,#5229,.T.);
#6553=ORIENTED_EDGE('',*,*,#5230,.T.);
#6554=ORIENTED_EDGE('',*,*,#5231,.T.);
#6555=ORIENTED_EDGE('',*,*,#5232,.T.);
#6556=ORIENTED_EDGE('',*,*,#5233,.T.);
#6557=ORIENTED_EDGE('',*,*,#5234,.T.);
#6558=ORIENTED_EDGE('',*,*,#5235,.T.);
#6559=ORIENTED_EDGE('',*,*,#5236,.T.);
#6560=ORIENTED_EDGE('',*,*,#5237,.T.);
#6561=ORIENTED_EDGE('',*,*,#5238,.T.);
#6562=ORIENTED_EDGE('',*,*,#5239,.T.);
#6563=ORIENTED_EDGE('',*,*,#5240,.T.);
#6564=ORIENTED_EDGE('',*,*,#5241,.T.);
#6565=ORIENTED_EDGE('',*,*,#5242,.T.);
#6566=ORIENTED_EDGE('',*,*,#5243,.T.);
#6567=ORIENTED_EDGE('',*,*,#5244,.T.);
#6568=ORIENTED_EDGE('',*,*,#5245,.T.);
#6569=ORIENTED_EDGE('',*,*,#5246,.T.);
#6570=ORIENTED_EDGE('',*,*,#5247,.T.);
#6571=ORIENTED_EDGE('',*,*,#5248,.T.);
#6572=ORIENTED_EDGE('',*,*,#5249,.T.);
#6573=ORIENTED_EDGE('',*,*,#5250,.T.);
#6574=ORIENTED_EDGE('',*,*,#5251,.T.);
#6575=ORIENTED_EDGE('',*,*,#5252,.T.);
#6576=ORIENTED_EDGE('',*,*,#5253,.T.);
#6577=ORIENTED_EDGE('',*,*,#5254,.T.);
#6578=ORIENTED_EDGE('',*,*,#5255,.T.);
#6579=ORIENTED_EDGE('',*,*,#5256,.T.);
#6580=ORIENTED_EDGE('',*,*,#5257,.T.);
#6581=ORIENTED_EDGE('',*,*,#5258,.T.);
#6582=ORIENTED_EDGE('',*,*,#5259,.T.);
#6583=ORIENTED_EDGE('',*,*,#5260,.T.);
#6584=ORIENTED_EDGE('',*,*,#5261,.T.);
#6585=ORIENTED_EDGE('',*,*,#5262,.T.);
#6586=ORIENTED_EDGE('',*,*,#5263,.T.);
#6587=ORIENTED_EDGE('',*,*,#5264,.T.);
#6588=ORIENTED_EDGE('',*,*,#5265,.T.);
#6589=ORIENTED_EDGE('',*,*,#5266,.T.);
#6590=ORIENTED_EDGE('',*,*,#5267,.T.);
#6591=ORIENTED_EDGE('',*,*,#5268,.T.);
#6592=ORIENTED_EDGE('',*,*,#5269,.T.);
#6593=ORIENTED_EDGE('',*,*,#5270,.T.);
#6594=ORIENTED_EDGE('',*,*,#5271,.T.);
#6595=ORIENTED_EDGE('',*,*,#5272,.T.);
#6596=ORIENTED_EDGE('',*,*,#5273,.T.);
#6597=ORIENTED_EDGE('',*,*,#5274,.T.);
#6598=ORIENTED_EDGE('',*,*,#5275,.T.);
#6599=ORIENTED_EDGE('',*,*,#5276,.T.);
#6600=ORIENTED_EDGE('',*,*,#5277,.T.);
#6601=ORIENTED_EDGE('',*,*,#5278,.T.);
#6602=ORIENTED_EDGE('',*,*,#5279,.T.);
#6603=ORIENTED_EDGE('',*,*,#5280,.T.);
#6604=ORIENTED_EDGE('',*,*,#5281,.T.);
#6605=ORIENTED_EDGE('',*,*,#5282,.T.);
#6606=ORIENTED_EDGE('',*,*,#5283,.T.);
#6607=ORIENTED_EDGE('',*,*,#5284,.T.);
#6608=ORIENTED_EDGE('',*,*,#5285,.T.);
#6609=ORIENTED_EDGE('',*,*,#5286,.T.);
#6610=ORIENTED_EDGE('',*,*,#5287,.T.);
#6611=ORIENTED_EDGE('',*,*,#5288,.T.);
#6612=ORIENTED_EDGE('',*,*,#5289,.T.);
#6613=ORIENTED_EDGE('',*,*,#5290,.T.);
#6614=ORIENTED_EDGE('',*,*,#5291,.T.);
#6615=ORIENTED_EDGE('',*,*,#5292,.T.);
#6616=ORIENTED_EDGE('',*,*,#5293,.T.);
#6617=ORIENTED_EDGE('',*,*,#5294,.T.);
#6618=ORIENTED_EDGE('',*,*,#5295,.T.);
#6619=ORIENTED_EDGE('',*,*,#5296,.T.);
#6620=ORIENTED_EDGE('',*,*,#5297,.T.);
#6621=ORIENTED_EDGE('',*,*,#5298,.T.);
#6622=ORIENTED_EDGE('',*,*,#5299,.T.);
#6623=ORIENTED_EDGE('',*,*,#5300,.T.);
#6624=ORIENTED_EDGE('',*,*,#5301,.T.);
#6625=ORIENTED_EDGE('',*,*,#5302,.T.);
#6626=ORIENTED_EDGE('',*,*,#5303,.T.);
#6627=ORIENTED_EDGE('',*,*,#5304,.T.);
#6628=ORIENTED_EDGE('',*,*,#5305,.T.);
#6629=ORIENTED_EDGE('',*,*,#5306,.T.);
#6630=ORIENTED_EDGE('',*,*,#5307,.T.);
#6631=ORIENTED_EDGE('',*,*,#5308,.T.);
#6632=ORIENTED_EDGE('',*,*,#5309,.T.);
#6633=ORIENTED_EDGE('',*,*,#5310,.T.);
#6634=ORIENTED_EDGE('',*,*,#5311,.T.);
#6635=ORIENTED_EDGE('',*,*,#5312,.T.);
#6636=ORIENTED_EDGE('',*,*,#5313,.T.);
#6637=ORIENTED_EDGE('',*,*,#5314,.T.);
#6638=ORIENTED_EDGE('',*,*,#5315,.T.);
#6639=ORIENTED_EDGE('',*,*,#5316,.T.);
#6640=ORIENTED_EDGE('',*,*,#5317,.T.);
#6641=ORIENTED_EDGE('',*,*,#5318,.T.);
#6642=ORIENTED_EDGE('',*,*,#5319,.T.);
#6643=ORIENTED_EDGE('',*,*,#5320,.T.);
#6644=ORIENTED_EDGE('',*,*,#5321,.T.);
#6645=ORIENTED_EDGE('',*,*,#5322,.T.);
#6646=ORIENTED_EDGE('',*,*,#5323,.T.);
#6647=ORIENTED_EDGE('',*,*,#5324,.T.);
#6648=ORIENTED_EDGE('',*,*,#5325,.T.);
#6649=ORIENTED_EDGE('',*,*,#5326,.T.);
#6650=ORIENTED_EDGE('',*,*,#5327,.T.);
#6651=ORIENTED_EDGE('',*,*,#5328,.T.);
#6652=ORIENTED_EDGE('',*,*,#5329,.T.);
#6653=ORIENTED_EDGE('',*,*,#5330,.T.);
#6654=ORIENTED_EDGE('',*,*,#5331,.T.);
#6655=ORIENTED_EDGE('',*,*,#5332,.T.);
#6656=ORIENTED_EDGE('',*,*,#5333,.T.);
#6657=ORIENTED_EDGE('',*,*,#5334,.T.);
#6658=ORIENTED_EDGE('',*,*,#5335,.T.);
#6659=ORIENTED_EDGE('',*,*,#5336,.T.);
#6660=ORIENTED_EDGE('',*,*,#5337,.T.);
#6661=ORIENTED_EDGE('',*,*,#5338,.T.);
#6662=ORIENTED_EDGE('',*,*,#5339,.T.);
#6663=ORIENTED_EDGE('',*,*,#5340,.T.);
#6664=ORIENTED_EDGE('',*,*,#5341,.T.);
#6665=ORIENTED_EDGE('',*,*,#5342,.T.);
#6666=ORIENTED_EDGE('',*,*,#5343,.T.);
#6667=ORIENTED_EDGE('',*,*,#5344,.T.);
#6668=ORIENTED_EDGE('',*,*,#5345,.T.);
#6669=ORIENTED_EDGE('',*,*,#5346,.T.);
#6670=ORIENTED_EDGE('',*,*,#5347,.T.);
#6671=ORIENTED_EDGE('',*,*,#5348,.T.);
#6672=ORIENTED_EDGE('',*,*,#5349,.T.);
#6673=ORIENTED_EDGE('',*,*,#5350,.T.);
#6674=ORIENTED_EDGE('',*,*,#5351,.T.);
#6675=ORIENTED_EDGE('',*,*,#5352,.T.);
#6676=ORIENTED_EDGE('',*,*,#5353,.T.);
#6677=ORIENTED_EDGE('',*,*,#5354,.T.);
#6678=ORIENTED_EDGE('',*,*,#5355,.T.);
#6679=ORIENTED_EDGE('',*,*,#5356,.T.);
#6680=ORIENTED_EDGE('',*,*,#5357,.T.);
#6681=ORIENTED_EDGE('',*,*,#5358,.T.);
#6682=ORIENTED_EDGE('',*,*,#5359,.T.);
#6683=ORIENTED_EDGE('',*,*,#5360,.T.);
#6684=ORIENTED_EDGE('',*,*,#5361,.T.);
#6685=ORIENTED_EDGE('',*,*,#5362,.T.);
#6686=ORIENTED_EDGE('',*,*,#5363,.T.);
#6687=ORIENTED_EDGE('',*,*,#5364,.T.);
#6688=ORIENTED_EDGE('',*,*,#5365,.T.);
#6689=ORIENTED_EDGE('',*,*,#5366,.T.);
#6690=ORIENTED_EDGE('',*,*,#5367,.T.);
#6691=ORIENTED_EDGE('',*,*,#5368,.T.);
#6692=ORIENTED_EDGE('',*,*,#5369,.T.);
#6693=ORIENTED_EDGE('',*,*,#5370,.T.);
#6694=ORIENTED_EDGE('',*,*,#5371,.T.);
#6695=ORIENTED_EDGE('',*,*,#5372,.T.);
#6696=ORIENTED_EDGE('',*,*,#5373,.T.);
#6697=ORIENTED_EDGE('',*,*,#5374,.T.);
#6698=ORIENTED_EDGE('',*,*,#5375,.T.);
#6699=ORIENTED_EDGE('',*,*,#5376,.T.);
#6700=ORIENTED_EDGE('',*,*,#5377,.T.);
#6701=ORIENTED_EDGE('',*,*,#5378,.T.);
#6702=ORIENTED_EDGE('',*,*,#5379,.T.);
#6703=ORIENTED_EDGE('',*,*,#5380,.T.);
#6704=ORIENTED_EDGE('',*,*,#5381,.T.);
#6705=ORIENTED_EDGE('',*,*,#5382,.T.);
#6706=ORIENTED_EDGE('',*,*,#5383,.T.);
#6707=ORIENTED_EDGE('',*,*,#5384,.T.);
#6708=ORIENTED_EDGE('',*,*,#5385,.T.);
#6709=ORIENTED_EDGE('',*,*,#5386,.T.);
#6710=ORIENTED_EDGE('',*,*,#5387,.T.);
#6711=ORIENTED_EDGE('',*,*,#5388,.T.);
#6712=ORIENTED_EDGE('',*,*,#5389,.T.);
#6713=ORIENTED_EDGE('',*,*,#5390,.T.);
#6714=ORIENTED_EDGE('',*,*,#5391,.T.);
#6715=ORIENTED_EDGE('',*,*,#5392,.T.);
#6716=ORIENTED_EDGE('',*,*,#5393,.T.);
#6717=ORIENTED_EDGE('',*,*,#5394,.T.);
#6718=ORIENTED_EDGE('',*,*,#5395,.T.);
#6719=ORIENTED_EDGE('',*,*,#5396,.T.);
#6720=ORIENTED_EDGE('',*,*,#5397,.T.);
#6721=ORIENTED_EDGE('',*,*,#5398,.T.);
#6722=ORIENTED_EDGE('',*,*,#5399,.T.);
#6723=ORIENTED_EDGE('',*,*,#5400,.T.);
#6724=ORIENTED_EDGE('',*,*,#5401,.T.);
#6725=ORIENTED_EDGE('',*,*,#5402,.T.);
#6726=ORIENTED_EDGE('',*,*,#5403,.T.);
#6727=ORIENTED_EDGE('',*,*,#5404,.T.);
#6728=ORIENTED_EDGE('',*,*,#5405,.T.);
#6729=ORIENTED_EDGE('',*,*,#5406,.T.);
#6730=ORIENTED_EDGE('',*,*,#5407,.T.);
#6731=ORIENTED_EDGE('',*,*,#5408,.T.);
#6732=ORIENTED_EDGE('',*,*,#5409,.T.);
#6733=ORIENTED_EDGE('',*,*,#5410,.T.);
#6734=ORIENTED_EDGE('',*,*,#5411,.T.);
#6735=ORIENTED_EDGE('',*,*,#5412,.T.);
#6736=ORIENTED_EDGE('',*,*,#5413,.T.);
#6737=ORIENTED_EDGE('',*,*,#5414,.T.);
#6738=ORIENTED_EDGE('',*,*,#5415,.T.);
#6739=ORIENTED_EDGE('',*,*,#5416,.T.);
#6740=ORIENTED_EDGE('',*,*,#5417,.T.);
#6741=ORIENTED_EDGE('',*,*,#5418,.T.);
#6742=ORIENTED_EDGE('',*,*,#5419,.T.);
#6743=ORIENTED_EDGE('',*,*,#5420,.T.);
#6744=ORIENTED_EDGE('',*,*,#5421,.T.);
#6745=ORIENTED_EDGE('',*,*,#5422,.T.);
#6746=ORIENTED_EDGE('',*,*,#5423,.T.);
#6747=ORIENTED_EDGE('',*,*,#5424,.T.);
#6748=ORIENTED_EDGE('',*,*,#5425,.T.);
#6749=ORIENTED_EDGE('',*,*,#5426,.T.);
#6750=ORIENTED_EDGE('',*,*,#5427,.T.);
#6751=ORIENTED_EDGE('',*,*,#5428,.T.);
#6752=ORIENTED_EDGE('',*,*,#5429,.T.);
#6753=ORIENTED_EDGE('',*,*,#5430,.T.);
#6754=ORIENTED_EDGE('',*,*,#5431,.T.);
#6755=ORIENTED_EDGE('',*,*,#5432,.T.);
#6756=ORIENTED_EDGE('',*,*,#5433,.T.);
#6757=ORIENTED_EDGE('',*,*,#5434,.T.);
#6758=ORIENTED_EDGE('',*,*,#5435,.T.);
#6759=ORIENTED_EDGE('',*,*,#5436,.T.);
#6760=ORIENTED_EDGE('',*,*,#5437,.T.);
#6761=ORIENTED_EDGE('',*,*,#5438,.T.);
#6762=ORIENTED_EDGE('',*,*,#5439,.T.);
#6763=ORIENTED_EDGE('',*,*,#5440,.T.);
#6764=ORIENTED_EDGE('',*,*,#5441,.T.);
#6765=ORIENTED_EDGE('',*,*,#5442,.T.);
#6766=ORIENTED_EDGE('',*,*,#5443,.T.);
#6767=ORIENTED_EDGE('',*,*,#5444,.T.);
#6768=ORIENTED_EDGE('',*,*,#5445,.T.);
#6769=ORIENTED_EDGE('',*,*,#5446,.T.);
#6770=ORIENTED_EDGE('',*,*,#5447,.T.);
#6771=ORIENTED_EDGE('',*,*,#5448,.T.);
#6772=ORIENTED_EDGE('',*,*,#5449,.T.);
#6773=ORIENTED_EDGE('',*,*,#5450,.T.);
#6774=ORIENTED_EDGE('',*,*,#5451,.T.);
#6775=ORIENTED_EDGE('',*,*,#5452,.T.);
#6776=ORIENTED_EDGE('',*,*,#5453,.T.);
#6777=ORIENTED_EDGE('',*,*,#5454,.T.);
#6778=ORIENTED_EDGE('',*,*,#5455,.T.);
#6779=ORIENTED_EDGE('',*,*,#5456,.T.);
#6780=ORIENTED_EDGE('',*,*,#5457,.T.);
#6781=ORIENTED_EDGE('',*,*,#5458,.T.);
#6782=ORIENTED_EDGE('',*,*,#5459,.T.);
#6783=ORIENTED_EDGE('',*,*,#5460,.T.);
#6784=ORIENTED_EDGE('',*,*,#5461,.T.);
#6785=ORIENTED_EDGE('',*,*,#5462,.T.);
#6786=ORIENTED_EDGE('',*,*,#5463,.T.);
#6787=ORIENTED_EDGE('',*,*,#5464,.T.);
#6788=ORIENTED_EDGE('',*,*,#5465,.T.);
#6789=ORIENTED_EDGE('',*,*,#5466,.T.);
#6790=ORIENTED_EDGE('',*,*,#5467,.T.);
#6791=ORIENTED_EDGE('',*,*,#5468,.T.);
#6792=ORIENTED_EDGE('',*,*,#5469,.T.);
#6793=ORIENTED_EDGE('',*,*,#5470,.T.);
#6794=ORIENTED_EDGE('',*,*,#5471,.T.);
#6795=ORIENTED_EDGE('',*,*,#5472,.T.);
#6796=ORIENTED_EDGE('',*,*,#5473,.T.);
#6797=ORIENTED_EDGE('',*,*,#5474,.T.);
#6798=ORIENTED_EDGE('',*,*,#5475,.T.);
#6799=ORIENTED_EDGE('',*,*,#5476,.T.);
#6800=ORIENTED_EDGE('',*,*,#5477,.T.);
#6801=ORIENTED_EDGE('',*,*,#5478,.T.);
#6802=ORIENTED_EDGE('',*,*,#5479,.T.);
#6803=ORIENTED_EDGE('',*,*,#5480,.T.);
#6804=ORIENTED_EDGE('',*,*,#5481,.T.);
#6805=ORIENTED_EDGE('',*,*,#5482,.T.);
#6806=ORIENTED_EDGE('',*,*,#5483,.T.);
#6807=ORIENTED_EDGE('',*,*,#5484,.T.);
#6808=ORIENTED_EDGE('',*,*,#5485,.T.);
#6809=ORIENTED_EDGE('',*,*,#5486,.T.);
#6810=ORIENTED_EDGE('',*,*,#5487,.T.);
#6811=ORIENTED_EDGE('',*,*,#5488,.T.);
#6812=ORIENTED_EDGE('',*,*,#5489,.T.);
#6813=ORIENTED_EDGE('',*,*,#5490,.T.);
#6814=ORIENTED_EDGE('',*,*,#5491,.T.);
#6815=ORIENTED_EDGE('',*,*,#5492,.T.);
#6816=ORIENTED_EDGE('',*,*,#5493,.T.);
#6817=ORIENTED_EDGE('',*,*,#5494,.T.);
#6818=ORIENTED_EDGE('',*,*,#5495,.T.);
#6819=ORIENTED_EDGE('',*,*,#5496,.T.);
#6820=ORIENTED_EDGE('',*,*,#5497,.T.);
#6821=ORIENTED_EDGE('',*,*,#5498,.T.);
#6822=ORIENTED_EDGE('',*,*,#5499,.T.);
#6823=ORIENTED_EDGE('',*,*,#5500,.T.);
#6824=ORIENTED_EDGE('',*,*,#5501,.T.);
#6825=ORIENTED_EDGE('',*,*,#5502,.T.);
#6826=ORIENTED_EDGE('',*,*,#5503,.T.);
#6827=ORIENTED_EDGE('',*,*,#5504,.T.);
#6828=ORIENTED_EDGE('',*,*,#5505,.T.);
#6829=ORIENTED_EDGE('',*,*,#5506,.T.);
#6830=ORIENTED_EDGE('',*,*,#5507,.T.);
#6831=ORIENTED_EDGE('',*,*,#5508,.T.);
#6832=ORIENTED_EDGE('',*,*,#5509,.T.);
#6833=ORIENTED_EDGE('',*,*,#5510,.T.);
#6834=ORIENTED_EDGE('',*,*,#5511,.T.);
#6835=ORIENTED_EDGE('',*,*,#5512,.T.);
#6836=ORIENTED_EDGE('',*,*,#5513,.T.);
#6837=ORIENTED_EDGE('',*,*,#5514,.T.);
#6838=ORIENTED_EDGE('',*,*,#5515,.T.);
#6839=ORIENTED_EDGE('',*,*,#5516,.T.);
#6840=ORIENTED_EDGE('',*,*,#5517,.T.);
#6841=ORIENTED_EDGE('',*,*,#5518,.T.);
#6842=ORIENTED_EDGE('',*,*,#5519,.T.);
#6843=ORIENTED_EDGE('',*,*,#5520,.T.);
#6844=ORIENTED_EDGE('',*,*,#5521,.T.);
#6845=ORIENTED_EDGE('',*,*,#5522,.T.);
#6846=ORIENTED_EDGE('',*,*,#5523,.T.);
#6847=ORIENTED_EDGE('',*,*,#5524,.T.);
#6848=ORIENTED_EDGE('',*,*,#5525,.T.);
#6849=ORIENTED_EDGE('',*,*,#5526,.T.);
#6850=ORIENTED_EDGE('',*,*,#5527,.T.);
#6851=ORIENTED_EDGE('',*,*,#5528,.T.);
#6852=ORIENTED_EDGE('',*,*,#5529,.T.);
#6853=ORIENTED_EDGE('',*,*,#5530,.T.);
#6854=ORIENTED_EDGE('',*,*,#5531,.T.);
#6855=ORIENTED_EDGE('',*,*,#5532,.T.);
#6856=ORIENTED_EDGE('',*,*,#5533,.T.);
#6857=ORIENTED_EDGE('',*,*,#5534,.T.);
#6858=ORIENTED_EDGE('',*,*,#5535,.T.);
#6859=ORIENTED_EDGE('',*,*,#5536,.T.);
#6860=ORIENTED_EDGE('',*,*,#5537,.T.);
#6861=ORIENTED_EDGE('',*,*,#5538,.T.);
#6862=ORIENTED_EDGE('',*,*,#5539,.T.);
#6863=ORIENTED_EDGE('',*,*,#5540,.T.);
#6864=ORIENTED_EDGE('',*,*,#5541,.T.);
#6865=ORIENTED_EDGE('',*,*,#5542,.T.);
#6866=ORIENTED_EDGE('',*,*,#5543,.T.);
#6867=ORIENTED_EDGE('',*,*,#5544,.T.);
#6868=ORIENTED_EDGE('',*,*,#5545,.T.);
#6869=ORIENTED_EDGE('',*,*,#5546,.T.);
#6870=ORIENTED_EDGE('',*,*,#5547,.T.);
#6871=ORIENTED_EDGE('',*,*,#5548,.T.);
#6872=ORIENTED_EDGE('',*,*,#5549,.T.);
#6873=ORIENTED_EDGE('',*,*,#5550,.T.);
#6874=ORIENTED_EDGE('',*,*,#5551,.T.);
#6875=ORIENTED_EDGE('',*,*,#5552,.T.);
#6876=ORIENTED_EDGE('',*,*,#5553,.T.);
#6877=ORIENTED_EDGE('',*,*,#5554,.T.);
#6878=ORIENTED_EDGE('',*,*,#5555,.T.);
#6879=ORIENTED_EDGE('',*,*,#5556,.T.);
#6880=ORIENTED_EDGE('',*,*,#5557,.T.);
#6881=ORIENTED_EDGE('',*,*,#5558,.T.);
#6882=ORIENTED_EDGE('',*,*,#5559,.T.);
#6883=ORIENTED_EDGE('',*,*,#5560,.T.);
#6884=ORIENTED_EDGE('',*,*,#5561,.T.);
#6885=ORIENTED_EDGE('',*,*,#5562,.T.);
#6886=ORIENTED_EDGE('',*,*,#5563,.T.);
#6887=ORIENTED_EDGE('',*,*,#5564,.T.);
#6888=ORIENTED_EDGE('',*,*,#5565,.T.);
#6889=ORIENTED_EDGE('',*,*,#5566,.T.);
#6890=ORIENTED_EDGE('',*,*,#5567,.T.);
#6891=ORIENTED_EDGE('',*,*,#5568,.T.);
#6892=ORIENTED_EDGE('',*,*,#5569,.T.);
#6893=ORIENTED_EDGE('',*,*,#5570,.T.);
#6894=ORIENTED_EDGE('',*,*,#5571,.T.);
#6895=ORIENTED_EDGE('',*,*,#5572,.T.);
#6896=ORIENTED_EDGE('',*,*,#5573,.T.);
#6897=ORIENTED_EDGE('',*,*,#5574,.T.);
#6898=ORIENTED_EDGE('',*,*,#5575,.T.);
#6899=ORIENTED_EDGE('',*,*,#5576,.T.);
#6900=ORIENTED_EDGE('',*,*,#5577,.T.);
#6901=ORIENTED_EDGE('',*,*,#5578,.T.);
#6902=ORIENTED_EDGE('',*,*,#5579,.T.);
#6903=ORIENTED_EDGE('',*,*,#5580,.T.);
#6904=ORIENTED_EDGE('',*,*,#5581,.T.);
#6905=ORIENTED_EDGE('',*,*,#5582,.T.);
#6906=ORIENTED_EDGE('',*,*,#5583,.T.);
#6907=ORIENTED_EDGE('',*,*,#5584,.T.);
#6908=ORIENTED_EDGE('',*,*,#5585,.T.);
#6909=ORIENTED_EDGE('',*,*,#5586,.T.);
#6910=ORIENTED_EDGE('',*,*,#5587,.T.);
#6911=ORIENTED_EDGE('',*,*,#5588,.T.);
#6912=ORIENTED_EDGE('',*,*,#5589,.T.);
#6913=ORIENTED_EDGE('',*,*,#5590,.T.);
#6914=ORIENTED_EDGE('',*,*,#5591,.T.);
#6915=ORIENTED_EDGE('',*,*,#5592,.T.);
#6916=ORIENTED_EDGE('',*,*,#5593,.T.);
#6917=ORIENTED_EDGE('',*,*,#5594,.T.);
#6918=ORIENTED_EDGE('',*,*,#5595,.T.);
#6919=ORIENTED_EDGE('',*,*,#5596,.T.);
#6920=ORIENTED_EDGE('',*,*,#5597,.T.);
#6921=ORIENTED_EDGE('',*,*,#5598,.T.);
#6922=ORIENTED_EDGE('',*,*,#5599,.T.);
#6923=ORIENTED_EDGE('',*,*,#5600,.T.);
#6924=ORIENTED_EDGE('',*,*,#5601,.T.);
#6925=ORIENTED_EDGE('',*,*,#5602,.T.);
#6926=ORIENTED_EDGE('',*,*,#5603,.T.);
#6927=ORIENTED_EDGE('',*,*,#5604,.T.);
#6928=ORIENTED_EDGE('',*,*,#5605,.T.);
#6929=ORIENTED_EDGE('',*,*,#5606,.T.);
#6930=ORIENTED_EDGE('',*,*,#5177,.T.);
#6931=ORIENTED_EDGE('',*,*,#5187,.T.);
#6932=ORIENTED_EDGE('',*,*,#5607,.T.);
#6933=ORIENTED_EDGE('',*,*,#5607,.F.);
#6934=ORIENTED_EDGE('',*,*,#5186,.F.);
#6935=ORIENTED_EDGE('',*,*,#5149,.F.);
#6936=ORIENTED_EDGE('',*,*,#5153,.T.);
#6937=ORIENTED_EDGE('',*,*,#5608,.T.);
#6938=ORIENTED_EDGE('',*,*,#5609,.T.);
#6939=ORIENTED_EDGE('',*,*,#5610,.T.);
#6940=ORIENTED_EDGE('',*,*,#5182,.T.);
#6941=ORIENTED_EDGE('',*,*,#5611,.T.);
#6942=ORIENTED_EDGE('',*,*,#5611,.F.);
#6943=ORIENTED_EDGE('',*,*,#5181,.F.);
#6944=ORIENTED_EDGE('',*,*,#5612,.F.);
#6945=ORIENTED_EDGE('',*,*,#5613,.F.);
#6946=ORIENTED_EDGE('',*,*,#5180,.T.);
#6947=ORIENTED_EDGE('',*,*,#5614,.T.);
#6948=ORIENTED_EDGE('',*,*,#5615,.T.);
#6949=ORIENTED_EDGE('',*,*,#5612,.T.);
#6950=ORIENTED_EDGE('',*,*,#5175,.F.);
#6951=ORIENTED_EDGE('',*,*,#5616,.F.);
#6952=ORIENTED_EDGE('',*,*,#5614,.F.);
#6953=ORIENTED_EDGE('',*,*,#5179,.T.);
#6954=ORIENTED_EDGE('',*,*,#5174,.F.);
#6955=ORIENTED_EDGE('',*,*,#5178,.F.);
#6956=ORIENTED_EDGE('',*,*,#5606,.F.);
#6957=ORIENTED_EDGE('',*,*,#5608,.F.);
#6958=ORIENTED_EDGE('',*,*,#5155,.T.);
#6959=ORIENTED_EDGE('',*,*,#5156,.F.);
#6960=ORIENTED_EDGE('',*,*,#5161,.T.);
#6961=ORIENTED_EDGE('',*,*,#5617,.T.);
#6962=ORIENTED_EDGE('',*,*,#5618,.T.);
#6963=ORIENTED_EDGE('',*,*,#5171,.F.);
#6964=ORIENTED_EDGE('',*,*,#5163,.F.);
#6965=ORIENTED_EDGE('',*,*,#5619,.F.);
#6966=ORIENTED_EDGE('',*,*,#5609,.F.);
#6967=ORIENTED_EDGE('',*,*,#5613,.T.);
#6968=ORIENTED_EDGE('',*,*,#5615,.F.);
#6969=ORIENTED_EDGE('',*,*,#5616,.T.);
#6970=ORIENTED_EDGE('',*,*,#5620,.T.);
#6971=ORIENTED_EDGE('',*,*,#5621,.T.);
#6972=ORIENTED_EDGE('',*,*,#5622,.T.);
#6973=ORIENTED_EDGE('',*,*,#5623,.T.);
#6974=ORIENTED_EDGE('',*,*,#5624,.T.);
#6975=ORIENTED_EDGE('',*,*,#5625,.T.);
#6976=ORIENTED_EDGE('',*,*,#5626,.T.);
#6977=ORIENTED_EDGE('',*,*,#5627,.T.);
#6978=ORIENTED_EDGE('',*,*,#5628,.T.);
#6979=ORIENTED_EDGE('',*,*,#5629,.T.);
#6980=ORIENTED_EDGE('',*,*,#5630,.T.);
#6981=ORIENTED_EDGE('',*,*,#5631,.T.);
#6982=ORIENTED_EDGE('',*,*,#5632,.T.);
#6983=ORIENTED_EDGE('',*,*,#5633,.T.);
#6984=ORIENTED_EDGE('',*,*,#5634,.T.);
#6985=ORIENTED_EDGE('',*,*,#5635,.T.);
#6986=ORIENTED_EDGE('',*,*,#5636,.T.);
#6987=ORIENTED_EDGE('',*,*,#5637,.T.);
#6988=ORIENTED_EDGE('',*,*,#5638,.T.);
#6989=ORIENTED_EDGE('',*,*,#5639,.T.);
#6990=ORIENTED_EDGE('',*,*,#5640,.T.);
#6991=ORIENTED_EDGE('',*,*,#5641,.T.);
#6992=ORIENTED_EDGE('',*,*,#5642,.T.);
#6993=ORIENTED_EDGE('',*,*,#5643,.T.);
#6994=ORIENTED_EDGE('',*,*,#5644,.T.);
#6995=ORIENTED_EDGE('',*,*,#5645,.T.);
#6996=ORIENTED_EDGE('',*,*,#5646,.T.);
#6997=ORIENTED_EDGE('',*,*,#5647,.T.);
#6998=ORIENTED_EDGE('',*,*,#5648,.T.);
#6999=ORIENTED_EDGE('',*,*,#5649,.T.);
#7000=ORIENTED_EDGE('',*,*,#5650,.T.);
#7001=ORIENTED_EDGE('',*,*,#5651,.T.);
#7002=ORIENTED_EDGE('',*,*,#5652,.T.);
#7003=ORIENTED_EDGE('',*,*,#5653,.T.);
#7004=ORIENTED_EDGE('',*,*,#5654,.T.);
#7005=ORIENTED_EDGE('',*,*,#5655,.T.);
#7006=ORIENTED_EDGE('',*,*,#5656,.T.);
#7007=ORIENTED_EDGE('',*,*,#5657,.T.);
#7008=ORIENTED_EDGE('',*,*,#5658,.T.);
#7009=ORIENTED_EDGE('',*,*,#5659,.T.);
#7010=ORIENTED_EDGE('',*,*,#5660,.T.);
#7011=ORIENTED_EDGE('',*,*,#5661,.T.);
#7012=ORIENTED_EDGE('',*,*,#5662,.T.);
#7013=ORIENTED_EDGE('',*,*,#5663,.T.);
#7014=ORIENTED_EDGE('',*,*,#5664,.T.);
#7015=ORIENTED_EDGE('',*,*,#5665,.T.);
#7016=ORIENTED_EDGE('',*,*,#5666,.T.);
#7017=ORIENTED_EDGE('',*,*,#5667,.T.);
#7018=ORIENTED_EDGE('',*,*,#5668,.T.);
#7019=ORIENTED_EDGE('',*,*,#5669,.T.);
#7020=ORIENTED_EDGE('',*,*,#5670,.T.);
#7021=ORIENTED_EDGE('',*,*,#5671,.T.);
#7022=ORIENTED_EDGE('',*,*,#5672,.T.);
#7023=ORIENTED_EDGE('',*,*,#5673,.T.);
#7024=ORIENTED_EDGE('',*,*,#5674,.T.);
#7025=ORIENTED_EDGE('',*,*,#5675,.T.);
#7026=ORIENTED_EDGE('',*,*,#5676,.T.);
#7027=ORIENTED_EDGE('',*,*,#5677,.T.);
#7028=ORIENTED_EDGE('',*,*,#5678,.T.);
#7029=ORIENTED_EDGE('',*,*,#5679,.T.);
#7030=ORIENTED_EDGE('',*,*,#5680,.T.);
#7031=ORIENTED_EDGE('',*,*,#5681,.T.);
#7032=ORIENTED_EDGE('',*,*,#5682,.T.);
#7033=ORIENTED_EDGE('',*,*,#5683,.T.);
#7034=ORIENTED_EDGE('',*,*,#5684,.T.);
#7035=ORIENTED_EDGE('',*,*,#5685,.T.);
#7036=ORIENTED_EDGE('',*,*,#5686,.T.);
#7037=ORIENTED_EDGE('',*,*,#5687,.T.);
#7038=ORIENTED_EDGE('',*,*,#5688,.T.);
#7039=ORIENTED_EDGE('',*,*,#5689,.T.);
#7040=ORIENTED_EDGE('',*,*,#5690,.T.);
#7041=ORIENTED_EDGE('',*,*,#5691,.T.);
#7042=ORIENTED_EDGE('',*,*,#5692,.T.);
#7043=ORIENTED_EDGE('',*,*,#5693,.T.);
#7044=ORIENTED_EDGE('',*,*,#5694,.T.);
#7045=ORIENTED_EDGE('',*,*,#5695,.T.);
#7046=ORIENTED_EDGE('',*,*,#5696,.T.);
#7047=ORIENTED_EDGE('',*,*,#5697,.T.);
#7048=ORIENTED_EDGE('',*,*,#5698,.T.);
#7049=ORIENTED_EDGE('',*,*,#5699,.T.);
#7050=ORIENTED_EDGE('',*,*,#5700,.T.);
#7051=ORIENTED_EDGE('',*,*,#5701,.T.);
#7052=ORIENTED_EDGE('',*,*,#5702,.T.);
#7053=ORIENTED_EDGE('',*,*,#5703,.T.);
#7054=ORIENTED_EDGE('',*,*,#5704,.T.);
#7055=ORIENTED_EDGE('',*,*,#5705,.T.);
#7056=ORIENTED_EDGE('',*,*,#5706,.T.);
#7057=ORIENTED_EDGE('',*,*,#5707,.T.);
#7058=ORIENTED_EDGE('',*,*,#5708,.T.);
#7059=ORIENTED_EDGE('',*,*,#5709,.T.);
#7060=ORIENTED_EDGE('',*,*,#5710,.T.);
#7061=ORIENTED_EDGE('',*,*,#5711,.T.);
#7062=ORIENTED_EDGE('',*,*,#5712,.T.);
#7063=ORIENTED_EDGE('',*,*,#5713,.T.);
#7064=ORIENTED_EDGE('',*,*,#5714,.T.);
#7065=ORIENTED_EDGE('',*,*,#5715,.T.);
#7066=ORIENTED_EDGE('',*,*,#5716,.T.);
#7067=ORIENTED_EDGE('',*,*,#5717,.T.);
#7068=ORIENTED_EDGE('',*,*,#5718,.T.);
#7069=ORIENTED_EDGE('',*,*,#5719,.T.);
#7070=ORIENTED_EDGE('',*,*,#5720,.T.);
#7071=ORIENTED_EDGE('',*,*,#5721,.T.);
#7072=ORIENTED_EDGE('',*,*,#5722,.T.);
#7073=ORIENTED_EDGE('',*,*,#5723,.T.);
#7074=ORIENTED_EDGE('',*,*,#5724,.T.);
#7075=ORIENTED_EDGE('',*,*,#5725,.T.);
#7076=ORIENTED_EDGE('',*,*,#5726,.T.);
#7077=ORIENTED_EDGE('',*,*,#5727,.T.);
#7078=ORIENTED_EDGE('',*,*,#5728,.T.);
#7079=ORIENTED_EDGE('',*,*,#5729,.T.);
#7080=ORIENTED_EDGE('',*,*,#5730,.T.);
#7081=ORIENTED_EDGE('',*,*,#5731,.T.);
#7082=ORIENTED_EDGE('',*,*,#5732,.T.);
#7083=ORIENTED_EDGE('',*,*,#5733,.T.);
#7084=ORIENTED_EDGE('',*,*,#5734,.T.);
#7085=ORIENTED_EDGE('',*,*,#5735,.T.);
#7086=ORIENTED_EDGE('',*,*,#5736,.T.);
#7087=ORIENTED_EDGE('',*,*,#5737,.T.);
#7088=ORIENTED_EDGE('',*,*,#5738,.T.);
#7089=ORIENTED_EDGE('',*,*,#5739,.T.);
#7090=ORIENTED_EDGE('',*,*,#5740,.T.);
#7091=ORIENTED_EDGE('',*,*,#5741,.T.);
#7092=ORIENTED_EDGE('',*,*,#5742,.T.);
#7093=ORIENTED_EDGE('',*,*,#5743,.T.);
#7094=ORIENTED_EDGE('',*,*,#5744,.T.);
#7095=ORIENTED_EDGE('',*,*,#5745,.T.);
#7096=ORIENTED_EDGE('',*,*,#5746,.T.);
#7097=ORIENTED_EDGE('',*,*,#5747,.T.);
#7098=ORIENTED_EDGE('',*,*,#5748,.T.);
#7099=ORIENTED_EDGE('',*,*,#5749,.T.);
#7100=ORIENTED_EDGE('',*,*,#5750,.T.);
#7101=ORIENTED_EDGE('',*,*,#5751,.T.);
#7102=ORIENTED_EDGE('',*,*,#5752,.T.);
#7103=ORIENTED_EDGE('',*,*,#5753,.T.);
#7104=ORIENTED_EDGE('',*,*,#5754,.T.);
#7105=ORIENTED_EDGE('',*,*,#5755,.T.);
#7106=ORIENTED_EDGE('',*,*,#5756,.T.);
#7107=ORIENTED_EDGE('',*,*,#5757,.T.);
#7108=ORIENTED_EDGE('',*,*,#5758,.T.);
#7109=ORIENTED_EDGE('',*,*,#5759,.T.);
#7110=ORIENTED_EDGE('',*,*,#5760,.T.);
#7111=ORIENTED_EDGE('',*,*,#5761,.T.);
#7112=ORIENTED_EDGE('',*,*,#5762,.T.);
#7113=ORIENTED_EDGE('',*,*,#5763,.T.);
#7114=ORIENTED_EDGE('',*,*,#5764,.T.);
#7115=ORIENTED_EDGE('',*,*,#5765,.T.);
#7116=ORIENTED_EDGE('',*,*,#5766,.T.);
#7117=ORIENTED_EDGE('',*,*,#5767,.T.);
#7118=ORIENTED_EDGE('',*,*,#5768,.T.);
#7119=ORIENTED_EDGE('',*,*,#5769,.T.);
#7120=ORIENTED_EDGE('',*,*,#5770,.T.);
#7121=ORIENTED_EDGE('',*,*,#5771,.T.);
#7122=ORIENTED_EDGE('',*,*,#5772,.T.);
#7123=ORIENTED_EDGE('',*,*,#5773,.T.);
#7124=ORIENTED_EDGE('',*,*,#5774,.T.);
#7125=ORIENTED_EDGE('',*,*,#5775,.T.);
#7126=ORIENTED_EDGE('',*,*,#5776,.T.);
#7127=ORIENTED_EDGE('',*,*,#5777,.T.);
#7128=ORIENTED_EDGE('',*,*,#5778,.T.);
#7129=ORIENTED_EDGE('',*,*,#5779,.T.);
#7130=ORIENTED_EDGE('',*,*,#5780,.T.);
#7131=ORIENTED_EDGE('',*,*,#5781,.T.);
#7132=ORIENTED_EDGE('',*,*,#5782,.T.);
#7133=ORIENTED_EDGE('',*,*,#5783,.T.);
#7134=ORIENTED_EDGE('',*,*,#5784,.T.);
#7135=ORIENTED_EDGE('',*,*,#5785,.T.);
#7136=ORIENTED_EDGE('',*,*,#5786,.T.);
#7137=ORIENTED_EDGE('',*,*,#5787,.T.);
#7138=ORIENTED_EDGE('',*,*,#5788,.T.);
#7139=ORIENTED_EDGE('',*,*,#5789,.T.);
#7140=ORIENTED_EDGE('',*,*,#5790,.T.);
#7141=ORIENTED_EDGE('',*,*,#5791,.T.);
#7142=ORIENTED_EDGE('',*,*,#5792,.T.);
#7143=ORIENTED_EDGE('',*,*,#5793,.T.);
#7144=ORIENTED_EDGE('',*,*,#5794,.T.);
#7145=ORIENTED_EDGE('',*,*,#5795,.T.);
#7146=ORIENTED_EDGE('',*,*,#5796,.T.);
#7147=ORIENTED_EDGE('',*,*,#5797,.T.);
#7148=ORIENTED_EDGE('',*,*,#5798,.T.);
#7149=ORIENTED_EDGE('',*,*,#5799,.T.);
#7150=ORIENTED_EDGE('',*,*,#5800,.T.);
#7151=ORIENTED_EDGE('',*,*,#5801,.T.);
#7152=ORIENTED_EDGE('',*,*,#5802,.T.);
#7153=ORIENTED_EDGE('',*,*,#5803,.T.);
#7154=ORIENTED_EDGE('',*,*,#5804,.T.);
#7155=ORIENTED_EDGE('',*,*,#5805,.T.);
#7156=ORIENTED_EDGE('',*,*,#5806,.T.);
#7157=ORIENTED_EDGE('',*,*,#5807,.T.);
#7158=ORIENTED_EDGE('',*,*,#5808,.T.);
#7159=ORIENTED_EDGE('',*,*,#5809,.T.);
#7160=ORIENTED_EDGE('',*,*,#5810,.T.);
#7161=ORIENTED_EDGE('',*,*,#5811,.T.);
#7162=ORIENTED_EDGE('',*,*,#5812,.T.);
#7163=ORIENTED_EDGE('',*,*,#5813,.T.);
#7164=ORIENTED_EDGE('',*,*,#5814,.T.);
#7165=ORIENTED_EDGE('',*,*,#5815,.T.);
#7166=ORIENTED_EDGE('',*,*,#5816,.T.);
#7167=ORIENTED_EDGE('',*,*,#5817,.T.);
#7168=ORIENTED_EDGE('',*,*,#5818,.T.);
#7169=ORIENTED_EDGE('',*,*,#5819,.T.);
#7170=ORIENTED_EDGE('',*,*,#5820,.T.);
#7171=ORIENTED_EDGE('',*,*,#5821,.T.);
#7172=ORIENTED_EDGE('',*,*,#5822,.T.);
#7173=ORIENTED_EDGE('',*,*,#5823,.T.);
#7174=ORIENTED_EDGE('',*,*,#5824,.T.);
#7175=ORIENTED_EDGE('',*,*,#5825,.T.);
#7176=ORIENTED_EDGE('',*,*,#5826,.T.);
#7177=ORIENTED_EDGE('',*,*,#5827,.T.);
#7178=ORIENTED_EDGE('',*,*,#5828,.T.);
#7179=ORIENTED_EDGE('',*,*,#5829,.T.);
#7180=ORIENTED_EDGE('',*,*,#5830,.T.);
#7181=ORIENTED_EDGE('',*,*,#5831,.T.);
#7182=ORIENTED_EDGE('',*,*,#5832,.T.);
#7183=ORIENTED_EDGE('',*,*,#5833,.T.);
#7184=ORIENTED_EDGE('',*,*,#5834,.T.);
#7185=ORIENTED_EDGE('',*,*,#5835,.T.);
#7186=ORIENTED_EDGE('',*,*,#5836,.T.);
#7187=ORIENTED_EDGE('',*,*,#5837,.T.);
#7188=ORIENTED_EDGE('',*,*,#5838,.T.);
#7189=ORIENTED_EDGE('',*,*,#5839,.T.);
#7190=ORIENTED_EDGE('',*,*,#5840,.T.);
#7191=ORIENTED_EDGE('',*,*,#5841,.T.);
#7192=ORIENTED_EDGE('',*,*,#5842,.T.);
#7193=ORIENTED_EDGE('',*,*,#5843,.T.);
#7194=ORIENTED_EDGE('',*,*,#5844,.T.);
#7195=ORIENTED_EDGE('',*,*,#5845,.T.);
#7196=ORIENTED_EDGE('',*,*,#5846,.T.);
#7197=ORIENTED_EDGE('',*,*,#5847,.T.);
#7198=ORIENTED_EDGE('',*,*,#5848,.T.);
#7199=ORIENTED_EDGE('',*,*,#5849,.T.);
#7200=ORIENTED_EDGE('',*,*,#5850,.T.);
#7201=ORIENTED_EDGE('',*,*,#5851,.T.);
#7202=ORIENTED_EDGE('',*,*,#5852,.T.);
#7203=ORIENTED_EDGE('',*,*,#5853,.T.);
#7204=ORIENTED_EDGE('',*,*,#5854,.T.);
#7205=ORIENTED_EDGE('',*,*,#5855,.T.);
#7206=ORIENTED_EDGE('',*,*,#5856,.T.);
#7207=ORIENTED_EDGE('',*,*,#5857,.T.);
#7208=ORIENTED_EDGE('',*,*,#5858,.T.);
#7209=ORIENTED_EDGE('',*,*,#5859,.T.);
#7210=ORIENTED_EDGE('',*,*,#5860,.T.);
#7211=ORIENTED_EDGE('',*,*,#5861,.T.);
#7212=ORIENTED_EDGE('',*,*,#5862,.T.);
#7213=ORIENTED_EDGE('',*,*,#5863,.T.);
#7214=ORIENTED_EDGE('',*,*,#5864,.T.);
#7215=ORIENTED_EDGE('',*,*,#5865,.T.);
#7216=ORIENTED_EDGE('',*,*,#5866,.T.);
#7217=ORIENTED_EDGE('',*,*,#5867,.T.);
#7218=ORIENTED_EDGE('',*,*,#5868,.T.);
#7219=ORIENTED_EDGE('',*,*,#5869,.T.);
#7220=ORIENTED_EDGE('',*,*,#5870,.T.);
#7221=ORIENTED_EDGE('',*,*,#5871,.T.);
#7222=ORIENTED_EDGE('',*,*,#5872,.T.);
#7223=ORIENTED_EDGE('',*,*,#5873,.T.);
#7224=ORIENTED_EDGE('',*,*,#5874,.T.);
#7225=ORIENTED_EDGE('',*,*,#5875,.T.);
#7226=ORIENTED_EDGE('',*,*,#5876,.T.);
#7227=ORIENTED_EDGE('',*,*,#5877,.T.);
#7228=ORIENTED_EDGE('',*,*,#5878,.T.);
#7229=ORIENTED_EDGE('',*,*,#5879,.T.);
#7230=ORIENTED_EDGE('',*,*,#5880,.T.);
#7231=ORIENTED_EDGE('',*,*,#5881,.T.);
#7232=ORIENTED_EDGE('',*,*,#5882,.T.);
#7233=ORIENTED_EDGE('',*,*,#5883,.T.);
#7234=ORIENTED_EDGE('',*,*,#5884,.T.);
#7235=ORIENTED_EDGE('',*,*,#5885,.T.);
#7236=ORIENTED_EDGE('',*,*,#5886,.T.);
#7237=ORIENTED_EDGE('',*,*,#5887,.T.);
#7238=ORIENTED_EDGE('',*,*,#5888,.T.);
#7239=ORIENTED_EDGE('',*,*,#5889,.T.);
#7240=ORIENTED_EDGE('',*,*,#5890,.T.);
#7241=ORIENTED_EDGE('',*,*,#5891,.T.);
#7242=ORIENTED_EDGE('',*,*,#5892,.T.);
#7243=ORIENTED_EDGE('',*,*,#5893,.T.);
#7244=ORIENTED_EDGE('',*,*,#5894,.T.);
#7245=ORIENTED_EDGE('',*,*,#5895,.T.);
#7246=ORIENTED_EDGE('',*,*,#5896,.T.);
#7247=ORIENTED_EDGE('',*,*,#5897,.T.);
#7248=ORIENTED_EDGE('',*,*,#5898,.T.);
#7249=ORIENTED_EDGE('',*,*,#5899,.T.);
#7250=ORIENTED_EDGE('',*,*,#5900,.T.);
#7251=ORIENTED_EDGE('',*,*,#5901,.T.);
#7252=ORIENTED_EDGE('',*,*,#5902,.T.);
#7253=ORIENTED_EDGE('',*,*,#5903,.T.);
#7254=ORIENTED_EDGE('',*,*,#5904,.T.);
#7255=ORIENTED_EDGE('',*,*,#5905,.T.);
#7256=ORIENTED_EDGE('',*,*,#5906,.T.);
#7257=ORIENTED_EDGE('',*,*,#5907,.T.);
#7258=ORIENTED_EDGE('',*,*,#5908,.T.);
#7259=ORIENTED_EDGE('',*,*,#5909,.T.);
#7260=ORIENTED_EDGE('',*,*,#5910,.T.);
#7261=ORIENTED_EDGE('',*,*,#5911,.T.);
#7262=ORIENTED_EDGE('',*,*,#5912,.T.);
#7263=ORIENTED_EDGE('',*,*,#5913,.T.);
#7264=ORIENTED_EDGE('',*,*,#5914,.T.);
#7265=ORIENTED_EDGE('',*,*,#5915,.T.);
#7266=ORIENTED_EDGE('',*,*,#5916,.T.);
#7267=ORIENTED_EDGE('',*,*,#5917,.T.);
#7268=ORIENTED_EDGE('',*,*,#5918,.T.);
#7269=ORIENTED_EDGE('',*,*,#5919,.T.);
#7270=ORIENTED_EDGE('',*,*,#5920,.T.);
#7271=ORIENTED_EDGE('',*,*,#5921,.T.);
#7272=ORIENTED_EDGE('',*,*,#5922,.T.);
#7273=ORIENTED_EDGE('',*,*,#5923,.T.);
#7274=ORIENTED_EDGE('',*,*,#5924,.T.);
#7275=ORIENTED_EDGE('',*,*,#5925,.T.);
#7276=ORIENTED_EDGE('',*,*,#5926,.T.);
#7277=ORIENTED_EDGE('',*,*,#5927,.T.);
#7278=ORIENTED_EDGE('',*,*,#5928,.T.);
#7279=ORIENTED_EDGE('',*,*,#5929,.T.);
#7280=ORIENTED_EDGE('',*,*,#5930,.T.);
#7281=ORIENTED_EDGE('',*,*,#5931,.T.);
#7282=ORIENTED_EDGE('',*,*,#5932,.T.);
#7283=ORIENTED_EDGE('',*,*,#5933,.T.);
#7284=ORIENTED_EDGE('',*,*,#5934,.T.);
#7285=ORIENTED_EDGE('',*,*,#5935,.T.);
#7286=ORIENTED_EDGE('',*,*,#5936,.T.);
#7287=ORIENTED_EDGE('',*,*,#5937,.T.);
#7288=ORIENTED_EDGE('',*,*,#5938,.T.);
#7289=ORIENTED_EDGE('',*,*,#5939,.T.);
#7290=ORIENTED_EDGE('',*,*,#5940,.T.);
#7291=ORIENTED_EDGE('',*,*,#5941,.T.);
#7292=ORIENTED_EDGE('',*,*,#5942,.T.);
#7293=ORIENTED_EDGE('',*,*,#5943,.T.);
#7294=ORIENTED_EDGE('',*,*,#5944,.T.);
#7295=ORIENTED_EDGE('',*,*,#5945,.T.);
#7296=ORIENTED_EDGE('',*,*,#5946,.T.);
#7297=ORIENTED_EDGE('',*,*,#5947,.T.);
#7298=ORIENTED_EDGE('',*,*,#5948,.T.);
#7299=ORIENTED_EDGE('',*,*,#5949,.T.);
#7300=ORIENTED_EDGE('',*,*,#5950,.T.);
#7301=ORIENTED_EDGE('',*,*,#5951,.T.);
#7302=ORIENTED_EDGE('',*,*,#5952,.T.);
#7303=ORIENTED_EDGE('',*,*,#5953,.T.);
#7304=ORIENTED_EDGE('',*,*,#5954,.T.);
#7305=ORIENTED_EDGE('',*,*,#5955,.T.);
#7306=ORIENTED_EDGE('',*,*,#5956,.T.);
#7307=ORIENTED_EDGE('',*,*,#5957,.T.);
#7308=ORIENTED_EDGE('',*,*,#5958,.T.);
#7309=ORIENTED_EDGE('',*,*,#5959,.T.);
#7310=ORIENTED_EDGE('',*,*,#5960,.T.);
#7311=ORIENTED_EDGE('',*,*,#5961,.T.);
#7312=ORIENTED_EDGE('',*,*,#5962,.T.);
#7313=ORIENTED_EDGE('',*,*,#5963,.T.);
#7314=ORIENTED_EDGE('',*,*,#5964,.T.);
#7315=ORIENTED_EDGE('',*,*,#5965,.T.);
#7316=ORIENTED_EDGE('',*,*,#5966,.T.);
#7317=ORIENTED_EDGE('',*,*,#5967,.T.);
#7318=ORIENTED_EDGE('',*,*,#5968,.T.);
#7319=ORIENTED_EDGE('',*,*,#5969,.T.);
#7320=ORIENTED_EDGE('',*,*,#5970,.T.);
#7321=ORIENTED_EDGE('',*,*,#5971,.T.);
#7322=ORIENTED_EDGE('',*,*,#5972,.T.);
#7323=ORIENTED_EDGE('',*,*,#5973,.T.);
#7324=ORIENTED_EDGE('',*,*,#5974,.T.);
#7325=ORIENTED_EDGE('',*,*,#5975,.T.);
#7326=ORIENTED_EDGE('',*,*,#5976,.T.);
#7327=ORIENTED_EDGE('',*,*,#5977,.T.);
#7328=ORIENTED_EDGE('',*,*,#5978,.T.);
#7329=ORIENTED_EDGE('',*,*,#5979,.T.);
#7330=ORIENTED_EDGE('',*,*,#5980,.T.);
#7331=ORIENTED_EDGE('',*,*,#5981,.T.);
#7332=ORIENTED_EDGE('',*,*,#5982,.T.);
#7333=ORIENTED_EDGE('',*,*,#5983,.T.);
#7334=ORIENTED_EDGE('',*,*,#5984,.T.);
#7335=ORIENTED_EDGE('',*,*,#5985,.T.);
#7336=ORIENTED_EDGE('',*,*,#5986,.T.);
#7337=ORIENTED_EDGE('',*,*,#5987,.T.);
#7338=ORIENTED_EDGE('',*,*,#5988,.T.);
#7339=ORIENTED_EDGE('',*,*,#5989,.T.);
#7340=ORIENTED_EDGE('',*,*,#5990,.T.);
#7341=ORIENTED_EDGE('',*,*,#5991,.T.);
#7342=ORIENTED_EDGE('',*,*,#5992,.T.);
#7343=ORIENTED_EDGE('',*,*,#5993,.T.);
#7344=ORIENTED_EDGE('',*,*,#5994,.T.);
#7345=ORIENTED_EDGE('',*,*,#5995,.T.);
#7346=ORIENTED_EDGE('',*,*,#5996,.T.);
#7347=ORIENTED_EDGE('',*,*,#5997,.T.);
#7348=ORIENTED_EDGE('',*,*,#5998,.T.);
#7349=ORIENTED_EDGE('',*,*,#5999,.T.);
#7350=ORIENTED_EDGE('',*,*,#6000,.T.);
#7351=ORIENTED_EDGE('',*,*,#6001,.T.);
#7352=ORIENTED_EDGE('',*,*,#6002,.T.);
#7353=ORIENTED_EDGE('',*,*,#6003,.T.);
#7354=ORIENTED_EDGE('',*,*,#6004,.T.);
#7355=ORIENTED_EDGE('',*,*,#6005,.T.);
#7356=ORIENTED_EDGE('',*,*,#6006,.T.);
#7357=ORIENTED_EDGE('',*,*,#6007,.T.);
#7358=ORIENTED_EDGE('',*,*,#6008,.T.);
#7359=ORIENTED_EDGE('',*,*,#6009,.T.);
#7360=ORIENTED_EDGE('',*,*,#6010,.T.);
#7361=ORIENTED_EDGE('',*,*,#6011,.T.);
#7362=ORIENTED_EDGE('',*,*,#6012,.T.);
#7363=ORIENTED_EDGE('',*,*,#6013,.T.);
#7364=ORIENTED_EDGE('',*,*,#6014,.T.);
#7365=ORIENTED_EDGE('',*,*,#6015,.T.);
#7366=ORIENTED_EDGE('',*,*,#6016,.T.);
#7367=ORIENTED_EDGE('',*,*,#6017,.T.);
#7368=ORIENTED_EDGE('',*,*,#6018,.T.);
#7369=ORIENTED_EDGE('',*,*,#6019,.T.);
#7370=ORIENTED_EDGE('',*,*,#6020,.T.);
#7371=ORIENTED_EDGE('',*,*,#6021,.T.);
#7372=ORIENTED_EDGE('',*,*,#6022,.T.);
#7373=ORIENTED_EDGE('',*,*,#6023,.T.);
#7374=ORIENTED_EDGE('',*,*,#6024,.T.);
#7375=ORIENTED_EDGE('',*,*,#6025,.T.);
#7376=ORIENTED_EDGE('',*,*,#6026,.T.);
#7377=ORIENTED_EDGE('',*,*,#6027,.T.);
#7378=ORIENTED_EDGE('',*,*,#6028,.T.);
#7379=ORIENTED_EDGE('',*,*,#6029,.T.);
#7380=ORIENTED_EDGE('',*,*,#6030,.T.);
#7381=ORIENTED_EDGE('',*,*,#6031,.T.);
#7382=ORIENTED_EDGE('',*,*,#6032,.T.);
#7383=ORIENTED_EDGE('',*,*,#6033,.T.);
#7384=ORIENTED_EDGE('',*,*,#6034,.T.);
#7385=ORIENTED_EDGE('',*,*,#6035,.T.);
#7386=ORIENTED_EDGE('',*,*,#6036,.T.);
#7387=ORIENTED_EDGE('',*,*,#6037,.T.);
#7388=ORIENTED_EDGE('',*,*,#5610,.F.);
#7389=ORIENTED_EDGE('',*,*,#5619,.T.);
#7390=ORIENTED_EDGE('',*,*,#5162,.T.);
#7391=ORIENTED_EDGE('',*,*,#5166,.F.);
#7392=ORIENTED_EDGE('',*,*,#5183,.T.);
#7393=ORIENTED_EDGE('',*,*,#5188,.F.);
#7394=ORIENTED_EDGE('',*,*,#6038,.T.);
#7395=ORIENTED_EDGE('',*,*,#5620,.F.);
#7396=ORIENTED_EDGE('',*,*,#6038,.F.);
#7397=ORIENTED_EDGE('',*,*,#5189,.F.);
#7398=ORIENTED_EDGE('',*,*,#6039,.T.);
#7399=ORIENTED_EDGE('',*,*,#5621,.F.);
#7400=ORIENTED_EDGE('',*,*,#6039,.F.);
#7401=ORIENTED_EDGE('',*,*,#5190,.F.);
#7402=ORIENTED_EDGE('',*,*,#6040,.T.);
#7403=ORIENTED_EDGE('',*,*,#5622,.F.);
#7404=ORIENTED_EDGE('',*,*,#6040,.F.);
#7405=ORIENTED_EDGE('',*,*,#5605,.F.);
#7406=ORIENTED_EDGE('',*,*,#6041,.T.);
#7407=ORIENTED_EDGE('',*,*,#6037,.F.);
#7408=ORIENTED_EDGE('',*,*,#6041,.F.);
#7409=ORIENTED_EDGE('',*,*,#5604,.F.);
#7410=ORIENTED_EDGE('',*,*,#6042,.T.);
#7411=ORIENTED_EDGE('',*,*,#6036,.F.);
#7412=ORIENTED_EDGE('',*,*,#6042,.F.);
#7413=ORIENTED_EDGE('',*,*,#5191,.F.);
#7414=ORIENTED_EDGE('',*,*,#6043,.T.);
#7415=ORIENTED_EDGE('',*,*,#5623,.F.);
#7416=ORIENTED_EDGE('',*,*,#6043,.F.);
#7417=ORIENTED_EDGE('',*,*,#5169,.T.);
#7418=ORIENTED_EDGE('',*,*,#5618,.F.);
#7419=ORIENTED_EDGE('',*,*,#6044,.T.);
#7420=ORIENTED_EDGE('',*,*,#5184,.F.);
#7421=ORIENTED_EDGE('',*,*,#5185,.F.);
#7422=ORIENTED_EDGE('',*,*,#6044,.F.);
#7423=ORIENTED_EDGE('',*,*,#5617,.F.);
#7424=ORIENTED_EDGE('',*,*,#5160,.T.);
#7425=ORIENTED_EDGE('',*,*,#6000,.F.);
#7426=ORIENTED_EDGE('',*,*,#6045,.T.);
#7427=ORIENTED_EDGE('',*,*,#5596,.F.);
#7428=ORIENTED_EDGE('',*,*,#6046,.F.);
#7429=ORIENTED_EDGE('',*,*,#6001,.F.);
#7430=ORIENTED_EDGE('',*,*,#6046,.T.);
#7431=ORIENTED_EDGE('',*,*,#5595,.F.);
#7432=ORIENTED_EDGE('',*,*,#6047,.F.);
#7433=ORIENTED_EDGE('',*,*,#6002,.F.);
#7434=ORIENTED_EDGE('',*,*,#6047,.T.);
#7435=ORIENTED_EDGE('',*,*,#5594,.F.);
#7436=ORIENTED_EDGE('',*,*,#6048,.F.);
#7437=ORIENTED_EDGE('',*,*,#6003,.F.);
#7438=ORIENTED_EDGE('',*,*,#6048,.T.);
#7439=ORIENTED_EDGE('',*,*,#5593,.F.);
#7440=ORIENTED_EDGE('',*,*,#6049,.F.);
#7441=ORIENTED_EDGE('',*,*,#6004,.F.);
#7442=ORIENTED_EDGE('',*,*,#6049,.T.);
#7443=ORIENTED_EDGE('',*,*,#5592,.F.);
#7444=ORIENTED_EDGE('',*,*,#6050,.F.);
#7445=ORIENTED_EDGE('',*,*,#6005,.F.);
#7446=ORIENTED_EDGE('',*,*,#6050,.T.);
#7447=ORIENTED_EDGE('',*,*,#5591,.F.);
#7448=ORIENTED_EDGE('',*,*,#6051,.F.);
#7449=ORIENTED_EDGE('',*,*,#6006,.F.);
#7450=ORIENTED_EDGE('',*,*,#6051,.T.);
#7451=ORIENTED_EDGE('',*,*,#5590,.F.);
#7452=ORIENTED_EDGE('',*,*,#6052,.F.);
#7453=ORIENTED_EDGE('',*,*,#6007,.F.);
#7454=ORIENTED_EDGE('',*,*,#6052,.T.);
#7455=ORIENTED_EDGE('',*,*,#5589,.F.);
#7456=ORIENTED_EDGE('',*,*,#6053,.F.);
#7457=ORIENTED_EDGE('',*,*,#6008,.F.);
#7458=ORIENTED_EDGE('',*,*,#6053,.T.);
#7459=ORIENTED_EDGE('',*,*,#5588,.F.);
#7460=ORIENTED_EDGE('',*,*,#6054,.F.);
#7461=ORIENTED_EDGE('',*,*,#6009,.F.);
#7462=ORIENTED_EDGE('',*,*,#6054,.T.);
#7463=ORIENTED_EDGE('',*,*,#5587,.F.);
#7464=ORIENTED_EDGE('',*,*,#6055,.F.);
#7465=ORIENTED_EDGE('',*,*,#6025,.F.);
#7466=ORIENTED_EDGE('',*,*,#6056,.T.);
#7467=ORIENTED_EDGE('',*,*,#5571,.F.);
#7468=ORIENTED_EDGE('',*,*,#6057,.F.);
#7469=ORIENTED_EDGE('',*,*,#6026,.F.);
#7470=ORIENTED_EDGE('',*,*,#6057,.T.);
#7471=ORIENTED_EDGE('',*,*,#5570,.F.);
#7472=ORIENTED_EDGE('',*,*,#6058,.F.);
#7473=ORIENTED_EDGE('',*,*,#6027,.F.);
#7474=ORIENTED_EDGE('',*,*,#6058,.T.);
#7475=ORIENTED_EDGE('',*,*,#5569,.F.);
#7476=ORIENTED_EDGE('',*,*,#6059,.F.);
#7477=ORIENTED_EDGE('',*,*,#6028,.F.);
#7478=ORIENTED_EDGE('',*,*,#6059,.T.);
#7479=ORIENTED_EDGE('',*,*,#5568,.F.);
#7480=ORIENTED_EDGE('',*,*,#6060,.F.);
#7481=ORIENTED_EDGE('',*,*,#6029,.F.);
#7482=ORIENTED_EDGE('',*,*,#6060,.T.);
#7483=ORIENTED_EDGE('',*,*,#5567,.F.);
#7484=ORIENTED_EDGE('',*,*,#6061,.F.);
#7485=ORIENTED_EDGE('',*,*,#6030,.F.);
#7486=ORIENTED_EDGE('',*,*,#6061,.T.);
#7487=ORIENTED_EDGE('',*,*,#5566,.F.);
#7488=ORIENTED_EDGE('',*,*,#6062,.F.);
#7489=ORIENTED_EDGE('',*,*,#6031,.F.);
#7490=ORIENTED_EDGE('',*,*,#6062,.T.);
#7491=ORIENTED_EDGE('',*,*,#5565,.F.);
#7492=ORIENTED_EDGE('',*,*,#6063,.F.);
#7493=ORIENTED_EDGE('',*,*,#6032,.F.);
#7494=ORIENTED_EDGE('',*,*,#6063,.T.);
#7495=ORIENTED_EDGE('',*,*,#5564,.F.);
#7496=ORIENTED_EDGE('',*,*,#6064,.F.);
#7497=ORIENTED_EDGE('',*,*,#6014,.F.);
#7498=ORIENTED_EDGE('',*,*,#6065,.F.);
#7499=ORIENTED_EDGE('',*,*,#5582,.F.);
#7500=ORIENTED_EDGE('',*,*,#6066,.F.);
#7501=ORIENTED_EDGE('',*,*,#6010,.F.);
#7502=ORIENTED_EDGE('',*,*,#6055,.T.);
#7503=ORIENTED_EDGE('',*,*,#5586,.F.);
#7504=ORIENTED_EDGE('',*,*,#6067,.F.);
#7505=ORIENTED_EDGE('',*,*,#5999,.F.);
#7506=ORIENTED_EDGE('',*,*,#6068,.T.);
#7507=ORIENTED_EDGE('',*,*,#5597,.F.);
#7508=ORIENTED_EDGE('',*,*,#6045,.F.);
#7509=ORIENTED_EDGE('',*,*,#5998,.F.);
#7510=ORIENTED_EDGE('',*,*,#6069,.T.);
#7511=ORIENTED_EDGE('',*,*,#5598,.F.);
#7512=ORIENTED_EDGE('',*,*,#6068,.F.);
#7513=ORIENTED_EDGE('',*,*,#5997,.F.);
#7514=ORIENTED_EDGE('',*,*,#6070,.T.);
#7515=ORIENTED_EDGE('',*,*,#5599,.F.);
#7516=ORIENTED_EDGE('',*,*,#6069,.F.);
#7517=ORIENTED_EDGE('',*,*,#5996,.F.);
#7518=ORIENTED_EDGE('',*,*,#6071,.T.);
#7519=ORIENTED_EDGE('',*,*,#5600,.F.);
#7520=ORIENTED_EDGE('',*,*,#6070,.F.);
#7521=ORIENTED_EDGE('',*,*,#5995,.F.);
#7522=ORIENTED_EDGE('',*,*,#6072,.T.);
#7523=ORIENTED_EDGE('',*,*,#5601,.F.);
#7524=ORIENTED_EDGE('',*,*,#6071,.F.);
#7525=ORIENTED_EDGE('',*,*,#5994,.F.);
#7526=ORIENTED_EDGE('',*,*,#6073,.T.);
#7527=ORIENTED_EDGE('',*,*,#5602,.F.);
#7528=ORIENTED_EDGE('',*,*,#6072,.F.);
#7529=ORIENTED_EDGE('',*,*,#5993,.F.);
#7530=ORIENTED_EDGE('',*,*,#6074,.T.);
#7531=ORIENTED_EDGE('',*,*,#5603,.F.);
#7532=ORIENTED_EDGE('',*,*,#6073,.F.);
#7533=ORIENTED_EDGE('',*,*,#5992,.F.);
#7534=ORIENTED_EDGE('',*,*,#6075,.F.);
#7535=ORIENTED_EDGE('',*,*,#5560,.F.);
#7536=ORIENTED_EDGE('',*,*,#6074,.F.);
#7537=ORIENTED_EDGE('',*,*,#6024,.F.);
#7538=ORIENTED_EDGE('',*,*,#6076,.T.);
#7539=ORIENTED_EDGE('',*,*,#5572,.F.);
#7540=ORIENTED_EDGE('',*,*,#6056,.F.);
#7541=ORIENTED_EDGE('',*,*,#6023,.F.);
#7542=ORIENTED_EDGE('',*,*,#6077,.T.);
#7543=ORIENTED_EDGE('',*,*,#5573,.F.);
#7544=ORIENTED_EDGE('',*,*,#6076,.F.);
#7545=ORIENTED_EDGE('',*,*,#6022,.F.);
#7546=ORIENTED_EDGE('',*,*,#6078,.T.);
#7547=ORIENTED_EDGE('',*,*,#5574,.F.);
#7548=ORIENTED_EDGE('',*,*,#6077,.F.);
#7549=ORIENTED_EDGE('',*,*,#6021,.F.);
#7550=ORIENTED_EDGE('',*,*,#6079,.T.);
#7551=ORIENTED_EDGE('',*,*,#5575,.F.);
#7552=ORIENTED_EDGE('',*,*,#6078,.F.);
#7553=ORIENTED_EDGE('',*,*,#6020,.F.);
#7554=ORIENTED_EDGE('',*,*,#6080,.T.);
#7555=ORIENTED_EDGE('',*,*,#5576,.F.);
#7556=ORIENTED_EDGE('',*,*,#6079,.F.);
#7557=ORIENTED_EDGE('',*,*,#6019,.F.);
#7558=ORIENTED_EDGE('',*,*,#6081,.T.);
#7559=ORIENTED_EDGE('',*,*,#5577,.F.);
#7560=ORIENTED_EDGE('',*,*,#6080,.F.);
#7561=ORIENTED_EDGE('',*,*,#6018,.F.);
#7562=ORIENTED_EDGE('',*,*,#6082,.T.);
#7563=ORIENTED_EDGE('',*,*,#5578,.F.);
#7564=ORIENTED_EDGE('',*,*,#6081,.F.);
#7565=ORIENTED_EDGE('',*,*,#6017,.F.);
#7566=ORIENTED_EDGE('',*,*,#6083,.T.);
#7567=ORIENTED_EDGE('',*,*,#5579,.F.);
#7568=ORIENTED_EDGE('',*,*,#6082,.F.);
#7569=ORIENTED_EDGE('',*,*,#6016,.F.);
#7570=ORIENTED_EDGE('',*,*,#6084,.T.);
#7571=ORIENTED_EDGE('',*,*,#5580,.F.);
#7572=ORIENTED_EDGE('',*,*,#6083,.F.);
#7573=ORIENTED_EDGE('',*,*,#6015,.F.);
#7574=ORIENTED_EDGE('',*,*,#6066,.T.);
#7575=ORIENTED_EDGE('',*,*,#5581,.F.);
#7576=ORIENTED_EDGE('',*,*,#6084,.F.);
#7577=ORIENTED_EDGE('',*,*,#6067,.T.);
#7578=ORIENTED_EDGE('',*,*,#5585,.F.);
#7579=ORIENTED_EDGE('',*,*,#6085,.F.);
#7580=ORIENTED_EDGE('',*,*,#6011,.F.);
#7581=ORIENTED_EDGE('',*,*,#6065,.T.);
#7582=ORIENTED_EDGE('',*,*,#6013,.F.);
#7583=ORIENTED_EDGE('',*,*,#6086,.F.);
#7584=ORIENTED_EDGE('',*,*,#5583,.F.);
#7585=ORIENTED_EDGE('',*,*,#6064,.T.);
#7586=ORIENTED_EDGE('',*,*,#5563,.F.);
#7587=ORIENTED_EDGE('',*,*,#6087,.T.);
#7588=ORIENTED_EDGE('',*,*,#6033,.F.);
#7589=ORIENTED_EDGE('',*,*,#6088,.F.);
#7590=ORIENTED_EDGE('',*,*,#5627,.F.);
#7591=ORIENTED_EDGE('',*,*,#6089,.F.);
#7592=ORIENTED_EDGE('',*,*,#5193,.F.);
#7593=ORIENTED_EDGE('',*,*,#6089,.T.);
#7594=ORIENTED_EDGE('',*,*,#5626,.F.);
#7595=ORIENTED_EDGE('',*,*,#6090,.F.);
#7596=ORIENTED_EDGE('',*,*,#5194,.F.);
#7597=ORIENTED_EDGE('',*,*,#6090,.T.);
#7598=ORIENTED_EDGE('',*,*,#5625,.F.);
#7599=ORIENTED_EDGE('',*,*,#6091,.F.);
#7600=ORIENTED_EDGE('',*,*,#5195,.F.);
#7601=ORIENTED_EDGE('',*,*,#6091,.T.);
#7602=ORIENTED_EDGE('',*,*,#5624,.F.);
#7603=ORIENTED_EDGE('',*,*,#6088,.T.);
#7604=ORIENTED_EDGE('',*,*,#5192,.F.);
#7605=ORIENTED_EDGE('',*,*,#6092,.F.);
#7606=ORIENTED_EDGE('',*,*,#5631,.F.);
#7607=ORIENTED_EDGE('',*,*,#6093,.F.);
#7608=ORIENTED_EDGE('',*,*,#5197,.F.);
#7609=ORIENTED_EDGE('',*,*,#6093,.T.);
#7610=ORIENTED_EDGE('',*,*,#5630,.F.);
#7611=ORIENTED_EDGE('',*,*,#6094,.F.);
#7612=ORIENTED_EDGE('',*,*,#5198,.F.);
#7613=ORIENTED_EDGE('',*,*,#6094,.T.);
#7614=ORIENTED_EDGE('',*,*,#5629,.F.);
#7615=ORIENTED_EDGE('',*,*,#6095,.F.);
#7616=ORIENTED_EDGE('',*,*,#5199,.F.);
#7617=ORIENTED_EDGE('',*,*,#6095,.T.);
#7618=ORIENTED_EDGE('',*,*,#5628,.F.);
#7619=ORIENTED_EDGE('',*,*,#6092,.T.);
#7620=ORIENTED_EDGE('',*,*,#5196,.F.);
#7621=ORIENTED_EDGE('',*,*,#6096,.F.);
#7622=ORIENTED_EDGE('',*,*,#5635,.F.);
#7623=ORIENTED_EDGE('',*,*,#6097,.F.);
#7624=ORIENTED_EDGE('',*,*,#5201,.F.);
#7625=ORIENTED_EDGE('',*,*,#6097,.T.);
#7626=ORIENTED_EDGE('',*,*,#5634,.F.);
#7627=ORIENTED_EDGE('',*,*,#6098,.F.);
#7628=ORIENTED_EDGE('',*,*,#5202,.F.);
#7629=ORIENTED_EDGE('',*,*,#6098,.T.);
#7630=ORIENTED_EDGE('',*,*,#5633,.F.);
#7631=ORIENTED_EDGE('',*,*,#6099,.F.);
#7632=ORIENTED_EDGE('',*,*,#5203,.F.);
#7633=ORIENTED_EDGE('',*,*,#6099,.T.);
#7634=ORIENTED_EDGE('',*,*,#5632,.F.);
#7635=ORIENTED_EDGE('',*,*,#6096,.T.);
#7636=ORIENTED_EDGE('',*,*,#5200,.F.);
#7637=ORIENTED_EDGE('',*,*,#6100,.F.);
#7638=ORIENTED_EDGE('',*,*,#5639,.F.);
#7639=ORIENTED_EDGE('',*,*,#6101,.F.);
#7640=ORIENTED_EDGE('',*,*,#5205,.F.);
#7641=ORIENTED_EDGE('',*,*,#6101,.T.);
#7642=ORIENTED_EDGE('',*,*,#5638,.F.);
#7643=ORIENTED_EDGE('',*,*,#6102,.F.);
#7644=ORIENTED_EDGE('',*,*,#5206,.F.);
#7645=ORIENTED_EDGE('',*,*,#6102,.T.);
#7646=ORIENTED_EDGE('',*,*,#5637,.F.);
#7647=ORIENTED_EDGE('',*,*,#6103,.F.);
#7648=ORIENTED_EDGE('',*,*,#5207,.F.);
#7649=ORIENTED_EDGE('',*,*,#6103,.T.);
#7650=ORIENTED_EDGE('',*,*,#5636,.F.);
#7651=ORIENTED_EDGE('',*,*,#6100,.T.);
#7652=ORIENTED_EDGE('',*,*,#5204,.F.);
#7653=ORIENTED_EDGE('',*,*,#6104,.F.);
#7654=ORIENTED_EDGE('',*,*,#5643,.F.);
#7655=ORIENTED_EDGE('',*,*,#6105,.F.);
#7656=ORIENTED_EDGE('',*,*,#5209,.F.);
#7657=ORIENTED_EDGE('',*,*,#6105,.T.);
#7658=ORIENTED_EDGE('',*,*,#5642,.F.);
#7659=ORIENTED_EDGE('',*,*,#6106,.F.);
#7660=ORIENTED_EDGE('',*,*,#5210,.F.);
#7661=ORIENTED_EDGE('',*,*,#6106,.T.);
#7662=ORIENTED_EDGE('',*,*,#5641,.F.);
#7663=ORIENTED_EDGE('',*,*,#6107,.F.);
#7664=ORIENTED_EDGE('',*,*,#5211,.F.);
#7665=ORIENTED_EDGE('',*,*,#6107,.T.);
#7666=ORIENTED_EDGE('',*,*,#5640,.F.);
#7667=ORIENTED_EDGE('',*,*,#6104,.T.);
#7668=ORIENTED_EDGE('',*,*,#5208,.F.);
#7669=ORIENTED_EDGE('',*,*,#6108,.F.);
#7670=ORIENTED_EDGE('',*,*,#5647,.F.);
#7671=ORIENTED_EDGE('',*,*,#6109,.F.);
#7672=ORIENTED_EDGE('',*,*,#5213,.F.);
#7673=ORIENTED_EDGE('',*,*,#6109,.T.);
#7674=ORIENTED_EDGE('',*,*,#5646,.F.);
#7675=ORIENTED_EDGE('',*,*,#6110,.F.);
#7676=ORIENTED_EDGE('',*,*,#5214,.F.);
#7677=ORIENTED_EDGE('',*,*,#6110,.T.);
#7678=ORIENTED_EDGE('',*,*,#5645,.F.);
#7679=ORIENTED_EDGE('',*,*,#6111,.F.);
#7680=ORIENTED_EDGE('',*,*,#5215,.F.);
#7681=ORIENTED_EDGE('',*,*,#6111,.T.);
#7682=ORIENTED_EDGE('',*,*,#5644,.F.);
#7683=ORIENTED_EDGE('',*,*,#6108,.T.);
#7684=ORIENTED_EDGE('',*,*,#5212,.F.);
#7685=ORIENTED_EDGE('',*,*,#6112,.F.);
#7686=ORIENTED_EDGE('',*,*,#5651,.F.);
#7687=ORIENTED_EDGE('',*,*,#6113,.F.);
#7688=ORIENTED_EDGE('',*,*,#5217,.F.);
#7689=ORIENTED_EDGE('',*,*,#6113,.T.);
#7690=ORIENTED_EDGE('',*,*,#5650,.F.);
#7691=ORIENTED_EDGE('',*,*,#6114,.F.);
#7692=ORIENTED_EDGE('',*,*,#5218,.F.);
#7693=ORIENTED_EDGE('',*,*,#6114,.T.);
#7694=ORIENTED_EDGE('',*,*,#5649,.F.);
#7695=ORIENTED_EDGE('',*,*,#6115,.F.);
#7696=ORIENTED_EDGE('',*,*,#5219,.F.);
#7697=ORIENTED_EDGE('',*,*,#6115,.T.);
#7698=ORIENTED_EDGE('',*,*,#5648,.F.);
#7699=ORIENTED_EDGE('',*,*,#6112,.T.);
#7700=ORIENTED_EDGE('',*,*,#5216,.F.);
#7701=ORIENTED_EDGE('',*,*,#6116,.F.);
#7702=ORIENTED_EDGE('',*,*,#5655,.F.);
#7703=ORIENTED_EDGE('',*,*,#6117,.F.);
#7704=ORIENTED_EDGE('',*,*,#5221,.F.);
#7705=ORIENTED_EDGE('',*,*,#6117,.T.);
#7706=ORIENTED_EDGE('',*,*,#5654,.F.);
#7707=ORIENTED_EDGE('',*,*,#6118,.F.);
#7708=ORIENTED_EDGE('',*,*,#5222,.F.);
#7709=ORIENTED_EDGE('',*,*,#6118,.T.);
#7710=ORIENTED_EDGE('',*,*,#5653,.F.);
#7711=ORIENTED_EDGE('',*,*,#6119,.F.);
#7712=ORIENTED_EDGE('',*,*,#5223,.F.);
#7713=ORIENTED_EDGE('',*,*,#6119,.T.);
#7714=ORIENTED_EDGE('',*,*,#5652,.F.);
#7715=ORIENTED_EDGE('',*,*,#6116,.T.);
#7716=ORIENTED_EDGE('',*,*,#5220,.F.);
#7717=ORIENTED_EDGE('',*,*,#6120,.F.);
#7718=ORIENTED_EDGE('',*,*,#5659,.F.);
#7719=ORIENTED_EDGE('',*,*,#6121,.F.);
#7720=ORIENTED_EDGE('',*,*,#5225,.F.);
#7721=ORIENTED_EDGE('',*,*,#6121,.T.);
#7722=ORIENTED_EDGE('',*,*,#5658,.F.);
#7723=ORIENTED_EDGE('',*,*,#6122,.F.);
#7724=ORIENTED_EDGE('',*,*,#5226,.F.);
#7725=ORIENTED_EDGE('',*,*,#6122,.T.);
#7726=ORIENTED_EDGE('',*,*,#5657,.F.);
#7727=ORIENTED_EDGE('',*,*,#6123,.F.);
#7728=ORIENTED_EDGE('',*,*,#5227,.F.);
#7729=ORIENTED_EDGE('',*,*,#6123,.T.);
#7730=ORIENTED_EDGE('',*,*,#5656,.F.);
#7731=ORIENTED_EDGE('',*,*,#6120,.T.);
#7732=ORIENTED_EDGE('',*,*,#5224,.F.);
#7733=ORIENTED_EDGE('',*,*,#6124,.F.);
#7734=ORIENTED_EDGE('',*,*,#5663,.F.);
#7735=ORIENTED_EDGE('',*,*,#6125,.F.);
#7736=ORIENTED_EDGE('',*,*,#5229,.F.);
#7737=ORIENTED_EDGE('',*,*,#6125,.T.);
#7738=ORIENTED_EDGE('',*,*,#5662,.F.);
#7739=ORIENTED_EDGE('',*,*,#6126,.F.);
#7740=ORIENTED_EDGE('',*,*,#5230,.F.);
#7741=ORIENTED_EDGE('',*,*,#6126,.T.);
#7742=ORIENTED_EDGE('',*,*,#5661,.F.);
#7743=ORIENTED_EDGE('',*,*,#6127,.F.);
#7744=ORIENTED_EDGE('',*,*,#5231,.F.);
#7745=ORIENTED_EDGE('',*,*,#6127,.T.);
#7746=ORIENTED_EDGE('',*,*,#5660,.F.);
#7747=ORIENTED_EDGE('',*,*,#6124,.T.);
#7748=ORIENTED_EDGE('',*,*,#5228,.F.);
#7749=ORIENTED_EDGE('',*,*,#6128,.F.);
#7750=ORIENTED_EDGE('',*,*,#5667,.F.);
#7751=ORIENTED_EDGE('',*,*,#6129,.F.);
#7752=ORIENTED_EDGE('',*,*,#5233,.F.);
#7753=ORIENTED_EDGE('',*,*,#6129,.T.);
#7754=ORIENTED_EDGE('',*,*,#5666,.F.);
#7755=ORIENTED_EDGE('',*,*,#6130,.F.);
#7756=ORIENTED_EDGE('',*,*,#5234,.F.);
#7757=ORIENTED_EDGE('',*,*,#6130,.T.);
#7758=ORIENTED_EDGE('',*,*,#5665,.F.);
#7759=ORIENTED_EDGE('',*,*,#6131,.F.);
#7760=ORIENTED_EDGE('',*,*,#5235,.F.);
#7761=ORIENTED_EDGE('',*,*,#6131,.T.);
#7762=ORIENTED_EDGE('',*,*,#5664,.F.);
#7763=ORIENTED_EDGE('',*,*,#6128,.T.);
#7764=ORIENTED_EDGE('',*,*,#5232,.F.);
#7765=ORIENTED_EDGE('',*,*,#6132,.F.);
#7766=ORIENTED_EDGE('',*,*,#5671,.F.);
#7767=ORIENTED_EDGE('',*,*,#6133,.F.);
#7768=ORIENTED_EDGE('',*,*,#5237,.F.);
#7769=ORIENTED_EDGE('',*,*,#6133,.T.);
#7770=ORIENTED_EDGE('',*,*,#5670,.F.);
#7771=ORIENTED_EDGE('',*,*,#6134,.F.);
#7772=ORIENTED_EDGE('',*,*,#5238,.F.);
#7773=ORIENTED_EDGE('',*,*,#6134,.T.);
#7774=ORIENTED_EDGE('',*,*,#5669,.F.);
#7775=ORIENTED_EDGE('',*,*,#6135,.F.);
#7776=ORIENTED_EDGE('',*,*,#5239,.F.);
#7777=ORIENTED_EDGE('',*,*,#6135,.T.);
#7778=ORIENTED_EDGE('',*,*,#5668,.F.);
#7779=ORIENTED_EDGE('',*,*,#6132,.T.);
#7780=ORIENTED_EDGE('',*,*,#5236,.F.);
#7781=ORIENTED_EDGE('',*,*,#6136,.F.);
#7782=ORIENTED_EDGE('',*,*,#5675,.F.);
#7783=ORIENTED_EDGE('',*,*,#6137,.F.);
#7784=ORIENTED_EDGE('',*,*,#5241,.F.);
#7785=ORIENTED_EDGE('',*,*,#6137,.T.);
#7786=ORIENTED_EDGE('',*,*,#5674,.F.);
#7787=ORIENTED_EDGE('',*,*,#6138,.F.);
#7788=ORIENTED_EDGE('',*,*,#5242,.F.);
#7789=ORIENTED_EDGE('',*,*,#6138,.T.);
#7790=ORIENTED_EDGE('',*,*,#5673,.F.);
#7791=ORIENTED_EDGE('',*,*,#6139,.F.);
#7792=ORIENTED_EDGE('',*,*,#5243,.F.);
#7793=ORIENTED_EDGE('',*,*,#6139,.T.);
#7794=ORIENTED_EDGE('',*,*,#5672,.F.);
#7795=ORIENTED_EDGE('',*,*,#6136,.T.);
#7796=ORIENTED_EDGE('',*,*,#5240,.F.);
#7797=ORIENTED_EDGE('',*,*,#6140,.F.);
#7798=ORIENTED_EDGE('',*,*,#5679,.F.);
#7799=ORIENTED_EDGE('',*,*,#6141,.F.);
#7800=ORIENTED_EDGE('',*,*,#5245,.F.);
#7801=ORIENTED_EDGE('',*,*,#6141,.T.);
#7802=ORIENTED_EDGE('',*,*,#5678,.F.);
#7803=ORIENTED_EDGE('',*,*,#6142,.F.);
#7804=ORIENTED_EDGE('',*,*,#5246,.F.);
#7805=ORIENTED_EDGE('',*,*,#6142,.T.);
#7806=ORIENTED_EDGE('',*,*,#5677,.F.);
#7807=ORIENTED_EDGE('',*,*,#6143,.F.);
#7808=ORIENTED_EDGE('',*,*,#5247,.F.);
#7809=ORIENTED_EDGE('',*,*,#6143,.T.);
#7810=ORIENTED_EDGE('',*,*,#5676,.F.);
#7811=ORIENTED_EDGE('',*,*,#6140,.T.);
#7812=ORIENTED_EDGE('',*,*,#5244,.F.);
#7813=ORIENTED_EDGE('',*,*,#6144,.F.);
#7814=ORIENTED_EDGE('',*,*,#5683,.F.);
#7815=ORIENTED_EDGE('',*,*,#6145,.F.);
#7816=ORIENTED_EDGE('',*,*,#5249,.F.);
#7817=ORIENTED_EDGE('',*,*,#6145,.T.);
#7818=ORIENTED_EDGE('',*,*,#5682,.F.);
#7819=ORIENTED_EDGE('',*,*,#6146,.F.);
#7820=ORIENTED_EDGE('',*,*,#5250,.F.);
#7821=ORIENTED_EDGE('',*,*,#6146,.T.);
#7822=ORIENTED_EDGE('',*,*,#5681,.F.);
#7823=ORIENTED_EDGE('',*,*,#6147,.F.);
#7824=ORIENTED_EDGE('',*,*,#5251,.F.);
#7825=ORIENTED_EDGE('',*,*,#6147,.T.);
#7826=ORIENTED_EDGE('',*,*,#5680,.F.);
#7827=ORIENTED_EDGE('',*,*,#6144,.T.);
#7828=ORIENTED_EDGE('',*,*,#5248,.F.);
#7829=ORIENTED_EDGE('',*,*,#6148,.F.);
#7830=ORIENTED_EDGE('',*,*,#5687,.F.);
#7831=ORIENTED_EDGE('',*,*,#6149,.F.);
#7832=ORIENTED_EDGE('',*,*,#5253,.F.);
#7833=ORIENTED_EDGE('',*,*,#6149,.T.);
#7834=ORIENTED_EDGE('',*,*,#5686,.F.);
#7835=ORIENTED_EDGE('',*,*,#6150,.F.);
#7836=ORIENTED_EDGE('',*,*,#5254,.F.);
#7837=ORIENTED_EDGE('',*,*,#6150,.T.);
#7838=ORIENTED_EDGE('',*,*,#5685,.F.);
#7839=ORIENTED_EDGE('',*,*,#6151,.F.);
#7840=ORIENTED_EDGE('',*,*,#5255,.F.);
#7841=ORIENTED_EDGE('',*,*,#6151,.T.);
#7842=ORIENTED_EDGE('',*,*,#5684,.F.);
#7843=ORIENTED_EDGE('',*,*,#6148,.T.);
#7844=ORIENTED_EDGE('',*,*,#5252,.F.);
#7845=ORIENTED_EDGE('',*,*,#6152,.F.);
#7846=ORIENTED_EDGE('',*,*,#5691,.F.);
#7847=ORIENTED_EDGE('',*,*,#6153,.F.);
#7848=ORIENTED_EDGE('',*,*,#5257,.F.);
#7849=ORIENTED_EDGE('',*,*,#6153,.T.);
#7850=ORIENTED_EDGE('',*,*,#5690,.F.);
#7851=ORIENTED_EDGE('',*,*,#6154,.F.);
#7852=ORIENTED_EDGE('',*,*,#5258,.F.);
#7853=ORIENTED_EDGE('',*,*,#6154,.T.);
#7854=ORIENTED_EDGE('',*,*,#5689,.F.);
#7855=ORIENTED_EDGE('',*,*,#6155,.F.);
#7856=ORIENTED_EDGE('',*,*,#5259,.F.);
#7857=ORIENTED_EDGE('',*,*,#6155,.T.);
#7858=ORIENTED_EDGE('',*,*,#5688,.F.);
#7859=ORIENTED_EDGE('',*,*,#6152,.T.);
#7860=ORIENTED_EDGE('',*,*,#5256,.F.);
#7861=ORIENTED_EDGE('',*,*,#6156,.F.);
#7862=ORIENTED_EDGE('',*,*,#5695,.F.);
#7863=ORIENTED_EDGE('',*,*,#6157,.F.);
#7864=ORIENTED_EDGE('',*,*,#5261,.F.);
#7865=ORIENTED_EDGE('',*,*,#6157,.T.);
#7866=ORIENTED_EDGE('',*,*,#5694,.F.);
#7867=ORIENTED_EDGE('',*,*,#6158,.F.);
#7868=ORIENTED_EDGE('',*,*,#5262,.F.);
#7869=ORIENTED_EDGE('',*,*,#6158,.T.);
#7870=ORIENTED_EDGE('',*,*,#5693,.F.);
#7871=ORIENTED_EDGE('',*,*,#6159,.F.);
#7872=ORIENTED_EDGE('',*,*,#5263,.F.);
#7873=ORIENTED_EDGE('',*,*,#6159,.T.);
#7874=ORIENTED_EDGE('',*,*,#5692,.F.);
#7875=ORIENTED_EDGE('',*,*,#6156,.T.);
#7876=ORIENTED_EDGE('',*,*,#5260,.F.);
#7877=ORIENTED_EDGE('',*,*,#6160,.F.);
#7878=ORIENTED_EDGE('',*,*,#5699,.F.);
#7879=ORIENTED_EDGE('',*,*,#6161,.F.);
#7880=ORIENTED_EDGE('',*,*,#5265,.F.);
#7881=ORIENTED_EDGE('',*,*,#6161,.T.);
#7882=ORIENTED_EDGE('',*,*,#5698,.F.);
#7883=ORIENTED_EDGE('',*,*,#6162,.F.);
#7884=ORIENTED_EDGE('',*,*,#5266,.F.);
#7885=ORIENTED_EDGE('',*,*,#6162,.T.);
#7886=ORIENTED_EDGE('',*,*,#5697,.F.);
#7887=ORIENTED_EDGE('',*,*,#6163,.F.);
#7888=ORIENTED_EDGE('',*,*,#5267,.F.);
#7889=ORIENTED_EDGE('',*,*,#6163,.T.);
#7890=ORIENTED_EDGE('',*,*,#5696,.F.);
#7891=ORIENTED_EDGE('',*,*,#6160,.T.);
#7892=ORIENTED_EDGE('',*,*,#5264,.F.);
#7893=ORIENTED_EDGE('',*,*,#6164,.F.);
#7894=ORIENTED_EDGE('',*,*,#5703,.F.);
#7895=ORIENTED_EDGE('',*,*,#6165,.F.);
#7896=ORIENTED_EDGE('',*,*,#5269,.F.);
#7897=ORIENTED_EDGE('',*,*,#6165,.T.);
#7898=ORIENTED_EDGE('',*,*,#5702,.F.);
#7899=ORIENTED_EDGE('',*,*,#6166,.F.);
#7900=ORIENTED_EDGE('',*,*,#5270,.F.);
#7901=ORIENTED_EDGE('',*,*,#6166,.T.);
#7902=ORIENTED_EDGE('',*,*,#5701,.F.);
#7903=ORIENTED_EDGE('',*,*,#6167,.F.);
#7904=ORIENTED_EDGE('',*,*,#5271,.F.);
#7905=ORIENTED_EDGE('',*,*,#6167,.T.);
#7906=ORIENTED_EDGE('',*,*,#5700,.F.);
#7907=ORIENTED_EDGE('',*,*,#6164,.T.);
#7908=ORIENTED_EDGE('',*,*,#5268,.F.);
#7909=ORIENTED_EDGE('',*,*,#6168,.F.);
#7910=ORIENTED_EDGE('',*,*,#5707,.F.);
#7911=ORIENTED_EDGE('',*,*,#6169,.F.);
#7912=ORIENTED_EDGE('',*,*,#5273,.F.);
#7913=ORIENTED_EDGE('',*,*,#6169,.T.);
#7914=ORIENTED_EDGE('',*,*,#5706,.F.);
#7915=ORIENTED_EDGE('',*,*,#6170,.F.);
#7916=ORIENTED_EDGE('',*,*,#5274,.F.);
#7917=ORIENTED_EDGE('',*,*,#6170,.T.);
#7918=ORIENTED_EDGE('',*,*,#5705,.F.);
#7919=ORIENTED_EDGE('',*,*,#6171,.F.);
#7920=ORIENTED_EDGE('',*,*,#5275,.F.);
#7921=ORIENTED_EDGE('',*,*,#6171,.T.);
#7922=ORIENTED_EDGE('',*,*,#5704,.F.);
#7923=ORIENTED_EDGE('',*,*,#6168,.T.);
#7924=ORIENTED_EDGE('',*,*,#5272,.F.);
#7925=ORIENTED_EDGE('',*,*,#6172,.F.);
#7926=ORIENTED_EDGE('',*,*,#5711,.F.);
#7927=ORIENTED_EDGE('',*,*,#6173,.F.);
#7928=ORIENTED_EDGE('',*,*,#5277,.F.);
#7929=ORIENTED_EDGE('',*,*,#6173,.T.);
#7930=ORIENTED_EDGE('',*,*,#5710,.F.);
#7931=ORIENTED_EDGE('',*,*,#6174,.F.);
#7932=ORIENTED_EDGE('',*,*,#5278,.F.);
#7933=ORIENTED_EDGE('',*,*,#6174,.T.);
#7934=ORIENTED_EDGE('',*,*,#5709,.F.);
#7935=ORIENTED_EDGE('',*,*,#6175,.F.);
#7936=ORIENTED_EDGE('',*,*,#5279,.F.);
#7937=ORIENTED_EDGE('',*,*,#6175,.T.);
#7938=ORIENTED_EDGE('',*,*,#5708,.F.);
#7939=ORIENTED_EDGE('',*,*,#6172,.T.);
#7940=ORIENTED_EDGE('',*,*,#5276,.F.);
#7941=ORIENTED_EDGE('',*,*,#6176,.F.);
#7942=ORIENTED_EDGE('',*,*,#5715,.F.);
#7943=ORIENTED_EDGE('',*,*,#6177,.F.);
#7944=ORIENTED_EDGE('',*,*,#5281,.F.);
#7945=ORIENTED_EDGE('',*,*,#6177,.T.);
#7946=ORIENTED_EDGE('',*,*,#5714,.F.);
#7947=ORIENTED_EDGE('',*,*,#6178,.F.);
#7948=ORIENTED_EDGE('',*,*,#5282,.F.);
#7949=ORIENTED_EDGE('',*,*,#6178,.T.);
#7950=ORIENTED_EDGE('',*,*,#5713,.F.);
#7951=ORIENTED_EDGE('',*,*,#6179,.F.);
#7952=ORIENTED_EDGE('',*,*,#5283,.F.);
#7953=ORIENTED_EDGE('',*,*,#6179,.T.);
#7954=ORIENTED_EDGE('',*,*,#5712,.F.);
#7955=ORIENTED_EDGE('',*,*,#6176,.T.);
#7956=ORIENTED_EDGE('',*,*,#5280,.F.);
#7957=ORIENTED_EDGE('',*,*,#6180,.F.);
#7958=ORIENTED_EDGE('',*,*,#5719,.F.);
#7959=ORIENTED_EDGE('',*,*,#6181,.F.);
#7960=ORIENTED_EDGE('',*,*,#5285,.F.);
#7961=ORIENTED_EDGE('',*,*,#6181,.T.);
#7962=ORIENTED_EDGE('',*,*,#5718,.F.);
#7963=ORIENTED_EDGE('',*,*,#6182,.F.);
#7964=ORIENTED_EDGE('',*,*,#5286,.F.);
#7965=ORIENTED_EDGE('',*,*,#6182,.T.);
#7966=ORIENTED_EDGE('',*,*,#5717,.F.);
#7967=ORIENTED_EDGE('',*,*,#6183,.F.);
#7968=ORIENTED_EDGE('',*,*,#5287,.F.);
#7969=ORIENTED_EDGE('',*,*,#6183,.T.);
#7970=ORIENTED_EDGE('',*,*,#5716,.F.);
#7971=ORIENTED_EDGE('',*,*,#6180,.T.);
#7972=ORIENTED_EDGE('',*,*,#5284,.F.);
#7973=ORIENTED_EDGE('',*,*,#6184,.F.);
#7974=ORIENTED_EDGE('',*,*,#5723,.F.);
#7975=ORIENTED_EDGE('',*,*,#6185,.F.);
#7976=ORIENTED_EDGE('',*,*,#5289,.F.);
#7977=ORIENTED_EDGE('',*,*,#6185,.T.);
#7978=ORIENTED_EDGE('',*,*,#5722,.F.);
#7979=ORIENTED_EDGE('',*,*,#6186,.F.);
#7980=ORIENTED_EDGE('',*,*,#5290,.F.);
#7981=ORIENTED_EDGE('',*,*,#6186,.T.);
#7982=ORIENTED_EDGE('',*,*,#5721,.F.);
#7983=ORIENTED_EDGE('',*,*,#6187,.F.);
#7984=ORIENTED_EDGE('',*,*,#5291,.F.);
#7985=ORIENTED_EDGE('',*,*,#6187,.T.);
#7986=ORIENTED_EDGE('',*,*,#5720,.F.);
#7987=ORIENTED_EDGE('',*,*,#6184,.T.);
#7988=ORIENTED_EDGE('',*,*,#5288,.F.);
#7989=ORIENTED_EDGE('',*,*,#6188,.F.);
#7990=ORIENTED_EDGE('',*,*,#5727,.F.);
#7991=ORIENTED_EDGE('',*,*,#6189,.F.);
#7992=ORIENTED_EDGE('',*,*,#5293,.F.);
#7993=ORIENTED_EDGE('',*,*,#6189,.T.);
#7994=ORIENTED_EDGE('',*,*,#5726,.F.);
#7995=ORIENTED_EDGE('',*,*,#6190,.F.);
#7996=ORIENTED_EDGE('',*,*,#5294,.F.);
#7997=ORIENTED_EDGE('',*,*,#6190,.T.);
#7998=ORIENTED_EDGE('',*,*,#5725,.F.);
#7999=ORIENTED_EDGE('',*,*,#6191,.F.);
#8000=ORIENTED_EDGE('',*,*,#5295,.F.);
#8001=ORIENTED_EDGE('',*,*,#6191,.T.);
#8002=ORIENTED_EDGE('',*,*,#5724,.F.);
#8003=ORIENTED_EDGE('',*,*,#6188,.T.);
#8004=ORIENTED_EDGE('',*,*,#5292,.F.);
#8005=ORIENTED_EDGE('',*,*,#6192,.F.);
#8006=ORIENTED_EDGE('',*,*,#5731,.F.);
#8007=ORIENTED_EDGE('',*,*,#6193,.F.);
#8008=ORIENTED_EDGE('',*,*,#5297,.F.);
#8009=ORIENTED_EDGE('',*,*,#6193,.T.);
#8010=ORIENTED_EDGE('',*,*,#5730,.F.);
#8011=ORIENTED_EDGE('',*,*,#6194,.F.);
#8012=ORIENTED_EDGE('',*,*,#5298,.F.);
#8013=ORIENTED_EDGE('',*,*,#6194,.T.);
#8014=ORIENTED_EDGE('',*,*,#5729,.F.);
#8015=ORIENTED_EDGE('',*,*,#6195,.F.);
#8016=ORIENTED_EDGE('',*,*,#5299,.F.);
#8017=ORIENTED_EDGE('',*,*,#6195,.T.);
#8018=ORIENTED_EDGE('',*,*,#5728,.F.);
#8019=ORIENTED_EDGE('',*,*,#6192,.T.);
#8020=ORIENTED_EDGE('',*,*,#5296,.F.);
#8021=ORIENTED_EDGE('',*,*,#6196,.F.);
#8022=ORIENTED_EDGE('',*,*,#5735,.F.);
#8023=ORIENTED_EDGE('',*,*,#6197,.F.);
#8024=ORIENTED_EDGE('',*,*,#5301,.F.);
#8025=ORIENTED_EDGE('',*,*,#6197,.T.);
#8026=ORIENTED_EDGE('',*,*,#5734,.F.);
#8027=ORIENTED_EDGE('',*,*,#6198,.F.);
#8028=ORIENTED_EDGE('',*,*,#5302,.F.);
#8029=ORIENTED_EDGE('',*,*,#6198,.T.);
#8030=ORIENTED_EDGE('',*,*,#5733,.F.);
#8031=ORIENTED_EDGE('',*,*,#6199,.F.);
#8032=ORIENTED_EDGE('',*,*,#5303,.F.);
#8033=ORIENTED_EDGE('',*,*,#6199,.T.);
#8034=ORIENTED_EDGE('',*,*,#5732,.F.);
#8035=ORIENTED_EDGE('',*,*,#6196,.T.);
#8036=ORIENTED_EDGE('',*,*,#5300,.F.);
#8037=ORIENTED_EDGE('',*,*,#6200,.F.);
#8038=ORIENTED_EDGE('',*,*,#5739,.F.);
#8039=ORIENTED_EDGE('',*,*,#6201,.F.);
#8040=ORIENTED_EDGE('',*,*,#5305,.F.);
#8041=ORIENTED_EDGE('',*,*,#6201,.T.);
#8042=ORIENTED_EDGE('',*,*,#5738,.F.);
#8043=ORIENTED_EDGE('',*,*,#6202,.F.);
#8044=ORIENTED_EDGE('',*,*,#5306,.F.);
#8045=ORIENTED_EDGE('',*,*,#6202,.T.);
#8046=ORIENTED_EDGE('',*,*,#5737,.F.);
#8047=ORIENTED_EDGE('',*,*,#6203,.F.);
#8048=ORIENTED_EDGE('',*,*,#5307,.F.);
#8049=ORIENTED_EDGE('',*,*,#6203,.T.);
#8050=ORIENTED_EDGE('',*,*,#5736,.F.);
#8051=ORIENTED_EDGE('',*,*,#6200,.T.);
#8052=ORIENTED_EDGE('',*,*,#5304,.F.);
#8053=ORIENTED_EDGE('',*,*,#6204,.F.);
#8054=ORIENTED_EDGE('',*,*,#5743,.F.);
#8055=ORIENTED_EDGE('',*,*,#6205,.F.);
#8056=ORIENTED_EDGE('',*,*,#5309,.F.);
#8057=ORIENTED_EDGE('',*,*,#6205,.T.);
#8058=ORIENTED_EDGE('',*,*,#5742,.F.);
#8059=ORIENTED_EDGE('',*,*,#6206,.F.);
#8060=ORIENTED_EDGE('',*,*,#5310,.F.);
#8061=ORIENTED_EDGE('',*,*,#6206,.T.);
#8062=ORIENTED_EDGE('',*,*,#5741,.F.);
#8063=ORIENTED_EDGE('',*,*,#6207,.F.);
#8064=ORIENTED_EDGE('',*,*,#5311,.F.);
#8065=ORIENTED_EDGE('',*,*,#6207,.T.);
#8066=ORIENTED_EDGE('',*,*,#5740,.F.);
#8067=ORIENTED_EDGE('',*,*,#6204,.T.);
#8068=ORIENTED_EDGE('',*,*,#5308,.F.);
#8069=ORIENTED_EDGE('',*,*,#6208,.F.);
#8070=ORIENTED_EDGE('',*,*,#5747,.F.);
#8071=ORIENTED_EDGE('',*,*,#6209,.F.);
#8072=ORIENTED_EDGE('',*,*,#5313,.F.);
#8073=ORIENTED_EDGE('',*,*,#6209,.T.);
#8074=ORIENTED_EDGE('',*,*,#5746,.F.);
#8075=ORIENTED_EDGE('',*,*,#6210,.F.);
#8076=ORIENTED_EDGE('',*,*,#5314,.F.);
#8077=ORIENTED_EDGE('',*,*,#6210,.T.);
#8078=ORIENTED_EDGE('',*,*,#5745,.F.);
#8079=ORIENTED_EDGE('',*,*,#6211,.F.);
#8080=ORIENTED_EDGE('',*,*,#5315,.F.);
#8081=ORIENTED_EDGE('',*,*,#6211,.T.);
#8082=ORIENTED_EDGE('',*,*,#5744,.F.);
#8083=ORIENTED_EDGE('',*,*,#6208,.T.);
#8084=ORIENTED_EDGE('',*,*,#5312,.F.);
#8085=ORIENTED_EDGE('',*,*,#6212,.F.);
#8086=ORIENTED_EDGE('',*,*,#5751,.F.);
#8087=ORIENTED_EDGE('',*,*,#6213,.F.);
#8088=ORIENTED_EDGE('',*,*,#5317,.F.);
#8089=ORIENTED_EDGE('',*,*,#6213,.T.);
#8090=ORIENTED_EDGE('',*,*,#5750,.F.);
#8091=ORIENTED_EDGE('',*,*,#6214,.F.);
#8092=ORIENTED_EDGE('',*,*,#5318,.F.);
#8093=ORIENTED_EDGE('',*,*,#6214,.T.);
#8094=ORIENTED_EDGE('',*,*,#5749,.F.);
#8095=ORIENTED_EDGE('',*,*,#6215,.F.);
#8096=ORIENTED_EDGE('',*,*,#5319,.F.);
#8097=ORIENTED_EDGE('',*,*,#6215,.T.);
#8098=ORIENTED_EDGE('',*,*,#5748,.F.);
#8099=ORIENTED_EDGE('',*,*,#6212,.T.);
#8100=ORIENTED_EDGE('',*,*,#5316,.F.);
#8101=ORIENTED_EDGE('',*,*,#6216,.F.);
#8102=ORIENTED_EDGE('',*,*,#5755,.F.);
#8103=ORIENTED_EDGE('',*,*,#6217,.F.);
#8104=ORIENTED_EDGE('',*,*,#5321,.F.);
#8105=ORIENTED_EDGE('',*,*,#6217,.T.);
#8106=ORIENTED_EDGE('',*,*,#5754,.F.);
#8107=ORIENTED_EDGE('',*,*,#6218,.F.);
#8108=ORIENTED_EDGE('',*,*,#5322,.F.);
#8109=ORIENTED_EDGE('',*,*,#6218,.T.);
#8110=ORIENTED_EDGE('',*,*,#5753,.F.);
#8111=ORIENTED_EDGE('',*,*,#6219,.F.);
#8112=ORIENTED_EDGE('',*,*,#5323,.F.);
#8113=ORIENTED_EDGE('',*,*,#6219,.T.);
#8114=ORIENTED_EDGE('',*,*,#5752,.F.);
#8115=ORIENTED_EDGE('',*,*,#6216,.T.);
#8116=ORIENTED_EDGE('',*,*,#5320,.F.);
#8117=ORIENTED_EDGE('',*,*,#6220,.F.);
#8118=ORIENTED_EDGE('',*,*,#5759,.F.);
#8119=ORIENTED_EDGE('',*,*,#6221,.F.);
#8120=ORIENTED_EDGE('',*,*,#5325,.F.);
#8121=ORIENTED_EDGE('',*,*,#6221,.T.);
#8122=ORIENTED_EDGE('',*,*,#5758,.F.);
#8123=ORIENTED_EDGE('',*,*,#6222,.F.);
#8124=ORIENTED_EDGE('',*,*,#5326,.F.);
#8125=ORIENTED_EDGE('',*,*,#6222,.T.);
#8126=ORIENTED_EDGE('',*,*,#5757,.F.);
#8127=ORIENTED_EDGE('',*,*,#6223,.F.);
#8128=ORIENTED_EDGE('',*,*,#5327,.F.);
#8129=ORIENTED_EDGE('',*,*,#6223,.T.);
#8130=ORIENTED_EDGE('',*,*,#5756,.F.);
#8131=ORIENTED_EDGE('',*,*,#6220,.T.);
#8132=ORIENTED_EDGE('',*,*,#5324,.F.);
#8133=ORIENTED_EDGE('',*,*,#6224,.F.);
#8134=ORIENTED_EDGE('',*,*,#5763,.F.);
#8135=ORIENTED_EDGE('',*,*,#6225,.F.);
#8136=ORIENTED_EDGE('',*,*,#5329,.F.);
#8137=ORIENTED_EDGE('',*,*,#6225,.T.);
#8138=ORIENTED_EDGE('',*,*,#5762,.F.);
#8139=ORIENTED_EDGE('',*,*,#6226,.F.);
#8140=ORIENTED_EDGE('',*,*,#5330,.F.);
#8141=ORIENTED_EDGE('',*,*,#6226,.T.);
#8142=ORIENTED_EDGE('',*,*,#5761,.F.);
#8143=ORIENTED_EDGE('',*,*,#6227,.F.);
#8144=ORIENTED_EDGE('',*,*,#5331,.F.);
#8145=ORIENTED_EDGE('',*,*,#6227,.T.);
#8146=ORIENTED_EDGE('',*,*,#5760,.F.);
#8147=ORIENTED_EDGE('',*,*,#6224,.T.);
#8148=ORIENTED_EDGE('',*,*,#5328,.F.);
#8149=ORIENTED_EDGE('',*,*,#6228,.F.);
#8150=ORIENTED_EDGE('',*,*,#5767,.F.);
#8151=ORIENTED_EDGE('',*,*,#6229,.F.);
#8152=ORIENTED_EDGE('',*,*,#5333,.F.);
#8153=ORIENTED_EDGE('',*,*,#6229,.T.);
#8154=ORIENTED_EDGE('',*,*,#5766,.F.);
#8155=ORIENTED_EDGE('',*,*,#6230,.F.);
#8156=ORIENTED_EDGE('',*,*,#5334,.F.);
#8157=ORIENTED_EDGE('',*,*,#6230,.T.);
#8158=ORIENTED_EDGE('',*,*,#5765,.F.);
#8159=ORIENTED_EDGE('',*,*,#6231,.F.);
#8160=ORIENTED_EDGE('',*,*,#5335,.F.);
#8161=ORIENTED_EDGE('',*,*,#6231,.T.);
#8162=ORIENTED_EDGE('',*,*,#5764,.F.);
#8163=ORIENTED_EDGE('',*,*,#6228,.T.);
#8164=ORIENTED_EDGE('',*,*,#5332,.F.);
#8165=ORIENTED_EDGE('',*,*,#6232,.F.);
#8166=ORIENTED_EDGE('',*,*,#5771,.F.);
#8167=ORIENTED_EDGE('',*,*,#6233,.F.);
#8168=ORIENTED_EDGE('',*,*,#5337,.F.);
#8169=ORIENTED_EDGE('',*,*,#6233,.T.);
#8170=ORIENTED_EDGE('',*,*,#5770,.F.);
#8171=ORIENTED_EDGE('',*,*,#6234,.F.);
#8172=ORIENTED_EDGE('',*,*,#5338,.F.);
#8173=ORIENTED_EDGE('',*,*,#6234,.T.);
#8174=ORIENTED_EDGE('',*,*,#5769,.F.);
#8175=ORIENTED_EDGE('',*,*,#6235,.F.);
#8176=ORIENTED_EDGE('',*,*,#5339,.F.);
#8177=ORIENTED_EDGE('',*,*,#6235,.T.);
#8178=ORIENTED_EDGE('',*,*,#5768,.F.);
#8179=ORIENTED_EDGE('',*,*,#6232,.T.);
#8180=ORIENTED_EDGE('',*,*,#5336,.F.);
#8181=ORIENTED_EDGE('',*,*,#6236,.F.);
#8182=ORIENTED_EDGE('',*,*,#5775,.F.);
#8183=ORIENTED_EDGE('',*,*,#6237,.F.);
#8184=ORIENTED_EDGE('',*,*,#5341,.F.);
#8185=ORIENTED_EDGE('',*,*,#6237,.T.);
#8186=ORIENTED_EDGE('',*,*,#5774,.F.);
#8187=ORIENTED_EDGE('',*,*,#6238,.F.);
#8188=ORIENTED_EDGE('',*,*,#5342,.F.);
#8189=ORIENTED_EDGE('',*,*,#6238,.T.);
#8190=ORIENTED_EDGE('',*,*,#5773,.F.);
#8191=ORIENTED_EDGE('',*,*,#6239,.F.);
#8192=ORIENTED_EDGE('',*,*,#5343,.F.);
#8193=ORIENTED_EDGE('',*,*,#6239,.T.);
#8194=ORIENTED_EDGE('',*,*,#5772,.F.);
#8195=ORIENTED_EDGE('',*,*,#6236,.T.);
#8196=ORIENTED_EDGE('',*,*,#5340,.F.);
#8197=ORIENTED_EDGE('',*,*,#6240,.F.);
#8198=ORIENTED_EDGE('',*,*,#5779,.F.);
#8199=ORIENTED_EDGE('',*,*,#6241,.F.);
#8200=ORIENTED_EDGE('',*,*,#5345,.F.);
#8201=ORIENTED_EDGE('',*,*,#6241,.T.);
#8202=ORIENTED_EDGE('',*,*,#5778,.F.);
#8203=ORIENTED_EDGE('',*,*,#6242,.F.);
#8204=ORIENTED_EDGE('',*,*,#5346,.F.);
#8205=ORIENTED_EDGE('',*,*,#6242,.T.);
#8206=ORIENTED_EDGE('',*,*,#5777,.F.);
#8207=ORIENTED_EDGE('',*,*,#6243,.F.);
#8208=ORIENTED_EDGE('',*,*,#5347,.F.);
#8209=ORIENTED_EDGE('',*,*,#6243,.T.);
#8210=ORIENTED_EDGE('',*,*,#5776,.F.);
#8211=ORIENTED_EDGE('',*,*,#6240,.T.);
#8212=ORIENTED_EDGE('',*,*,#5344,.F.);
#8213=ORIENTED_EDGE('',*,*,#6244,.F.);
#8214=ORIENTED_EDGE('',*,*,#5783,.F.);
#8215=ORIENTED_EDGE('',*,*,#6245,.F.);
#8216=ORIENTED_EDGE('',*,*,#5349,.F.);
#8217=ORIENTED_EDGE('',*,*,#6245,.T.);
#8218=ORIENTED_EDGE('',*,*,#5782,.F.);
#8219=ORIENTED_EDGE('',*,*,#6246,.F.);
#8220=ORIENTED_EDGE('',*,*,#5350,.F.);
#8221=ORIENTED_EDGE('',*,*,#6246,.T.);
#8222=ORIENTED_EDGE('',*,*,#5781,.F.);
#8223=ORIENTED_EDGE('',*,*,#6247,.F.);
#8224=ORIENTED_EDGE('',*,*,#5351,.F.);
#8225=ORIENTED_EDGE('',*,*,#6247,.T.);
#8226=ORIENTED_EDGE('',*,*,#5780,.F.);
#8227=ORIENTED_EDGE('',*,*,#6244,.T.);
#8228=ORIENTED_EDGE('',*,*,#5348,.F.);
#8229=ORIENTED_EDGE('',*,*,#6248,.F.);
#8230=ORIENTED_EDGE('',*,*,#5787,.F.);
#8231=ORIENTED_EDGE('',*,*,#6249,.F.);
#8232=ORIENTED_EDGE('',*,*,#5353,.F.);
#8233=ORIENTED_EDGE('',*,*,#6249,.T.);
#8234=ORIENTED_EDGE('',*,*,#5786,.F.);
#8235=ORIENTED_EDGE('',*,*,#6250,.F.);
#8236=ORIENTED_EDGE('',*,*,#5354,.F.);
#8237=ORIENTED_EDGE('',*,*,#6250,.T.);
#8238=ORIENTED_EDGE('',*,*,#5785,.F.);
#8239=ORIENTED_EDGE('',*,*,#6251,.F.);
#8240=ORIENTED_EDGE('',*,*,#5355,.F.);
#8241=ORIENTED_EDGE('',*,*,#6251,.T.);
#8242=ORIENTED_EDGE('',*,*,#5784,.F.);
#8243=ORIENTED_EDGE('',*,*,#6248,.T.);
#8244=ORIENTED_EDGE('',*,*,#5352,.F.);
#8245=ORIENTED_EDGE('',*,*,#6252,.F.);
#8246=ORIENTED_EDGE('',*,*,#5791,.F.);
#8247=ORIENTED_EDGE('',*,*,#6253,.F.);
#8248=ORIENTED_EDGE('',*,*,#5357,.F.);
#8249=ORIENTED_EDGE('',*,*,#6253,.T.);
#8250=ORIENTED_EDGE('',*,*,#5790,.F.);
#8251=ORIENTED_EDGE('',*,*,#6254,.F.);
#8252=ORIENTED_EDGE('',*,*,#5358,.F.);
#8253=ORIENTED_EDGE('',*,*,#6254,.T.);
#8254=ORIENTED_EDGE('',*,*,#5789,.F.);
#8255=ORIENTED_EDGE('',*,*,#6255,.F.);
#8256=ORIENTED_EDGE('',*,*,#5359,.F.);
#8257=ORIENTED_EDGE('',*,*,#6255,.T.);
#8258=ORIENTED_EDGE('',*,*,#5788,.F.);
#8259=ORIENTED_EDGE('',*,*,#6252,.T.);
#8260=ORIENTED_EDGE('',*,*,#5356,.F.);
#8261=ORIENTED_EDGE('',*,*,#6256,.F.);
#8262=ORIENTED_EDGE('',*,*,#5795,.F.);
#8263=ORIENTED_EDGE('',*,*,#6257,.F.);
#8264=ORIENTED_EDGE('',*,*,#5361,.F.);
#8265=ORIENTED_EDGE('',*,*,#6257,.T.);
#8266=ORIENTED_EDGE('',*,*,#5794,.F.);
#8267=ORIENTED_EDGE('',*,*,#6258,.F.);
#8268=ORIENTED_EDGE('',*,*,#5362,.F.);
#8269=ORIENTED_EDGE('',*,*,#6258,.T.);
#8270=ORIENTED_EDGE('',*,*,#5793,.F.);
#8271=ORIENTED_EDGE('',*,*,#6259,.F.);
#8272=ORIENTED_EDGE('',*,*,#5363,.F.);
#8273=ORIENTED_EDGE('',*,*,#6259,.T.);
#8274=ORIENTED_EDGE('',*,*,#5792,.F.);
#8275=ORIENTED_EDGE('',*,*,#6256,.T.);
#8276=ORIENTED_EDGE('',*,*,#5360,.F.);
#8277=ORIENTED_EDGE('',*,*,#6260,.F.);
#8278=ORIENTED_EDGE('',*,*,#5799,.F.);
#8279=ORIENTED_EDGE('',*,*,#6261,.F.);
#8280=ORIENTED_EDGE('',*,*,#5365,.F.);
#8281=ORIENTED_EDGE('',*,*,#6261,.T.);
#8282=ORIENTED_EDGE('',*,*,#5798,.F.);
#8283=ORIENTED_EDGE('',*,*,#6262,.F.);
#8284=ORIENTED_EDGE('',*,*,#5366,.F.);
#8285=ORIENTED_EDGE('',*,*,#6262,.T.);
#8286=ORIENTED_EDGE('',*,*,#5797,.F.);
#8287=ORIENTED_EDGE('',*,*,#6263,.F.);
#8288=ORIENTED_EDGE('',*,*,#5367,.F.);
#8289=ORIENTED_EDGE('',*,*,#6263,.T.);
#8290=ORIENTED_EDGE('',*,*,#5796,.F.);
#8291=ORIENTED_EDGE('',*,*,#6260,.T.);
#8292=ORIENTED_EDGE('',*,*,#5364,.F.);
#8293=ORIENTED_EDGE('',*,*,#6264,.F.);
#8294=ORIENTED_EDGE('',*,*,#5803,.F.);
#8295=ORIENTED_EDGE('',*,*,#6265,.F.);
#8296=ORIENTED_EDGE('',*,*,#5369,.F.);
#8297=ORIENTED_EDGE('',*,*,#6265,.T.);
#8298=ORIENTED_EDGE('',*,*,#5802,.F.);
#8299=ORIENTED_EDGE('',*,*,#6266,.F.);
#8300=ORIENTED_EDGE('',*,*,#5370,.F.);
#8301=ORIENTED_EDGE('',*,*,#6266,.T.);
#8302=ORIENTED_EDGE('',*,*,#5801,.F.);
#8303=ORIENTED_EDGE('',*,*,#6267,.F.);
#8304=ORIENTED_EDGE('',*,*,#5371,.F.);
#8305=ORIENTED_EDGE('',*,*,#6267,.T.);
#8306=ORIENTED_EDGE('',*,*,#5800,.F.);
#8307=ORIENTED_EDGE('',*,*,#6264,.T.);
#8308=ORIENTED_EDGE('',*,*,#5368,.F.);
#8309=ORIENTED_EDGE('',*,*,#6268,.F.);
#8310=ORIENTED_EDGE('',*,*,#5807,.F.);
#8311=ORIENTED_EDGE('',*,*,#6269,.F.);
#8312=ORIENTED_EDGE('',*,*,#5373,.F.);
#8313=ORIENTED_EDGE('',*,*,#6269,.T.);
#8314=ORIENTED_EDGE('',*,*,#5806,.F.);
#8315=ORIENTED_EDGE('',*,*,#6270,.F.);
#8316=ORIENTED_EDGE('',*,*,#5374,.F.);
#8317=ORIENTED_EDGE('',*,*,#6270,.T.);
#8318=ORIENTED_EDGE('',*,*,#5805,.F.);
#8319=ORIENTED_EDGE('',*,*,#6271,.F.);
#8320=ORIENTED_EDGE('',*,*,#5375,.F.);
#8321=ORIENTED_EDGE('',*,*,#6271,.T.);
#8322=ORIENTED_EDGE('',*,*,#5804,.F.);
#8323=ORIENTED_EDGE('',*,*,#6268,.T.);
#8324=ORIENTED_EDGE('',*,*,#5372,.F.);
#8325=ORIENTED_EDGE('',*,*,#6272,.F.);
#8326=ORIENTED_EDGE('',*,*,#5811,.F.);
#8327=ORIENTED_EDGE('',*,*,#6273,.F.);
#8328=ORIENTED_EDGE('',*,*,#5377,.F.);
#8329=ORIENTED_EDGE('',*,*,#6273,.T.);
#8330=ORIENTED_EDGE('',*,*,#5810,.F.);
#8331=ORIENTED_EDGE('',*,*,#6274,.F.);
#8332=ORIENTED_EDGE('',*,*,#5378,.F.);
#8333=ORIENTED_EDGE('',*,*,#6274,.T.);
#8334=ORIENTED_EDGE('',*,*,#5809,.F.);
#8335=ORIENTED_EDGE('',*,*,#6275,.F.);
#8336=ORIENTED_EDGE('',*,*,#5379,.F.);
#8337=ORIENTED_EDGE('',*,*,#6275,.T.);
#8338=ORIENTED_EDGE('',*,*,#5808,.F.);
#8339=ORIENTED_EDGE('',*,*,#6272,.T.);
#8340=ORIENTED_EDGE('',*,*,#5376,.F.);
#8341=ORIENTED_EDGE('',*,*,#6276,.F.);
#8342=ORIENTED_EDGE('',*,*,#5815,.F.);
#8343=ORIENTED_EDGE('',*,*,#6277,.F.);
#8344=ORIENTED_EDGE('',*,*,#5381,.F.);
#8345=ORIENTED_EDGE('',*,*,#6277,.T.);
#8346=ORIENTED_EDGE('',*,*,#5814,.F.);
#8347=ORIENTED_EDGE('',*,*,#6278,.F.);
#8348=ORIENTED_EDGE('',*,*,#5382,.F.);
#8349=ORIENTED_EDGE('',*,*,#6278,.T.);
#8350=ORIENTED_EDGE('',*,*,#5813,.F.);
#8351=ORIENTED_EDGE('',*,*,#6279,.F.);
#8352=ORIENTED_EDGE('',*,*,#5383,.F.);
#8353=ORIENTED_EDGE('',*,*,#6279,.T.);
#8354=ORIENTED_EDGE('',*,*,#5812,.F.);
#8355=ORIENTED_EDGE('',*,*,#6276,.T.);
#8356=ORIENTED_EDGE('',*,*,#5380,.F.);
#8357=ORIENTED_EDGE('',*,*,#6280,.F.);
#8358=ORIENTED_EDGE('',*,*,#5819,.F.);
#8359=ORIENTED_EDGE('',*,*,#6281,.F.);
#8360=ORIENTED_EDGE('',*,*,#5385,.F.);
#8361=ORIENTED_EDGE('',*,*,#6281,.T.);
#8362=ORIENTED_EDGE('',*,*,#5818,.F.);
#8363=ORIENTED_EDGE('',*,*,#6282,.F.);
#8364=ORIENTED_EDGE('',*,*,#5386,.F.);
#8365=ORIENTED_EDGE('',*,*,#6282,.T.);
#8366=ORIENTED_EDGE('',*,*,#5817,.F.);
#8367=ORIENTED_EDGE('',*,*,#6283,.F.);
#8368=ORIENTED_EDGE('',*,*,#5387,.F.);
#8369=ORIENTED_EDGE('',*,*,#6283,.T.);
#8370=ORIENTED_EDGE('',*,*,#5816,.F.);
#8371=ORIENTED_EDGE('',*,*,#6280,.T.);
#8372=ORIENTED_EDGE('',*,*,#5384,.F.);
#8373=ORIENTED_EDGE('',*,*,#6284,.F.);
#8374=ORIENTED_EDGE('',*,*,#5823,.F.);
#8375=ORIENTED_EDGE('',*,*,#6285,.F.);
#8376=ORIENTED_EDGE('',*,*,#5389,.F.);
#8377=ORIENTED_EDGE('',*,*,#6285,.T.);
#8378=ORIENTED_EDGE('',*,*,#5822,.F.);
#8379=ORIENTED_EDGE('',*,*,#6286,.F.);
#8380=ORIENTED_EDGE('',*,*,#5390,.F.);
#8381=ORIENTED_EDGE('',*,*,#6286,.T.);
#8382=ORIENTED_EDGE('',*,*,#5821,.F.);
#8383=ORIENTED_EDGE('',*,*,#6287,.F.);
#8384=ORIENTED_EDGE('',*,*,#5391,.F.);
#8385=ORIENTED_EDGE('',*,*,#6287,.T.);
#8386=ORIENTED_EDGE('',*,*,#5820,.F.);
#8387=ORIENTED_EDGE('',*,*,#6284,.T.);
#8388=ORIENTED_EDGE('',*,*,#5388,.F.);
#8389=ORIENTED_EDGE('',*,*,#6288,.F.);
#8390=ORIENTED_EDGE('',*,*,#5827,.F.);
#8391=ORIENTED_EDGE('',*,*,#6289,.F.);
#8392=ORIENTED_EDGE('',*,*,#5393,.F.);
#8393=ORIENTED_EDGE('',*,*,#6289,.T.);
#8394=ORIENTED_EDGE('',*,*,#5826,.F.);
#8395=ORIENTED_EDGE('',*,*,#6290,.F.);
#8396=ORIENTED_EDGE('',*,*,#5394,.F.);
#8397=ORIENTED_EDGE('',*,*,#6290,.T.);
#8398=ORIENTED_EDGE('',*,*,#5825,.F.);
#8399=ORIENTED_EDGE('',*,*,#6291,.F.);
#8400=ORIENTED_EDGE('',*,*,#5395,.F.);
#8401=ORIENTED_EDGE('',*,*,#6291,.T.);
#8402=ORIENTED_EDGE('',*,*,#5824,.F.);
#8403=ORIENTED_EDGE('',*,*,#6288,.T.);
#8404=ORIENTED_EDGE('',*,*,#5392,.F.);
#8405=ORIENTED_EDGE('',*,*,#6292,.F.);
#8406=ORIENTED_EDGE('',*,*,#5831,.F.);
#8407=ORIENTED_EDGE('',*,*,#6293,.F.);
#8408=ORIENTED_EDGE('',*,*,#5397,.F.);
#8409=ORIENTED_EDGE('',*,*,#6293,.T.);
#8410=ORIENTED_EDGE('',*,*,#5830,.F.);
#8411=ORIENTED_EDGE('',*,*,#6294,.F.);
#8412=ORIENTED_EDGE('',*,*,#5398,.F.);
#8413=ORIENTED_EDGE('',*,*,#6294,.T.);
#8414=ORIENTED_EDGE('',*,*,#5829,.F.);
#8415=ORIENTED_EDGE('',*,*,#6295,.F.);
#8416=ORIENTED_EDGE('',*,*,#5399,.F.);
#8417=ORIENTED_EDGE('',*,*,#6295,.T.);
#8418=ORIENTED_EDGE('',*,*,#5828,.F.);
#8419=ORIENTED_EDGE('',*,*,#6292,.T.);
#8420=ORIENTED_EDGE('',*,*,#5396,.F.);
#8421=ORIENTED_EDGE('',*,*,#6296,.F.);
#8422=ORIENTED_EDGE('',*,*,#5835,.F.);
#8423=ORIENTED_EDGE('',*,*,#6297,.F.);
#8424=ORIENTED_EDGE('',*,*,#5401,.F.);
#8425=ORIENTED_EDGE('',*,*,#6297,.T.);
#8426=ORIENTED_EDGE('',*,*,#5834,.F.);
#8427=ORIENTED_EDGE('',*,*,#6298,.F.);
#8428=ORIENTED_EDGE('',*,*,#5402,.F.);
#8429=ORIENTED_EDGE('',*,*,#6298,.T.);
#8430=ORIENTED_EDGE('',*,*,#5833,.F.);
#8431=ORIENTED_EDGE('',*,*,#6299,.F.);
#8432=ORIENTED_EDGE('',*,*,#5403,.F.);
#8433=ORIENTED_EDGE('',*,*,#6299,.T.);
#8434=ORIENTED_EDGE('',*,*,#5832,.F.);
#8435=ORIENTED_EDGE('',*,*,#6296,.T.);
#8436=ORIENTED_EDGE('',*,*,#5400,.F.);
#8437=ORIENTED_EDGE('',*,*,#6300,.F.);
#8438=ORIENTED_EDGE('',*,*,#5839,.F.);
#8439=ORIENTED_EDGE('',*,*,#6301,.F.);
#8440=ORIENTED_EDGE('',*,*,#5405,.F.);
#8441=ORIENTED_EDGE('',*,*,#6301,.T.);
#8442=ORIENTED_EDGE('',*,*,#5838,.F.);
#8443=ORIENTED_EDGE('',*,*,#6302,.F.);
#8444=ORIENTED_EDGE('',*,*,#5406,.F.);
#8445=ORIENTED_EDGE('',*,*,#6302,.T.);
#8446=ORIENTED_EDGE('',*,*,#5837,.F.);
#8447=ORIENTED_EDGE('',*,*,#6303,.F.);
#8448=ORIENTED_EDGE('',*,*,#5407,.F.);
#8449=ORIENTED_EDGE('',*,*,#6303,.T.);
#8450=ORIENTED_EDGE('',*,*,#5836,.F.);
#8451=ORIENTED_EDGE('',*,*,#6300,.T.);
#8452=ORIENTED_EDGE('',*,*,#5404,.F.);
#8453=ORIENTED_EDGE('',*,*,#6304,.F.);
#8454=ORIENTED_EDGE('',*,*,#5843,.F.);
#8455=ORIENTED_EDGE('',*,*,#6305,.F.);
#8456=ORIENTED_EDGE('',*,*,#5409,.F.);
#8457=ORIENTED_EDGE('',*,*,#6305,.T.);
#8458=ORIENTED_EDGE('',*,*,#5842,.F.);
#8459=ORIENTED_EDGE('',*,*,#6306,.F.);
#8460=ORIENTED_EDGE('',*,*,#5410,.F.);
#8461=ORIENTED_EDGE('',*,*,#6306,.T.);
#8462=ORIENTED_EDGE('',*,*,#5841,.F.);
#8463=ORIENTED_EDGE('',*,*,#6307,.F.);
#8464=ORIENTED_EDGE('',*,*,#5411,.F.);
#8465=ORIENTED_EDGE('',*,*,#6307,.T.);
#8466=ORIENTED_EDGE('',*,*,#5840,.F.);
#8467=ORIENTED_EDGE('',*,*,#6304,.T.);
#8468=ORIENTED_EDGE('',*,*,#5408,.F.);
#8469=ORIENTED_EDGE('',*,*,#6308,.F.);
#8470=ORIENTED_EDGE('',*,*,#5847,.F.);
#8471=ORIENTED_EDGE('',*,*,#6309,.F.);
#8472=ORIENTED_EDGE('',*,*,#5413,.F.);
#8473=ORIENTED_EDGE('',*,*,#6309,.T.);
#8474=ORIENTED_EDGE('',*,*,#5846,.F.);
#8475=ORIENTED_EDGE('',*,*,#6310,.F.);
#8476=ORIENTED_EDGE('',*,*,#5414,.F.);
#8477=ORIENTED_EDGE('',*,*,#6310,.T.);
#8478=ORIENTED_EDGE('',*,*,#5845,.F.);
#8479=ORIENTED_EDGE('',*,*,#6311,.F.);
#8480=ORIENTED_EDGE('',*,*,#5415,.F.);
#8481=ORIENTED_EDGE('',*,*,#6311,.T.);
#8482=ORIENTED_EDGE('',*,*,#5844,.F.);
#8483=ORIENTED_EDGE('',*,*,#6308,.T.);
#8484=ORIENTED_EDGE('',*,*,#5412,.F.);
#8485=ORIENTED_EDGE('',*,*,#6312,.F.);
#8486=ORIENTED_EDGE('',*,*,#5851,.F.);
#8487=ORIENTED_EDGE('',*,*,#6313,.F.);
#8488=ORIENTED_EDGE('',*,*,#5417,.F.);
#8489=ORIENTED_EDGE('',*,*,#6313,.T.);
#8490=ORIENTED_EDGE('',*,*,#5850,.F.);
#8491=ORIENTED_EDGE('',*,*,#6314,.F.);
#8492=ORIENTED_EDGE('',*,*,#5418,.F.);
#8493=ORIENTED_EDGE('',*,*,#6314,.T.);
#8494=ORIENTED_EDGE('',*,*,#5849,.F.);
#8495=ORIENTED_EDGE('',*,*,#6315,.F.);
#8496=ORIENTED_EDGE('',*,*,#5419,.F.);
#8497=ORIENTED_EDGE('',*,*,#6315,.T.);
#8498=ORIENTED_EDGE('',*,*,#5848,.F.);
#8499=ORIENTED_EDGE('',*,*,#6312,.T.);
#8500=ORIENTED_EDGE('',*,*,#5416,.F.);
#8501=ORIENTED_EDGE('',*,*,#6316,.F.);
#8502=ORIENTED_EDGE('',*,*,#5855,.F.);
#8503=ORIENTED_EDGE('',*,*,#6317,.F.);
#8504=ORIENTED_EDGE('',*,*,#5421,.F.);
#8505=ORIENTED_EDGE('',*,*,#6317,.T.);
#8506=ORIENTED_EDGE('',*,*,#5854,.F.);
#8507=ORIENTED_EDGE('',*,*,#6318,.F.);
#8508=ORIENTED_EDGE('',*,*,#5422,.F.);
#8509=ORIENTED_EDGE('',*,*,#6318,.T.);
#8510=ORIENTED_EDGE('',*,*,#5853,.F.);
#8511=ORIENTED_EDGE('',*,*,#6319,.F.);
#8512=ORIENTED_EDGE('',*,*,#5423,.F.);
#8513=ORIENTED_EDGE('',*,*,#6319,.T.);
#8514=ORIENTED_EDGE('',*,*,#5852,.F.);
#8515=ORIENTED_EDGE('',*,*,#6316,.T.);
#8516=ORIENTED_EDGE('',*,*,#5420,.F.);
#8517=ORIENTED_EDGE('',*,*,#6320,.F.);
#8518=ORIENTED_EDGE('',*,*,#5859,.F.);
#8519=ORIENTED_EDGE('',*,*,#6321,.F.);
#8520=ORIENTED_EDGE('',*,*,#5425,.F.);
#8521=ORIENTED_EDGE('',*,*,#6321,.T.);
#8522=ORIENTED_EDGE('',*,*,#5858,.F.);
#8523=ORIENTED_EDGE('',*,*,#6322,.F.);
#8524=ORIENTED_EDGE('',*,*,#5426,.F.);
#8525=ORIENTED_EDGE('',*,*,#6322,.T.);
#8526=ORIENTED_EDGE('',*,*,#5857,.F.);
#8527=ORIENTED_EDGE('',*,*,#6323,.F.);
#8528=ORIENTED_EDGE('',*,*,#5427,.F.);
#8529=ORIENTED_EDGE('',*,*,#6323,.T.);
#8530=ORIENTED_EDGE('',*,*,#5856,.F.);
#8531=ORIENTED_EDGE('',*,*,#6320,.T.);
#8532=ORIENTED_EDGE('',*,*,#5424,.F.);
#8533=ORIENTED_EDGE('',*,*,#6075,.T.);
#8534=ORIENTED_EDGE('',*,*,#6035,.F.);
#8535=ORIENTED_EDGE('',*,*,#6324,.F.);
#8536=ORIENTED_EDGE('',*,*,#5561,.F.);
#8537=ORIENTED_EDGE('',*,*,#6324,.T.);
#8538=ORIENTED_EDGE('',*,*,#6034,.F.);
#8539=ORIENTED_EDGE('',*,*,#6087,.F.);
#8540=ORIENTED_EDGE('',*,*,#5562,.F.);
#8541=ORIENTED_EDGE('',*,*,#6086,.T.);
#8542=ORIENTED_EDGE('',*,*,#6012,.F.);
#8543=ORIENTED_EDGE('',*,*,#6085,.T.);
#8544=ORIENTED_EDGE('',*,*,#5584,.F.);
#8545=ORIENTED_EDGE('',*,*,#6325,.F.);
#8546=ORIENTED_EDGE('',*,*,#5863,.F.);
#8547=ORIENTED_EDGE('',*,*,#6326,.F.);
#8548=ORIENTED_EDGE('',*,*,#5429,.F.);
#8549=ORIENTED_EDGE('',*,*,#6326,.T.);
#8550=ORIENTED_EDGE('',*,*,#5862,.F.);
#8551=ORIENTED_EDGE('',*,*,#6327,.F.);
#8552=ORIENTED_EDGE('',*,*,#5430,.F.);
#8553=ORIENTED_EDGE('',*,*,#6327,.T.);
#8554=ORIENTED_EDGE('',*,*,#5861,.F.);
#8555=ORIENTED_EDGE('',*,*,#6328,.F.);
#8556=ORIENTED_EDGE('',*,*,#5431,.F.);
#8557=ORIENTED_EDGE('',*,*,#6328,.T.);
#8558=ORIENTED_EDGE('',*,*,#5860,.F.);
#8559=ORIENTED_EDGE('',*,*,#6325,.T.);
#8560=ORIENTED_EDGE('',*,*,#5428,.F.);
#8561=ORIENTED_EDGE('',*,*,#6329,.F.);
#8562=ORIENTED_EDGE('',*,*,#5867,.F.);
#8563=ORIENTED_EDGE('',*,*,#6330,.F.);
#8564=ORIENTED_EDGE('',*,*,#5433,.F.);
#8565=ORIENTED_EDGE('',*,*,#6330,.T.);
#8566=ORIENTED_EDGE('',*,*,#5866,.F.);
#8567=ORIENTED_EDGE('',*,*,#6331,.F.);
#8568=ORIENTED_EDGE('',*,*,#5434,.F.);
#8569=ORIENTED_EDGE('',*,*,#6331,.T.);
#8570=ORIENTED_EDGE('',*,*,#5865,.F.);
#8571=ORIENTED_EDGE('',*,*,#6332,.F.);
#8572=ORIENTED_EDGE('',*,*,#5435,.F.);
#8573=ORIENTED_EDGE('',*,*,#6332,.T.);
#8574=ORIENTED_EDGE('',*,*,#5864,.F.);
#8575=ORIENTED_EDGE('',*,*,#6329,.T.);
#8576=ORIENTED_EDGE('',*,*,#5432,.F.);
#8577=ORIENTED_EDGE('',*,*,#6333,.F.);
#8578=ORIENTED_EDGE('',*,*,#5911,.F.);
#8579=ORIENTED_EDGE('',*,*,#6334,.F.);
#8580=ORIENTED_EDGE('',*,*,#5437,.F.);
#8581=ORIENTED_EDGE('',*,*,#6334,.T.);
#8582=ORIENTED_EDGE('',*,*,#5910,.F.);
#8583=ORIENTED_EDGE('',*,*,#6335,.F.);
#8584=ORIENTED_EDGE('',*,*,#5438,.F.);
#8585=ORIENTED_EDGE('',*,*,#6335,.T.);
#8586=ORIENTED_EDGE('',*,*,#5909,.F.);
#8587=ORIENTED_EDGE('',*,*,#6336,.F.);
#8588=ORIENTED_EDGE('',*,*,#5439,.F.);
#8589=ORIENTED_EDGE('',*,*,#6336,.T.);
#8590=ORIENTED_EDGE('',*,*,#5908,.F.);
#8591=ORIENTED_EDGE('',*,*,#6337,.F.);
#8592=ORIENTED_EDGE('',*,*,#5440,.F.);
#8593=ORIENTED_EDGE('',*,*,#6337,.T.);
#8594=ORIENTED_EDGE('',*,*,#5907,.F.);
#8595=ORIENTED_EDGE('',*,*,#6338,.F.);
#8596=ORIENTED_EDGE('',*,*,#5441,.F.);
#8597=ORIENTED_EDGE('',*,*,#6338,.T.);
#8598=ORIENTED_EDGE('',*,*,#5906,.F.);
#8599=ORIENTED_EDGE('',*,*,#6339,.F.);
#8600=ORIENTED_EDGE('',*,*,#5442,.F.);
#8601=ORIENTED_EDGE('',*,*,#6339,.T.);
#8602=ORIENTED_EDGE('',*,*,#5905,.F.);
#8603=ORIENTED_EDGE('',*,*,#6340,.F.);
#8604=ORIENTED_EDGE('',*,*,#5443,.F.);
#8605=ORIENTED_EDGE('',*,*,#6340,.T.);
#8606=ORIENTED_EDGE('',*,*,#5904,.F.);
#8607=ORIENTED_EDGE('',*,*,#6341,.F.);
#8608=ORIENTED_EDGE('',*,*,#5444,.F.);
#8609=ORIENTED_EDGE('',*,*,#6341,.T.);
#8610=ORIENTED_EDGE('',*,*,#5903,.F.);
#8611=ORIENTED_EDGE('',*,*,#6342,.F.);
#8612=ORIENTED_EDGE('',*,*,#5445,.F.);
#8613=ORIENTED_EDGE('',*,*,#6342,.T.);
#8614=ORIENTED_EDGE('',*,*,#5902,.F.);
#8615=ORIENTED_EDGE('',*,*,#6343,.F.);
#8616=ORIENTED_EDGE('',*,*,#5446,.F.);
#8617=ORIENTED_EDGE('',*,*,#6343,.T.);
#8618=ORIENTED_EDGE('',*,*,#5901,.F.);
#8619=ORIENTED_EDGE('',*,*,#6344,.F.);
#8620=ORIENTED_EDGE('',*,*,#5447,.F.);
#8621=ORIENTED_EDGE('',*,*,#6344,.T.);
#8622=ORIENTED_EDGE('',*,*,#5900,.F.);
#8623=ORIENTED_EDGE('',*,*,#6345,.F.);
#8624=ORIENTED_EDGE('',*,*,#5448,.F.);
#8625=ORIENTED_EDGE('',*,*,#6345,.T.);
#8626=ORIENTED_EDGE('',*,*,#5899,.F.);
#8627=ORIENTED_EDGE('',*,*,#6346,.F.);
#8628=ORIENTED_EDGE('',*,*,#5449,.F.);
#8629=ORIENTED_EDGE('',*,*,#6346,.T.);
#8630=ORIENTED_EDGE('',*,*,#5898,.F.);
#8631=ORIENTED_EDGE('',*,*,#6347,.F.);
#8632=ORIENTED_EDGE('',*,*,#5450,.F.);
#8633=ORIENTED_EDGE('',*,*,#6347,.T.);
#8634=ORIENTED_EDGE('',*,*,#5897,.F.);
#8635=ORIENTED_EDGE('',*,*,#6348,.F.);
#8636=ORIENTED_EDGE('',*,*,#5451,.F.);
#8637=ORIENTED_EDGE('',*,*,#6348,.T.);
#8638=ORIENTED_EDGE('',*,*,#5896,.F.);
#8639=ORIENTED_EDGE('',*,*,#6349,.F.);
#8640=ORIENTED_EDGE('',*,*,#5452,.F.);
#8641=ORIENTED_EDGE('',*,*,#6349,.T.);
#8642=ORIENTED_EDGE('',*,*,#5895,.F.);
#8643=ORIENTED_EDGE('',*,*,#6350,.F.);
#8644=ORIENTED_EDGE('',*,*,#5453,.F.);
#8645=ORIENTED_EDGE('',*,*,#6350,.T.);
#8646=ORIENTED_EDGE('',*,*,#5894,.F.);
#8647=ORIENTED_EDGE('',*,*,#6351,.F.);
#8648=ORIENTED_EDGE('',*,*,#5454,.F.);
#8649=ORIENTED_EDGE('',*,*,#6351,.T.);
#8650=ORIENTED_EDGE('',*,*,#5893,.F.);
#8651=ORIENTED_EDGE('',*,*,#6352,.F.);
#8652=ORIENTED_EDGE('',*,*,#5455,.F.);
#8653=ORIENTED_EDGE('',*,*,#6352,.T.);
#8654=ORIENTED_EDGE('',*,*,#5892,.F.);
#8655=ORIENTED_EDGE('',*,*,#6353,.F.);
#8656=ORIENTED_EDGE('',*,*,#5456,.F.);
#8657=ORIENTED_EDGE('',*,*,#6353,.T.);
#8658=ORIENTED_EDGE('',*,*,#5891,.F.);
#8659=ORIENTED_EDGE('',*,*,#6354,.F.);
#8660=ORIENTED_EDGE('',*,*,#5457,.F.);
#8661=ORIENTED_EDGE('',*,*,#6354,.T.);
#8662=ORIENTED_EDGE('',*,*,#5890,.F.);
#8663=ORIENTED_EDGE('',*,*,#6355,.F.);
#8664=ORIENTED_EDGE('',*,*,#5458,.F.);
#8665=ORIENTED_EDGE('',*,*,#6355,.T.);
#8666=ORIENTED_EDGE('',*,*,#5889,.F.);
#8667=ORIENTED_EDGE('',*,*,#6356,.F.);
#8668=ORIENTED_EDGE('',*,*,#5459,.F.);
#8669=ORIENTED_EDGE('',*,*,#6356,.T.);
#8670=ORIENTED_EDGE('',*,*,#5888,.F.);
#8671=ORIENTED_EDGE('',*,*,#6357,.F.);
#8672=ORIENTED_EDGE('',*,*,#5460,.F.);
#8673=ORIENTED_EDGE('',*,*,#6357,.T.);
#8674=ORIENTED_EDGE('',*,*,#5887,.F.);
#8675=ORIENTED_EDGE('',*,*,#6358,.F.);
#8676=ORIENTED_EDGE('',*,*,#5461,.F.);
#8677=ORIENTED_EDGE('',*,*,#6358,.T.);
#8678=ORIENTED_EDGE('',*,*,#5886,.F.);
#8679=ORIENTED_EDGE('',*,*,#6359,.F.);
#8680=ORIENTED_EDGE('',*,*,#5462,.F.);
#8681=ORIENTED_EDGE('',*,*,#6359,.T.);
#8682=ORIENTED_EDGE('',*,*,#5885,.F.);
#8683=ORIENTED_EDGE('',*,*,#6360,.F.);
#8684=ORIENTED_EDGE('',*,*,#5463,.F.);
#8685=ORIENTED_EDGE('',*,*,#6360,.T.);
#8686=ORIENTED_EDGE('',*,*,#5884,.F.);
#8687=ORIENTED_EDGE('',*,*,#6361,.F.);
#8688=ORIENTED_EDGE('',*,*,#5464,.F.);
#8689=ORIENTED_EDGE('',*,*,#6361,.T.);
#8690=ORIENTED_EDGE('',*,*,#5883,.F.);
#8691=ORIENTED_EDGE('',*,*,#6362,.F.);
#8692=ORIENTED_EDGE('',*,*,#5465,.F.);
#8693=ORIENTED_EDGE('',*,*,#6362,.T.);
#8694=ORIENTED_EDGE('',*,*,#5882,.F.);
#8695=ORIENTED_EDGE('',*,*,#6363,.F.);
#8696=ORIENTED_EDGE('',*,*,#5466,.F.);
#8697=ORIENTED_EDGE('',*,*,#6363,.T.);
#8698=ORIENTED_EDGE('',*,*,#5881,.F.);
#8699=ORIENTED_EDGE('',*,*,#6364,.F.);
#8700=ORIENTED_EDGE('',*,*,#5467,.F.);
#8701=ORIENTED_EDGE('',*,*,#6364,.T.);
#8702=ORIENTED_EDGE('',*,*,#5880,.F.);
#8703=ORIENTED_EDGE('',*,*,#6365,.F.);
#8704=ORIENTED_EDGE('',*,*,#5468,.F.);
#8705=ORIENTED_EDGE('',*,*,#6365,.T.);
#8706=ORIENTED_EDGE('',*,*,#5879,.F.);
#8707=ORIENTED_EDGE('',*,*,#6366,.F.);
#8708=ORIENTED_EDGE('',*,*,#5469,.F.);
#8709=ORIENTED_EDGE('',*,*,#6366,.T.);
#8710=ORIENTED_EDGE('',*,*,#5878,.F.);
#8711=ORIENTED_EDGE('',*,*,#6367,.F.);
#8712=ORIENTED_EDGE('',*,*,#5470,.F.);
#8713=ORIENTED_EDGE('',*,*,#6367,.T.);
#8714=ORIENTED_EDGE('',*,*,#5877,.F.);
#8715=ORIENTED_EDGE('',*,*,#6368,.F.);
#8716=ORIENTED_EDGE('',*,*,#5471,.F.);
#8717=ORIENTED_EDGE('',*,*,#6368,.T.);
#8718=ORIENTED_EDGE('',*,*,#5876,.F.);
#8719=ORIENTED_EDGE('',*,*,#6369,.F.);
#8720=ORIENTED_EDGE('',*,*,#5472,.F.);
#8721=ORIENTED_EDGE('',*,*,#6369,.T.);
#8722=ORIENTED_EDGE('',*,*,#5875,.F.);
#8723=ORIENTED_EDGE('',*,*,#6370,.F.);
#8724=ORIENTED_EDGE('',*,*,#5473,.F.);
#8725=ORIENTED_EDGE('',*,*,#6370,.T.);
#8726=ORIENTED_EDGE('',*,*,#5874,.F.);
#8727=ORIENTED_EDGE('',*,*,#6371,.F.);
#8728=ORIENTED_EDGE('',*,*,#5474,.F.);
#8729=ORIENTED_EDGE('',*,*,#6371,.T.);
#8730=ORIENTED_EDGE('',*,*,#5873,.F.);
#8731=ORIENTED_EDGE('',*,*,#6372,.F.);
#8732=ORIENTED_EDGE('',*,*,#5475,.F.);
#8733=ORIENTED_EDGE('',*,*,#6372,.T.);
#8734=ORIENTED_EDGE('',*,*,#5872,.F.);
#8735=ORIENTED_EDGE('',*,*,#6373,.F.);
#8736=ORIENTED_EDGE('',*,*,#5476,.F.);
#8737=ORIENTED_EDGE('',*,*,#6373,.T.);
#8738=ORIENTED_EDGE('',*,*,#5871,.F.);
#8739=ORIENTED_EDGE('',*,*,#6374,.F.);
#8740=ORIENTED_EDGE('',*,*,#5477,.F.);
#8741=ORIENTED_EDGE('',*,*,#6374,.T.);
#8742=ORIENTED_EDGE('',*,*,#5870,.F.);
#8743=ORIENTED_EDGE('',*,*,#6375,.F.);
#8744=ORIENTED_EDGE('',*,*,#5478,.F.);
#8745=ORIENTED_EDGE('',*,*,#6375,.T.);
#8746=ORIENTED_EDGE('',*,*,#5869,.F.);
#8747=ORIENTED_EDGE('',*,*,#6376,.F.);
#8748=ORIENTED_EDGE('',*,*,#5479,.F.);
#8749=ORIENTED_EDGE('',*,*,#6376,.T.);
#8750=ORIENTED_EDGE('',*,*,#5868,.F.);
#8751=ORIENTED_EDGE('',*,*,#6333,.T.);
#8752=ORIENTED_EDGE('',*,*,#5436,.F.);
#8753=ORIENTED_EDGE('',*,*,#6377,.F.);
#8754=ORIENTED_EDGE('',*,*,#5915,.F.);
#8755=ORIENTED_EDGE('',*,*,#6378,.F.);
#8756=ORIENTED_EDGE('',*,*,#5481,.F.);
#8757=ORIENTED_EDGE('',*,*,#6378,.T.);
#8758=ORIENTED_EDGE('',*,*,#5914,.F.);
#8759=ORIENTED_EDGE('',*,*,#6379,.F.);
#8760=ORIENTED_EDGE('',*,*,#5482,.F.);
#8761=ORIENTED_EDGE('',*,*,#6379,.T.);
#8762=ORIENTED_EDGE('',*,*,#5913,.F.);
#8763=ORIENTED_EDGE('',*,*,#6380,.F.);
#8764=ORIENTED_EDGE('',*,*,#5483,.F.);
#8765=ORIENTED_EDGE('',*,*,#6380,.T.);
#8766=ORIENTED_EDGE('',*,*,#5912,.F.);
#8767=ORIENTED_EDGE('',*,*,#6377,.T.);
#8768=ORIENTED_EDGE('',*,*,#5480,.F.);
#8769=ORIENTED_EDGE('',*,*,#6381,.F.);
#8770=ORIENTED_EDGE('',*,*,#5919,.F.);
#8771=ORIENTED_EDGE('',*,*,#6382,.F.);
#8772=ORIENTED_EDGE('',*,*,#5485,.F.);
#8773=ORIENTED_EDGE('',*,*,#6382,.T.);
#8774=ORIENTED_EDGE('',*,*,#5918,.F.);
#8775=ORIENTED_EDGE('',*,*,#6383,.F.);
#8776=ORIENTED_EDGE('',*,*,#5486,.F.);
#8777=ORIENTED_EDGE('',*,*,#6383,.T.);
#8778=ORIENTED_EDGE('',*,*,#5917,.F.);
#8779=ORIENTED_EDGE('',*,*,#6384,.F.);
#8780=ORIENTED_EDGE('',*,*,#5487,.F.);
#8781=ORIENTED_EDGE('',*,*,#6384,.T.);
#8782=ORIENTED_EDGE('',*,*,#5916,.F.);
#8783=ORIENTED_EDGE('',*,*,#6381,.T.);
#8784=ORIENTED_EDGE('',*,*,#5484,.F.);
#8785=ORIENTED_EDGE('',*,*,#6385,.F.);
#8786=ORIENTED_EDGE('',*,*,#5923,.F.);
#8787=ORIENTED_EDGE('',*,*,#6386,.F.);
#8788=ORIENTED_EDGE('',*,*,#5489,.F.);
#8789=ORIENTED_EDGE('',*,*,#6386,.T.);
#8790=ORIENTED_EDGE('',*,*,#5922,.F.);
#8791=ORIENTED_EDGE('',*,*,#6387,.F.);
#8792=ORIENTED_EDGE('',*,*,#5490,.F.);
#8793=ORIENTED_EDGE('',*,*,#6387,.T.);
#8794=ORIENTED_EDGE('',*,*,#5921,.F.);
#8795=ORIENTED_EDGE('',*,*,#6388,.F.);
#8796=ORIENTED_EDGE('',*,*,#5491,.F.);
#8797=ORIENTED_EDGE('',*,*,#6388,.T.);
#8798=ORIENTED_EDGE('',*,*,#5920,.F.);
#8799=ORIENTED_EDGE('',*,*,#6385,.T.);
#8800=ORIENTED_EDGE('',*,*,#5488,.F.);
#8801=ORIENTED_EDGE('',*,*,#6389,.F.);
#8802=ORIENTED_EDGE('',*,*,#5927,.F.);
#8803=ORIENTED_EDGE('',*,*,#6390,.F.);
#8804=ORIENTED_EDGE('',*,*,#5493,.F.);
#8805=ORIENTED_EDGE('',*,*,#6390,.T.);
#8806=ORIENTED_EDGE('',*,*,#5926,.F.);
#8807=ORIENTED_EDGE('',*,*,#6391,.F.);
#8808=ORIENTED_EDGE('',*,*,#5494,.F.);
#8809=ORIENTED_EDGE('',*,*,#6391,.T.);
#8810=ORIENTED_EDGE('',*,*,#5925,.F.);
#8811=ORIENTED_EDGE('',*,*,#6392,.F.);
#8812=ORIENTED_EDGE('',*,*,#5495,.F.);
#8813=ORIENTED_EDGE('',*,*,#6392,.T.);
#8814=ORIENTED_EDGE('',*,*,#5924,.F.);
#8815=ORIENTED_EDGE('',*,*,#6389,.T.);
#8816=ORIENTED_EDGE('',*,*,#5492,.F.);
#8817=ORIENTED_EDGE('',*,*,#6393,.F.);
#8818=ORIENTED_EDGE('',*,*,#5931,.F.);
#8819=ORIENTED_EDGE('',*,*,#6394,.F.);
#8820=ORIENTED_EDGE('',*,*,#5497,.F.);
#8821=ORIENTED_EDGE('',*,*,#6394,.T.);
#8822=ORIENTED_EDGE('',*,*,#5930,.F.);
#8823=ORIENTED_EDGE('',*,*,#6395,.F.);
#8824=ORIENTED_EDGE('',*,*,#5498,.F.);
#8825=ORIENTED_EDGE('',*,*,#6395,.T.);
#8826=ORIENTED_EDGE('',*,*,#5929,.F.);
#8827=ORIENTED_EDGE('',*,*,#6396,.F.);
#8828=ORIENTED_EDGE('',*,*,#5499,.F.);
#8829=ORIENTED_EDGE('',*,*,#6396,.T.);
#8830=ORIENTED_EDGE('',*,*,#5928,.F.);
#8831=ORIENTED_EDGE('',*,*,#6393,.T.);
#8832=ORIENTED_EDGE('',*,*,#5496,.F.);
#8833=ORIENTED_EDGE('',*,*,#6397,.F.);
#8834=ORIENTED_EDGE('',*,*,#5935,.F.);
#8835=ORIENTED_EDGE('',*,*,#6398,.F.);
#8836=ORIENTED_EDGE('',*,*,#5501,.F.);
#8837=ORIENTED_EDGE('',*,*,#6398,.T.);
#8838=ORIENTED_EDGE('',*,*,#5934,.F.);
#8839=ORIENTED_EDGE('',*,*,#6399,.F.);
#8840=ORIENTED_EDGE('',*,*,#5502,.F.);
#8841=ORIENTED_EDGE('',*,*,#6399,.T.);
#8842=ORIENTED_EDGE('',*,*,#5933,.F.);
#8843=ORIENTED_EDGE('',*,*,#6400,.F.);
#8844=ORIENTED_EDGE('',*,*,#5503,.F.);
#8845=ORIENTED_EDGE('',*,*,#6400,.T.);
#8846=ORIENTED_EDGE('',*,*,#5932,.F.);
#8847=ORIENTED_EDGE('',*,*,#6397,.T.);
#8848=ORIENTED_EDGE('',*,*,#5500,.F.);
#8849=ORIENTED_EDGE('',*,*,#6401,.F.);
#8850=ORIENTED_EDGE('',*,*,#5939,.F.);
#8851=ORIENTED_EDGE('',*,*,#6402,.F.);
#8852=ORIENTED_EDGE('',*,*,#5505,.F.);
#8853=ORIENTED_EDGE('',*,*,#6402,.T.);
#8854=ORIENTED_EDGE('',*,*,#5938,.F.);
#8855=ORIENTED_EDGE('',*,*,#6403,.F.);
#8856=ORIENTED_EDGE('',*,*,#5506,.F.);
#8857=ORIENTED_EDGE('',*,*,#6403,.T.);
#8858=ORIENTED_EDGE('',*,*,#5937,.F.);
#8859=ORIENTED_EDGE('',*,*,#6404,.F.);
#8860=ORIENTED_EDGE('',*,*,#5507,.F.);
#8861=ORIENTED_EDGE('',*,*,#6404,.T.);
#8862=ORIENTED_EDGE('',*,*,#5936,.F.);
#8863=ORIENTED_EDGE('',*,*,#6401,.T.);
#8864=ORIENTED_EDGE('',*,*,#5504,.F.);
#8865=ORIENTED_EDGE('',*,*,#6405,.F.);
#8866=ORIENTED_EDGE('',*,*,#5943,.F.);
#8867=ORIENTED_EDGE('',*,*,#6406,.F.);
#8868=ORIENTED_EDGE('',*,*,#5509,.F.);
#8869=ORIENTED_EDGE('',*,*,#6406,.T.);
#8870=ORIENTED_EDGE('',*,*,#5942,.F.);
#8871=ORIENTED_EDGE('',*,*,#6407,.F.);
#8872=ORIENTED_EDGE('',*,*,#5510,.F.);
#8873=ORIENTED_EDGE('',*,*,#6407,.T.);
#8874=ORIENTED_EDGE('',*,*,#5941,.F.);
#8875=ORIENTED_EDGE('',*,*,#6408,.F.);
#8876=ORIENTED_EDGE('',*,*,#5511,.F.);
#8877=ORIENTED_EDGE('',*,*,#6408,.T.);
#8878=ORIENTED_EDGE('',*,*,#5940,.F.);
#8879=ORIENTED_EDGE('',*,*,#6405,.T.);
#8880=ORIENTED_EDGE('',*,*,#5508,.F.);
#8881=ORIENTED_EDGE('',*,*,#6409,.F.);
#8882=ORIENTED_EDGE('',*,*,#5947,.F.);
#8883=ORIENTED_EDGE('',*,*,#6410,.F.);
#8884=ORIENTED_EDGE('',*,*,#5513,.F.);
#8885=ORIENTED_EDGE('',*,*,#6410,.T.);
#8886=ORIENTED_EDGE('',*,*,#5946,.F.);
#8887=ORIENTED_EDGE('',*,*,#6411,.F.);
#8888=ORIENTED_EDGE('',*,*,#5514,.F.);
#8889=ORIENTED_EDGE('',*,*,#6411,.T.);
#8890=ORIENTED_EDGE('',*,*,#5945,.F.);
#8891=ORIENTED_EDGE('',*,*,#6412,.F.);
#8892=ORIENTED_EDGE('',*,*,#5515,.F.);
#8893=ORIENTED_EDGE('',*,*,#6412,.T.);
#8894=ORIENTED_EDGE('',*,*,#5944,.F.);
#8895=ORIENTED_EDGE('',*,*,#6409,.T.);
#8896=ORIENTED_EDGE('',*,*,#5512,.F.);
#8897=ORIENTED_EDGE('',*,*,#6413,.F.);
#8898=ORIENTED_EDGE('',*,*,#5951,.F.);
#8899=ORIENTED_EDGE('',*,*,#6414,.F.);
#8900=ORIENTED_EDGE('',*,*,#5517,.F.);
#8901=ORIENTED_EDGE('',*,*,#6414,.T.);
#8902=ORIENTED_EDGE('',*,*,#5950,.F.);
#8903=ORIENTED_EDGE('',*,*,#6415,.F.);
#8904=ORIENTED_EDGE('',*,*,#5518,.F.);
#8905=ORIENTED_EDGE('',*,*,#6415,.T.);
#8906=ORIENTED_EDGE('',*,*,#5949,.F.);
#8907=ORIENTED_EDGE('',*,*,#6416,.F.);
#8908=ORIENTED_EDGE('',*,*,#5519,.F.);
#8909=ORIENTED_EDGE('',*,*,#6416,.T.);
#8910=ORIENTED_EDGE('',*,*,#5948,.F.);
#8911=ORIENTED_EDGE('',*,*,#6413,.T.);
#8912=ORIENTED_EDGE('',*,*,#5516,.F.);
#8913=ORIENTED_EDGE('',*,*,#6417,.F.);
#8914=ORIENTED_EDGE('',*,*,#5955,.F.);
#8915=ORIENTED_EDGE('',*,*,#6418,.F.);
#8916=ORIENTED_EDGE('',*,*,#5521,.F.);
#8917=ORIENTED_EDGE('',*,*,#6418,.T.);
#8918=ORIENTED_EDGE('',*,*,#5954,.F.);
#8919=ORIENTED_EDGE('',*,*,#6419,.F.);
#8920=ORIENTED_EDGE('',*,*,#5522,.F.);
#8921=ORIENTED_EDGE('',*,*,#6419,.T.);
#8922=ORIENTED_EDGE('',*,*,#5953,.F.);
#8923=ORIENTED_EDGE('',*,*,#6420,.F.);
#8924=ORIENTED_EDGE('',*,*,#5523,.F.);
#8925=ORIENTED_EDGE('',*,*,#6420,.T.);
#8926=ORIENTED_EDGE('',*,*,#5952,.F.);
#8927=ORIENTED_EDGE('',*,*,#6417,.T.);
#8928=ORIENTED_EDGE('',*,*,#5520,.F.);
#8929=ORIENTED_EDGE('',*,*,#6421,.F.);
#8930=ORIENTED_EDGE('',*,*,#5959,.F.);
#8931=ORIENTED_EDGE('',*,*,#6422,.F.);
#8932=ORIENTED_EDGE('',*,*,#5525,.F.);
#8933=ORIENTED_EDGE('',*,*,#6422,.T.);
#8934=ORIENTED_EDGE('',*,*,#5958,.F.);
#8935=ORIENTED_EDGE('',*,*,#6423,.F.);
#8936=ORIENTED_EDGE('',*,*,#5526,.F.);
#8937=ORIENTED_EDGE('',*,*,#6423,.T.);
#8938=ORIENTED_EDGE('',*,*,#5957,.F.);
#8939=ORIENTED_EDGE('',*,*,#6424,.F.);
#8940=ORIENTED_EDGE('',*,*,#5527,.F.);
#8941=ORIENTED_EDGE('',*,*,#6424,.T.);
#8942=ORIENTED_EDGE('',*,*,#5956,.F.);
#8943=ORIENTED_EDGE('',*,*,#6421,.T.);
#8944=ORIENTED_EDGE('',*,*,#5524,.F.);
#8945=ORIENTED_EDGE('',*,*,#6425,.F.);
#8946=ORIENTED_EDGE('',*,*,#5963,.F.);
#8947=ORIENTED_EDGE('',*,*,#6426,.F.);
#8948=ORIENTED_EDGE('',*,*,#5529,.F.);
#8949=ORIENTED_EDGE('',*,*,#6426,.T.);
#8950=ORIENTED_EDGE('',*,*,#5962,.F.);
#8951=ORIENTED_EDGE('',*,*,#6427,.F.);
#8952=ORIENTED_EDGE('',*,*,#5530,.F.);
#8953=ORIENTED_EDGE('',*,*,#6427,.T.);
#8954=ORIENTED_EDGE('',*,*,#5961,.F.);
#8955=ORIENTED_EDGE('',*,*,#6428,.F.);
#8956=ORIENTED_EDGE('',*,*,#5531,.F.);
#8957=ORIENTED_EDGE('',*,*,#6428,.T.);
#8958=ORIENTED_EDGE('',*,*,#5960,.F.);
#8959=ORIENTED_EDGE('',*,*,#6425,.T.);
#8960=ORIENTED_EDGE('',*,*,#5528,.F.);
#8961=ORIENTED_EDGE('',*,*,#6429,.F.);
#8962=ORIENTED_EDGE('',*,*,#5967,.F.);
#8963=ORIENTED_EDGE('',*,*,#6430,.F.);
#8964=ORIENTED_EDGE('',*,*,#5533,.F.);
#8965=ORIENTED_EDGE('',*,*,#6430,.T.);
#8966=ORIENTED_EDGE('',*,*,#5966,.F.);
#8967=ORIENTED_EDGE('',*,*,#6431,.F.);
#8968=ORIENTED_EDGE('',*,*,#5534,.F.);
#8969=ORIENTED_EDGE('',*,*,#6431,.T.);
#8970=ORIENTED_EDGE('',*,*,#5965,.F.);
#8971=ORIENTED_EDGE('',*,*,#6432,.F.);
#8972=ORIENTED_EDGE('',*,*,#5535,.F.);
#8973=ORIENTED_EDGE('',*,*,#6432,.T.);
#8974=ORIENTED_EDGE('',*,*,#5964,.F.);
#8975=ORIENTED_EDGE('',*,*,#6429,.T.);
#8976=ORIENTED_EDGE('',*,*,#5532,.F.);
#8977=ORIENTED_EDGE('',*,*,#6433,.F.);
#8978=ORIENTED_EDGE('',*,*,#5971,.F.);
#8979=ORIENTED_EDGE('',*,*,#6434,.F.);
#8980=ORIENTED_EDGE('',*,*,#5537,.F.);
#8981=ORIENTED_EDGE('',*,*,#6434,.T.);
#8982=ORIENTED_EDGE('',*,*,#5970,.F.);
#8983=ORIENTED_EDGE('',*,*,#6435,.F.);
#8984=ORIENTED_EDGE('',*,*,#5538,.F.);
#8985=ORIENTED_EDGE('',*,*,#6435,.T.);
#8986=ORIENTED_EDGE('',*,*,#5969,.F.);
#8987=ORIENTED_EDGE('',*,*,#6436,.F.);
#8988=ORIENTED_EDGE('',*,*,#5539,.F.);
#8989=ORIENTED_EDGE('',*,*,#6436,.T.);
#8990=ORIENTED_EDGE('',*,*,#5968,.F.);
#8991=ORIENTED_EDGE('',*,*,#6433,.T.);
#8992=ORIENTED_EDGE('',*,*,#5536,.F.);
#8993=ORIENTED_EDGE('',*,*,#6437,.F.);
#8994=ORIENTED_EDGE('',*,*,#5975,.F.);
#8995=ORIENTED_EDGE('',*,*,#6438,.F.);
#8996=ORIENTED_EDGE('',*,*,#5541,.F.);
#8997=ORIENTED_EDGE('',*,*,#6438,.T.);
#8998=ORIENTED_EDGE('',*,*,#5974,.F.);
#8999=ORIENTED_EDGE('',*,*,#6439,.F.);
#9000=ORIENTED_EDGE('',*,*,#5542,.F.);
#9001=ORIENTED_EDGE('',*,*,#6439,.T.);
#9002=ORIENTED_EDGE('',*,*,#5973,.F.);
#9003=ORIENTED_EDGE('',*,*,#6440,.F.);
#9004=ORIENTED_EDGE('',*,*,#5543,.F.);
#9005=ORIENTED_EDGE('',*,*,#6440,.T.);
#9006=ORIENTED_EDGE('',*,*,#5972,.F.);
#9007=ORIENTED_EDGE('',*,*,#6437,.T.);
#9008=ORIENTED_EDGE('',*,*,#5540,.F.);
#9009=ORIENTED_EDGE('',*,*,#6441,.F.);
#9010=ORIENTED_EDGE('',*,*,#5979,.F.);
#9011=ORIENTED_EDGE('',*,*,#6442,.F.);
#9012=ORIENTED_EDGE('',*,*,#5545,.F.);
#9013=ORIENTED_EDGE('',*,*,#6442,.T.);
#9014=ORIENTED_EDGE('',*,*,#5978,.F.);
#9015=ORIENTED_EDGE('',*,*,#6443,.F.);
#9016=ORIENTED_EDGE('',*,*,#5546,.F.);
#9017=ORIENTED_EDGE('',*,*,#6443,.T.);
#9018=ORIENTED_EDGE('',*,*,#5977,.F.);
#9019=ORIENTED_EDGE('',*,*,#6444,.F.);
#9020=ORIENTED_EDGE('',*,*,#5547,.F.);
#9021=ORIENTED_EDGE('',*,*,#6444,.T.);
#9022=ORIENTED_EDGE('',*,*,#5976,.F.);
#9023=ORIENTED_EDGE('',*,*,#6441,.T.);
#9024=ORIENTED_EDGE('',*,*,#5544,.F.);
#9025=ORIENTED_EDGE('',*,*,#6445,.F.);
#9026=ORIENTED_EDGE('',*,*,#5983,.F.);
#9027=ORIENTED_EDGE('',*,*,#6446,.F.);
#9028=ORIENTED_EDGE('',*,*,#5549,.F.);
#9029=ORIENTED_EDGE('',*,*,#6446,.T.);
#9030=ORIENTED_EDGE('',*,*,#5982,.F.);
#9031=ORIENTED_EDGE('',*,*,#6447,.F.);
#9032=ORIENTED_EDGE('',*,*,#5550,.F.);
#9033=ORIENTED_EDGE('',*,*,#6447,.T.);
#9034=ORIENTED_EDGE('',*,*,#5981,.F.);
#9035=ORIENTED_EDGE('',*,*,#6448,.F.);
#9036=ORIENTED_EDGE('',*,*,#5551,.F.);
#9037=ORIENTED_EDGE('',*,*,#6448,.T.);
#9038=ORIENTED_EDGE('',*,*,#5980,.F.);
#9039=ORIENTED_EDGE('',*,*,#6445,.T.);
#9040=ORIENTED_EDGE('',*,*,#5548,.F.);
#9041=ORIENTED_EDGE('',*,*,#6449,.F.);
#9042=ORIENTED_EDGE('',*,*,#5987,.F.);
#9043=ORIENTED_EDGE('',*,*,#6450,.F.);
#9044=ORIENTED_EDGE('',*,*,#5553,.F.);
#9045=ORIENTED_EDGE('',*,*,#6450,.T.);
#9046=ORIENTED_EDGE('',*,*,#5986,.F.);
#9047=ORIENTED_EDGE('',*,*,#6451,.F.);
#9048=ORIENTED_EDGE('',*,*,#5554,.F.);
#9049=ORIENTED_EDGE('',*,*,#6451,.T.);
#9050=ORIENTED_EDGE('',*,*,#5985,.F.);
#9051=ORIENTED_EDGE('',*,*,#6452,.F.);
#9052=ORIENTED_EDGE('',*,*,#5555,.F.);
#9053=ORIENTED_EDGE('',*,*,#6452,.T.);
#9054=ORIENTED_EDGE('',*,*,#5984,.F.);
#9055=ORIENTED_EDGE('',*,*,#6449,.T.);
#9056=ORIENTED_EDGE('',*,*,#5552,.F.);
#9057=ORIENTED_EDGE('',*,*,#6453,.F.);
#9058=ORIENTED_EDGE('',*,*,#5991,.F.);
#9059=ORIENTED_EDGE('',*,*,#6454,.F.);
#9060=ORIENTED_EDGE('',*,*,#5557,.F.);
#9061=ORIENTED_EDGE('',*,*,#6454,.T.);
#9062=ORIENTED_EDGE('',*,*,#5990,.F.);
#9063=ORIENTED_EDGE('',*,*,#6455,.F.);
#9064=ORIENTED_EDGE('',*,*,#5558,.F.);
#9065=ORIENTED_EDGE('',*,*,#6455,.T.);
#9066=ORIENTED_EDGE('',*,*,#5989,.F.);
#9067=ORIENTED_EDGE('',*,*,#6456,.F.);
#9068=ORIENTED_EDGE('',*,*,#5559,.F.);
#9069=ORIENTED_EDGE('',*,*,#6456,.T.);
#9070=ORIENTED_EDGE('',*,*,#5988,.F.);
#9071=ORIENTED_EDGE('',*,*,#6453,.T.);
#9072=ORIENTED_EDGE('',*,*,#5556,.F.);
#9073=CYLINDRICAL_SURFACE('',#9533,0.999999999999979);
#9074=CYLINDRICAL_SURFACE('',#9540,0.999999999999996);
#9075=CYLINDRICAL_SURFACE('',#9567,1.6);
#9076=CYLINDRICAL_SURFACE('',#9568,1.6);
#9077=CYLINDRICAL_SURFACE('',#9569,1.6);
#9078=CYLINDRICAL_SURFACE('',#9570,1.6);
#9079=CYLINDRICAL_SURFACE('',#9571,1.6);
#9080=CYLINDRICAL_SURFACE('',#9572,1.6);
#9081=ADVANCED_FACE('',(#623),#9073,.F.);
#9082=ADVANCED_FACE('',(#624),#193,.T.);
#9083=ADVANCED_FACE('',(#625),#194,.F.);
#9084=ADVANCED_FACE('',(#626),#195,.F.);
#9085=ADVANCED_FACE('',(#627),#196,.T.);
#9086=ADVANCED_FACE('',(#628),#9074,.F.);
#9087=ADVANCED_FACE('',(#629),#197,.F.);
#9088=ADVANCED_FACE('',(#630),#198,.T.);
#9089=ADVANCED_FACE('',(#631),#199,.T.);
#9090=ADVANCED_FACE('',(#632,#15,#16,#17,#18,#19,#20,#21,#22,#23,#24,#25,
#26,#27,#28,#29,#30,#31,#32,#33,#34,#35,#36,#37,#38,#39,#40,#41,#42,#43,
#44,#45,#46,#47,#48,#49,#50,#51,#52,#53,#54,#55,#56,#57,#58,#59,#60,#61,
#62,#63,#64,#65,#66,#67,#68,#69,#70,#71,#72,#73,#74,#75,#76,#77,#78,#79,
#80,#81,#82,#83,#84,#85,#86,#87,#88,#89,#90,#91,#92,#93,#94,#95,#96,#97,
#98,#99,#100,#101,#102,#103),#200,.T.);
#9091=ADVANCED_FACE('',(#633),#201,.T.);
#9092=ADVANCED_FACE('',(#634),#202,.T.);
#9093=ADVANCED_FACE('',(#635),#203,.T.);
#9094=ADVANCED_FACE('',(#636),#204,.F.);
#9095=ADVANCED_FACE('',(#637),#205,.T.);
#9096=ADVANCED_FACE('',(#638),#206,.T.);
#9097=ADVANCED_FACE('',(#639,#104,#105,#106,#107,#108,#109,#110,#111,#112,
#113,#114,#115,#116,#117,#118,#119,#120,#121,#122,#123,#124,#125,#126,#127,
#128,#129,#130,#131,#132,#133,#134,#135,#136,#137,#138,#139,#140,#141,#142,
#143,#144,#145,#146,#147,#148,#149,#150,#151,#152,#153,#154,#155,#156,#157,
#158,#159,#160,#161,#162,#163,#164,#165,#166,#167,#168,#169,#170,#171,#172,
#173,#174,#175,#176,#177,#178,#179,#180,#181,#182,#183,#184,#185,#186,#187,
#188,#189,#190,#191,#192),#207,.T.);
#9098=ADVANCED_FACE('',(#640),#208,.T.);
#9099=ADVANCED_FACE('',(#641),#9075,.F.);
#9100=ADVANCED_FACE('',(#642),#9076,.F.);
#9101=ADVANCED_FACE('',(#643),#9077,.F.);
#9102=ADVANCED_FACE('',(#644),#9078,.F.);
#9103=ADVANCED_FACE('',(#645),#9079,.F.);
#9104=ADVANCED_FACE('',(#646),#9080,.F.);
#9105=ADVANCED_FACE('',(#647),#209,.F.);
#9106=ADVANCED_FACE('',(#648),#210,.F.);
#9107=ADVANCED_FACE('',(#649),#211,.F.);
#9108=ADVANCED_FACE('',(#650),#212,.F.);
#9109=ADVANCED_FACE('',(#651),#213,.F.);
#9110=ADVANCED_FACE('',(#652),#214,.F.);
#9111=ADVANCED_FACE('',(#653),#215,.F.);
#9112=ADVANCED_FACE('',(#654),#216,.F.);
#9113=ADVANCED_FACE('',(#655),#217,.F.);
#9114=ADVANCED_FACE('',(#656),#218,.F.);
#9115=ADVANCED_FACE('',(#657),#219,.F.);
#9116=ADVANCED_FACE('',(#658),#220,.F.);
#9117=ADVANCED_FACE('',(#659),#221,.F.);
#9118=ADVANCED_FACE('',(#660),#222,.F.);
#9119=ADVANCED_FACE('',(#661),#223,.F.);
#9120=ADVANCED_FACE('',(#662),#224,.F.);
#9121=ADVANCED_FACE('',(#663),#225,.F.);
#9122=ADVANCED_FACE('',(#664),#226,.F.);
#9123=ADVANCED_FACE('',(#665),#227,.F.);
#9124=ADVANCED_FACE('',(#666),#228,.F.);
#9125=ADVANCED_FACE('',(#667),#229,.F.);
#9126=ADVANCED_FACE('',(#668),#230,.F.);
#9127=ADVANCED_FACE('',(#669),#231,.F.);
#9128=ADVANCED_FACE('',(#670),#232,.F.);
#9129=ADVANCED_FACE('',(#671),#233,.F.);
#9130=ADVANCED_FACE('',(#672),#234,.F.);
#9131=ADVANCED_FACE('',(#673),#235,.F.);
#9132=ADVANCED_FACE('',(#674),#236,.F.);
#9133=ADVANCED_FACE('',(#675),#237,.F.);
#9134=ADVANCED_FACE('',(#676),#238,.F.);
#9135=ADVANCED_FACE('',(#677),#239,.F.);
#9136=ADVANCED_FACE('',(#678),#240,.F.);
#9137=ADVANCED_FACE('',(#679),#241,.F.);
#9138=ADVANCED_FACE('',(#680),#242,.F.);
#9139=ADVANCED_FACE('',(#681),#243,.F.);
#9140=ADVANCED_FACE('',(#682),#244,.F.);
#9141=ADVANCED_FACE('',(#683),#245,.F.);
#9142=ADVANCED_FACE('',(#684),#246,.F.);
#9143=ADVANCED_FACE('',(#685),#247,.F.);
#9144=ADVANCED_FACE('',(#686),#248,.F.);
#9145=ADVANCED_FACE('',(#687),#249,.T.);
#9146=ADVANCED_FACE('',(#688),#250,.T.);
#9147=ADVANCED_FACE('',(#689),#251,.T.);
#9148=ADVANCED_FACE('',(#690),#252,.T.);
#9149=ADVANCED_FACE('',(#691),#253,.T.);
#9150=ADVANCED_FACE('',(#692),#254,.T.);
#9151=ADVANCED_FACE('',(#693),#255,.T.);
#9152=ADVANCED_FACE('',(#694),#256,.T.);
#9153=ADVANCED_FACE('',(#695),#257,.T.);
#9154=ADVANCED_FACE('',(#696),#258,.T.);
#9155=ADVANCED_FACE('',(#697),#259,.T.);
#9156=ADVANCED_FACE('',(#698),#260,.T.);
#9157=ADVANCED_FACE('',(#699),#261,.T.);
#9158=ADVANCED_FACE('',(#700),#262,.T.);
#9159=ADVANCED_FACE('',(#701),#263,.T.);
#9160=ADVANCED_FACE('',(#702),#264,.T.);
#9161=ADVANCED_FACE('',(#703),#265,.T.);
#9162=ADVANCED_FACE('',(#704),#266,.T.);
#9163=ADVANCED_FACE('',(#705),#267,.T.);
#9164=ADVANCED_FACE('',(#706),#268,.T.);
#9165=ADVANCED_FACE('',(#707),#269,.T.);
#9166=ADVANCED_FACE('',(#708),#270,.T.);
#9167=ADVANCED_FACE('',(#709),#271,.T.);
#9168=ADVANCED_FACE('',(#710),#272,.T.);
#9169=ADVANCED_FACE('',(#711),#273,.T.);
#9170=ADVANCED_FACE('',(#712),#274,.T.);
#9171=ADVANCED_FACE('',(#713),#275,.T.);
#9172=ADVANCED_FACE('',(#714),#276,.T.);
#9173=ADVANCED_FACE('',(#715),#277,.T.);
#9174=ADVANCED_FACE('',(#716),#278,.T.);
#9175=ADVANCED_FACE('',(#717),#279,.T.);
#9176=ADVANCED_FACE('',(#718),#280,.T.);
#9177=ADVANCED_FACE('',(#719),#281,.T.);
#9178=ADVANCED_FACE('',(#720),#282,.T.);
#9179=ADVANCED_FACE('',(#721),#283,.T.);
#9180=ADVANCED_FACE('',(#722),#284,.T.);
#9181=ADVANCED_FACE('',(#723),#285,.T.);
#9182=ADVANCED_FACE('',(#724),#286,.T.);
#9183=ADVANCED_FACE('',(#725),#287,.T.);
#9184=ADVANCED_FACE('',(#726),#288,.T.);
#9185=ADVANCED_FACE('',(#727),#289,.T.);
#9186=ADVANCED_FACE('',(#728),#290,.T.);
#9187=ADVANCED_FACE('',(#729),#291,.T.);
#9188=ADVANCED_FACE('',(#730),#292,.T.);
#9189=ADVANCED_FACE('',(#731),#293,.T.);
#9190=ADVANCED_FACE('',(#732),#294,.T.);
#9191=ADVANCED_FACE('',(#733),#295,.T.);
#9192=ADVANCED_FACE('',(#734),#296,.T.);
#9193=ADVANCED_FACE('',(#735),#297,.T.);
#9194=ADVANCED_FACE('',(#736),#298,.T.);
#9195=ADVANCED_FACE('',(#737),#299,.T.);
#9196=ADVANCED_FACE('',(#738),#300,.T.);
#9197=ADVANCED_FACE('',(#739),#301,.T.);
#9198=ADVANCED_FACE('',(#740),#302,.T.);
#9199=ADVANCED_FACE('',(#741),#303,.T.);
#9200=ADVANCED_FACE('',(#742),#304,.T.);
#9201=ADVANCED_FACE('',(#743),#305,.T.);
#9202=ADVANCED_FACE('',(#744),#306,.T.);
#9203=ADVANCED_FACE('',(#745),#307,.T.);
#9204=ADVANCED_FACE('',(#746),#308,.T.);
#9205=ADVANCED_FACE('',(#747),#309,.T.);
#9206=ADVANCED_FACE('',(#748),#310,.T.);
#9207=ADVANCED_FACE('',(#749),#311,.T.);
#9208=ADVANCED_FACE('',(#750),#312,.T.);
#9209=ADVANCED_FACE('',(#751),#313,.T.);
#9210=ADVANCED_FACE('',(#752),#314,.T.);
#9211=ADVANCED_FACE('',(#753),#315,.T.);
#9212=ADVANCED_FACE('',(#754),#316,.T.);
#9213=ADVANCED_FACE('',(#755),#317,.T.);
#9214=ADVANCED_FACE('',(#756),#318,.T.);
#9215=ADVANCED_FACE('',(#757),#319,.T.);
#9216=ADVANCED_FACE('',(#758),#320,.T.);
#9217=ADVANCED_FACE('',(#759),#321,.T.);
#9218=ADVANCED_FACE('',(#760),#322,.T.);
#9219=ADVANCED_FACE('',(#761),#323,.T.);
#9220=ADVANCED_FACE('',(#762),#324,.T.);
#9221=ADVANCED_FACE('',(#763),#325,.T.);
#9222=ADVANCED_FACE('',(#764),#326,.T.);
#9223=ADVANCED_FACE('',(#765),#327,.T.);
#9224=ADVANCED_FACE('',(#766),#328,.T.);
#9225=ADVANCED_FACE('',(#767),#329,.T.);
#9226=ADVANCED_FACE('',(#768),#330,.T.);
#9227=ADVANCED_FACE('',(#769),#331,.T.);
#9228=ADVANCED_FACE('',(#770),#332,.T.);
#9229=ADVANCED_FACE('',(#771),#333,.T.);
#9230=ADVANCED_FACE('',(#772),#334,.T.);
#9231=ADVANCED_FACE('',(#773),#335,.T.);
#9232=ADVANCED_FACE('',(#774),#336,.T.);
#9233=ADVANCED_FACE('',(#775),#337,.T.);
#9234=ADVANCED_FACE('',(#776),#338,.T.);
#9235=ADVANCED_FACE('',(#777),#339,.T.);
#9236=ADVANCED_FACE('',(#778),#340,.T.);
#9237=ADVANCED_FACE('',(#779),#341,.T.);
#9238=ADVANCED_FACE('',(#780),#342,.T.);
#9239=ADVANCED_FACE('',(#781),#343,.T.);
#9240=ADVANCED_FACE('',(#782),#344,.T.);
#9241=ADVANCED_FACE('',(#783),#345,.T.);
#9242=ADVANCED_FACE('',(#784),#346,.T.);
#9243=ADVANCED_FACE('',(#785),#347,.T.);
#9244=ADVANCED_FACE('',(#786),#348,.T.);
#9245=ADVANCED_FACE('',(#787),#349,.T.);
#9246=ADVANCED_FACE('',(#788),#350,.T.);
#9247=ADVANCED_FACE('',(#789),#351,.T.);
#9248=ADVANCED_FACE('',(#790),#352,.T.);
#9249=ADVANCED_FACE('',(#791),#353,.T.);
#9250=ADVANCED_FACE('',(#792),#354,.T.);
#9251=ADVANCED_FACE('',(#793),#355,.T.);
#9252=ADVANCED_FACE('',(#794),#356,.T.);
#9253=ADVANCED_FACE('',(#795),#357,.T.);
#9254=ADVANCED_FACE('',(#796),#358,.T.);
#9255=ADVANCED_FACE('',(#797),#359,.T.);
#9256=ADVANCED_FACE('',(#798),#360,.T.);
#9257=ADVANCED_FACE('',(#799),#361,.T.);
#9258=ADVANCED_FACE('',(#800),#362,.T.);
#9259=ADVANCED_FACE('',(#801),#363,.T.);
#9260=ADVANCED_FACE('',(#802),#364,.T.);
#9261=ADVANCED_FACE('',(#803),#365,.T.);
#9262=ADVANCED_FACE('',(#804),#366,.T.);
#9263=ADVANCED_FACE('',(#805),#367,.T.);
#9264=ADVANCED_FACE('',(#806),#368,.T.);
#9265=ADVANCED_FACE('',(#807),#369,.T.);
#9266=ADVANCED_FACE('',(#808),#370,.T.);
#9267=ADVANCED_FACE('',(#809),#371,.T.);
#9268=ADVANCED_FACE('',(#810),#372,.T.);
#9269=ADVANCED_FACE('',(#811),#373,.T.);
#9270=ADVANCED_FACE('',(#812),#374,.T.);
#9271=ADVANCED_FACE('',(#813),#375,.T.);
#9272=ADVANCED_FACE('',(#814),#376,.T.);
#9273=ADVANCED_FACE('',(#815),#377,.T.);
#9274=ADVANCED_FACE('',(#816),#378,.T.);
#9275=ADVANCED_FACE('',(#817),#379,.T.);
#9276=ADVANCED_FACE('',(#818),#380,.T.);
#9277=ADVANCED_FACE('',(#819),#381,.T.);
#9278=ADVANCED_FACE('',(#820),#382,.T.);
#9279=ADVANCED_FACE('',(#821),#383,.T.);
#9280=ADVANCED_FACE('',(#822),#384,.T.);
#9281=ADVANCED_FACE('',(#823),#385,.T.);
#9282=ADVANCED_FACE('',(#824),#386,.T.);
#9283=ADVANCED_FACE('',(#825),#387,.T.);
#9284=ADVANCED_FACE('',(#826),#388,.T.);
#9285=ADVANCED_FACE('',(#827),#389,.T.);
#9286=ADVANCED_FACE('',(#828),#390,.T.);
#9287=ADVANCED_FACE('',(#829),#391,.T.);
#9288=ADVANCED_FACE('',(#830),#392,.T.);
#9289=ADVANCED_FACE('',(#831),#393,.T.);
#9290=ADVANCED_FACE('',(#832),#394,.T.);
#9291=ADVANCED_FACE('',(#833),#395,.T.);
#9292=ADVANCED_FACE('',(#834),#396,.T.);
#9293=ADVANCED_FACE('',(#835),#397,.T.);
#9294=ADVANCED_FACE('',(#836),#398,.T.);
#9295=ADVANCED_FACE('',(#837),#399,.T.);
#9296=ADVANCED_FACE('',(#838),#400,.T.);
#9297=ADVANCED_FACE('',(#839),#401,.T.);
#9298=ADVANCED_FACE('',(#840),#402,.T.);
#9299=ADVANCED_FACE('',(#841),#403,.T.);
#9300=ADVANCED_FACE('',(#842),#404,.T.);
#9301=ADVANCED_FACE('',(#843),#405,.T.);
#9302=ADVANCED_FACE('',(#844),#406,.T.);
#9303=ADVANCED_FACE('',(#845),#407,.T.);
#9304=ADVANCED_FACE('',(#846),#408,.T.);
#9305=ADVANCED_FACE('',(#847),#409,.T.);
#9306=ADVANCED_FACE('',(#848),#410,.T.);
#9307=ADVANCED_FACE('',(#849),#411,.T.);
#9308=ADVANCED_FACE('',(#850),#412,.T.);
#9309=ADVANCED_FACE('',(#851),#413,.T.);
#9310=ADVANCED_FACE('',(#852),#414,.T.);
#9311=ADVANCED_FACE('',(#853),#415,.T.);
#9312=ADVANCED_FACE('',(#854),#416,.T.);
#9313=ADVANCED_FACE('',(#855),#417,.T.);
#9314=ADVANCED_FACE('',(#856),#418,.T.);
#9315=ADVANCED_FACE('',(#857),#419,.T.);
#9316=ADVANCED_FACE('',(#858),#420,.T.);
#9317=ADVANCED_FACE('',(#859),#421,.T.);
#9318=ADVANCED_FACE('',(#860),#422,.T.);
#9319=ADVANCED_FACE('',(#861),#423,.T.);
#9320=ADVANCED_FACE('',(#862),#424,.T.);
#9321=ADVANCED_FACE('',(#863),#425,.T.);
#9322=ADVANCED_FACE('',(#864),#426,.T.);
#9323=ADVANCED_FACE('',(#865),#427,.T.);
#9324=ADVANCED_FACE('',(#866),#428,.T.);
#9325=ADVANCED_FACE('',(#867),#429,.T.);
#9326=ADVANCED_FACE('',(#868),#430,.T.);
#9327=ADVANCED_FACE('',(#869),#431,.T.);
#9328=ADVANCED_FACE('',(#870),#432,.T.);
#9329=ADVANCED_FACE('',(#871),#433,.T.);
#9330=ADVANCED_FACE('',(#872),#434,.T.);
#9331=ADVANCED_FACE('',(#873),#435,.T.);
#9332=ADVANCED_FACE('',(#874),#436,.T.);
#9333=ADVANCED_FACE('',(#875),#437,.T.);
#9334=ADVANCED_FACE('',(#876),#438,.T.);
#9335=ADVANCED_FACE('',(#877),#439,.T.);
#9336=ADVANCED_FACE('',(#878),#440,.T.);
#9337=ADVANCED_FACE('',(#879),#441,.T.);
#9338=ADVANCED_FACE('',(#880),#442,.T.);
#9339=ADVANCED_FACE('',(#881),#443,.T.);
#9340=ADVANCED_FACE('',(#882),#444,.T.);
#9341=ADVANCED_FACE('',(#883),#445,.T.);
#9342=ADVANCED_FACE('',(#884),#446,.T.);
#9343=ADVANCED_FACE('',(#885),#447,.T.);
#9344=ADVANCED_FACE('',(#886),#448,.T.);
#9345=ADVANCED_FACE('',(#887),#449,.T.);
#9346=ADVANCED_FACE('',(#888),#450,.T.);
#9347=ADVANCED_FACE('',(#889),#451,.T.);
#9348=ADVANCED_FACE('',(#890),#452,.T.);
#9349=ADVANCED_FACE('',(#891),#453,.T.);
#9350=ADVANCED_FACE('',(#892),#454,.T.);
#9351=ADVANCED_FACE('',(#893),#455,.T.);
#9352=ADVANCED_FACE('',(#894),#456,.T.);
#9353=ADVANCED_FACE('',(#895),#457,.T.);
#9354=ADVANCED_FACE('',(#896),#458,.T.);
#9355=ADVANCED_FACE('',(#897),#459,.T.);
#9356=ADVANCED_FACE('',(#898),#460,.T.);
#9357=ADVANCED_FACE('',(#899),#461,.T.);
#9358=ADVANCED_FACE('',(#900),#462,.T.);
#9359=ADVANCED_FACE('',(#901),#463,.T.);
#9360=ADVANCED_FACE('',(#902),#464,.T.);
#9361=ADVANCED_FACE('',(#903),#465,.T.);
#9362=ADVANCED_FACE('',(#904),#466,.T.);
#9363=ADVANCED_FACE('',(#905),#467,.T.);
#9364=ADVANCED_FACE('',(#906),#468,.T.);
#9365=ADVANCED_FACE('',(#907),#469,.T.);
#9366=ADVANCED_FACE('',(#908),#470,.T.);
#9367=ADVANCED_FACE('',(#909),#471,.T.);
#9368=ADVANCED_FACE('',(#910),#472,.T.);
#9369=ADVANCED_FACE('',(#911),#473,.T.);
#9370=ADVANCED_FACE('',(#912),#474,.T.);
#9371=ADVANCED_FACE('',(#913),#475,.T.);
#9372=ADVANCED_FACE('',(#914),#476,.T.);
#9373=ADVANCED_FACE('',(#915),#477,.T.);
#9374=ADVANCED_FACE('',(#916),#478,.T.);
#9375=ADVANCED_FACE('',(#917),#479,.T.);
#9376=ADVANCED_FACE('',(#918),#480,.T.);
#9377=ADVANCED_FACE('',(#919),#481,.T.);
#9378=ADVANCED_FACE('',(#920),#482,.T.);
#9379=ADVANCED_FACE('',(#921),#483,.T.);
#9380=ADVANCED_FACE('',(#922),#484,.T.);
#9381=ADVANCED_FACE('',(#923),#485,.T.);
#9382=ADVANCED_FACE('',(#924),#486,.T.);
#9383=ADVANCED_FACE('',(#925),#487,.T.);
#9384=ADVANCED_FACE('',(#926),#488,.T.);
#9385=ADVANCED_FACE('',(#927),#489,.T.);
#9386=ADVANCED_FACE('',(#928),#490,.T.);
#9387=ADVANCED_FACE('',(#929),#491,.T.);
#9388=ADVANCED_FACE('',(#930),#492,.T.);
#9389=ADVANCED_FACE('',(#931),#493,.T.);
#9390=ADVANCED_FACE('',(#932),#494,.T.);
#9391=ADVANCED_FACE('',(#933),#495,.T.);
#9392=ADVANCED_FACE('',(#934),#496,.T.);
#9393=ADVANCED_FACE('',(#935),#497,.T.);
#9394=ADVANCED_FACE('',(#936),#498,.T.);
#9395=ADVANCED_FACE('',(#937),#499,.T.);
#9396=ADVANCED_FACE('',(#938),#500,.T.);
#9397=ADVANCED_FACE('',(#939),#501,.T.);
#9398=ADVANCED_FACE('',(#940),#502,.T.);
#9399=ADVANCED_FACE('',(#941),#503,.T.);
#9400=ADVANCED_FACE('',(#942),#504,.T.);
#9401=ADVANCED_FACE('',(#943),#505,.T.);
#9402=ADVANCED_FACE('',(#944),#506,.T.);
#9403=ADVANCED_FACE('',(#945),#507,.T.);
#9404=ADVANCED_FACE('',(#946),#508,.T.);
#9405=ADVANCED_FACE('',(#947),#509,.T.);
#9406=ADVANCED_FACE('',(#948),#510,.T.);
#9407=ADVANCED_FACE('',(#949),#511,.T.);
#9408=ADVANCED_FACE('',(#950),#512,.T.);
#9409=ADVANCED_FACE('',(#951),#513,.T.);
#9410=ADVANCED_FACE('',(#952),#514,.T.);
#9411=ADVANCED_FACE('',(#953),#515,.T.);
#9412=ADVANCED_FACE('',(#954),#516,.T.);
#9413=ADVANCED_FACE('',(#955),#517,.T.);
#9414=ADVANCED_FACE('',(#956),#518,.T.);
#9415=ADVANCED_FACE('',(#957),#519,.T.);
#9416=ADVANCED_FACE('',(#958),#520,.T.);
#9417=ADVANCED_FACE('',(#959),#521,.T.);
#9418=ADVANCED_FACE('',(#960),#522,.T.);
#9419=ADVANCED_FACE('',(#961),#523,.T.);
#9420=ADVANCED_FACE('',(#962),#524,.T.);
#9421=ADVANCED_FACE('',(#963),#525,.T.);
#9422=ADVANCED_FACE('',(#964),#526,.T.);
#9423=ADVANCED_FACE('',(#965),#527,.T.);
#9424=ADVANCED_FACE('',(#966),#528,.T.);
#9425=ADVANCED_FACE('',(#967),#529,.T.);
#9426=ADVANCED_FACE('',(#968),#530,.T.);
#9427=ADVANCED_FACE('',(#969),#531,.T.);
#9428=ADVANCED_FACE('',(#970),#532,.T.);
#9429=ADVANCED_FACE('',(#971),#533,.T.);
#9430=ADVANCED_FACE('',(#972),#534,.T.);
#9431=ADVANCED_FACE('',(#973),#535,.T.);
#9432=ADVANCED_FACE('',(#974),#536,.T.);
#9433=ADVANCED_FACE('',(#975),#537,.T.);
#9434=ADVANCED_FACE('',(#976),#538,.T.);
#9435=ADVANCED_FACE('',(#977),#539,.T.);
#9436=ADVANCED_FACE('',(#978),#540,.T.);
#9437=ADVANCED_FACE('',(#979),#541,.T.);
#9438=ADVANCED_FACE('',(#980),#542,.T.);
#9439=ADVANCED_FACE('',(#981),#543,.T.);
#9440=ADVANCED_FACE('',(#982),#544,.T.);
#9441=ADVANCED_FACE('',(#983),#545,.T.);
#9442=ADVANCED_FACE('',(#984),#546,.T.);
#9443=ADVANCED_FACE('',(#985),#547,.T.);
#9444=ADVANCED_FACE('',(#986),#548,.T.);
#9445=ADVANCED_FACE('',(#987),#549,.T.);
#9446=ADVANCED_FACE('',(#988),#550,.T.);
#9447=ADVANCED_FACE('',(#989),#551,.T.);
#9448=ADVANCED_FACE('',(#990),#552,.T.);
#9449=ADVANCED_FACE('',(#991),#553,.T.);
#9450=ADVANCED_FACE('',(#992),#554,.T.);
#9451=ADVANCED_FACE('',(#993),#555,.T.);
#9452=ADVANCED_FACE('',(#994),#556,.T.);
#9453=ADVANCED_FACE('',(#995),#557,.T.);
#9454=ADVANCED_FACE('',(#996),#558,.T.);
#9455=ADVANCED_FACE('',(#997),#559,.T.);
#9456=ADVANCED_FACE('',(#998),#560,.T.);
#9457=ADVANCED_FACE('',(#999),#561,.T.);
#9458=ADVANCED_FACE('',(#1000),#562,.T.);
#9459=ADVANCED_FACE('',(#1001),#563,.T.);
#9460=ADVANCED_FACE('',(#1002),#564,.T.);
#9461=ADVANCED_FACE('',(#1003),#565,.T.);
#9462=ADVANCED_FACE('',(#1004),#566,.T.);
#9463=ADVANCED_FACE('',(#1005),#567,.T.);
#9464=ADVANCED_FACE('',(#1006),#568,.T.);
#9465=ADVANCED_FACE('',(#1007),#569,.T.);
#9466=ADVANCED_FACE('',(#1008),#570,.T.);
#9467=ADVANCED_FACE('',(#1009),#571,.T.);
#9468=ADVANCED_FACE('',(#1010),#572,.T.);
#9469=ADVANCED_FACE('',(#1011),#573,.T.);
#9470=ADVANCED_FACE('',(#1012),#574,.T.);
#9471=ADVANCED_FACE('',(#1013),#575,.T.);
#9472=ADVANCED_FACE('',(#1014),#576,.T.);
#9473=ADVANCED_FACE('',(#1015),#577,.T.);
#9474=ADVANCED_FACE('',(#1016),#578,.T.);
#9475=ADVANCED_FACE('',(#1017),#579,.T.);
#9476=ADVANCED_FACE('',(#1018),#580,.T.);
#9477=ADVANCED_FACE('',(#1019),#581,.T.);
#9478=ADVANCED_FACE('',(#1020),#582,.T.);
#9479=ADVANCED_FACE('',(#1021),#583,.T.);
#9480=ADVANCED_FACE('',(#1022),#584,.T.);
#9481=ADVANCED_FACE('',(#1023),#585,.T.);
#9482=ADVANCED_FACE('',(#1024),#586,.T.);
#9483=ADVANCED_FACE('',(#1025),#587,.T.);
#9484=ADVANCED_FACE('',(#1026),#588,.T.);
#9485=ADVANCED_FACE('',(#1027),#589,.T.);
#9486=ADVANCED_FACE('',(#1028),#590,.T.);
#9487=ADVANCED_FACE('',(#1029),#591,.T.);
#9488=ADVANCED_FACE('',(#1030),#592,.T.);
#9489=ADVANCED_FACE('',(#1031),#593,.T.);
#9490=ADVANCED_FACE('',(#1032),#594,.T.);
#9491=ADVANCED_FACE('',(#1033),#595,.T.);
#9492=ADVANCED_FACE('',(#1034),#596,.T.);
#9493=ADVANCED_FACE('',(#1035),#597,.T.);
#9494=ADVANCED_FACE('',(#1036),#598,.T.);
#9495=ADVANCED_FACE('',(#1037),#599,.T.);
#9496=ADVANCED_FACE('',(#1038),#600,.T.);
#9497=ADVANCED_FACE('',(#1039),#601,.T.);
#9498=ADVANCED_FACE('',(#1040),#602,.T.);
#9499=ADVANCED_FACE('',(#1041),#603,.T.);
#9500=ADVANCED_FACE('',(#1042),#604,.T.);
#9501=ADVANCED_FACE('',(#1043),#605,.T.);
#9502=ADVANCED_FACE('',(#1044),#606,.T.);
#9503=ADVANCED_FACE('',(#1045),#607,.T.);
#9504=ADVANCED_FACE('',(#1046),#608,.T.);
#9505=ADVANCED_FACE('',(#1047),#609,.T.);
#9506=ADVANCED_FACE('',(#1048),#610,.T.);
#9507=ADVANCED_FACE('',(#1049),#611,.T.);
#9508=ADVANCED_FACE('',(#1050),#612,.T.);
#9509=ADVANCED_FACE('',(#1051),#613,.T.);
#9510=ADVANCED_FACE('',(#1052),#614,.T.);
#9511=ADVANCED_FACE('',(#1053),#615,.T.);
#9512=ADVANCED_FACE('',(#1054),#616,.T.);
#9513=ADVANCED_FACE('',(#1055),#617,.T.);
#9514=ADVANCED_FACE('',(#1056),#618,.T.);
#9515=ADVANCED_FACE('',(#1057),#619,.T.);
#9516=ADVANCED_FACE('',(#1058),#620,.T.);
#9517=ADVANCED_FACE('',(#1059),#621,.T.);
#9518=ADVANCED_FACE('',(#1060),#622,.T.);
#9519=CLOSED_SHELL('',(#9081,#9082,#9083,#9084,#9085,#9086,#9087,#9088,
#9089,#9090,#9091,#9092,#9093,#9094,#9095,#9096,#9097,#9098,#9099,#9100,
#9101,#9102,#9103,#9104,#9105,#9106,#9107,#9108,#9109,#9110,#9111,#9112,
#9113,#9114,#9115,#9116,#9117,#9118,#9119,#9120,#9121,#9122,#9123,#9124,
#9125,#9126,#9127,#9128,#9129,#9130,#9131,#9132,#9133,#9134,#9135,#9136,
#9137,#9138,#9139,#9140,#9141,#9142,#9143,#9144,#9145,#9146,#9147,#9148,
#9149,#9150,#9151,#9152,#9153,#9154,#9155,#9156,#9157,#9158,#9159,#9160,
#9161,#9162,#9163,#9164,#9165,#9166,#9167,#9168,#9169,#9170,#9171,#9172,
#9173,#9174,#9175,#9176,#9177,#9178,#9179,#9180,#9181,#9182,#9183,#9184,
#9185,#9186,#9187,#9188,#9189,#9190,#9191,#9192,#9193,#9194,#9195,#9196,
#9197,#9198,#9199,#9200,#9201,#9202,#9203,#9204,#9205,#9206,#9207,#9208,
#9209,#9210,#9211,#9212,#9213,#9214,#9215,#9216,#9217,#9218,#9219,#9220,
#9221,#9222,#9223,#9224,#9225,#9226,#9227,#9228,#9229,#9230,#9231,#9232,
#9233,#9234,#9235,#9236,#9237,#9238,#9239,#9240,#9241,#9242,#9243,#9244,
#9245,#9246,#9247,#9248,#9249,#9250,#9251,#9252,#9253,#9254,#9255,#9256,
#9257,#9258,#9259,#9260,#9261,#9262,#9263,#9264,#9265,#9266,#9267,#9268,
#9269,#9270,#9271,#9272,#9273,#9274,#9275,#9276,#9277,#9278,#9279,#9280,
#9281,#9282,#9283,#9284,#9285,#9286,#9287,#9288,#9289,#9290,#9291,#9292,
#9293,#9294,#9295,#9296,#9297,#9298,#9299,#9300,#9301,#9302,#9303,#9304,
#9305,#9306,#9307,#9308,#9309,#9310,#9311,#9312,#9313,#9314,#9315,#9316,
#9317,#9318,#9319,#9320,#9321,#9322,#9323,#9324,#9325,#9326,#9327,#9328,
#9329,#9330,#9331,#9332,#9333,#9334,#9335,#9336,#9337,#9338,#9339,#9340,
#9341,#9342,#9343,#9344,#9345,#9346,#9347,#9348,#9349,#9350,#9351,#9352,
#9353,#9354,#9355,#9356,#9357,#9358,#9359,#9360,#9361,#9362,#9363,#9364,
#9365,#9366,#9367,#9368,#9369,#9370,#9371,#9372,#9373,#9374,#9375,#9376,
#9377,#9378,#9379,#9380,#9381,#9382,#9383,#9384,#9385,#9386,#9387,#9388,
#9389,#9390,#9391,#9392,#9393,#9394,#9395,#9396,#9397,#9398,#9399,#9400,
#9401,#9402,#9403,#9404,#9405,#9406,#9407,#9408,#9409,#9410,#9411,#9412,
#9413,#9414,#9415,#9416,#9417,#9418,#9419,#9420,#9421,#9422,#9423,#9424,
#9425,#9426,#9427,#9428,#9429,#9430,#9431,#9432,#9433,#9434,#9435,#9436,
#9437,#9438,#9439,#9440,#9441,#9442,#9443,#9444,#9445,#9446,#9447,#9448,
#9449,#9450,#9451,#9452,#9453,#9454,#9455,#9456,#9457,#9458,#9459,#9460,
#9461,#9462,#9463,#9464,#9465,#9466,#9467,#9468,#9469,#9470,#9471,#9472,
#9473,#9474,#9475,#9476,#9477,#9478,#9479,#9480,#9481,#9482,#9483,#9484,
#9485,#9486,#9487,#9488,#9489,#9490,#9491,#9492,#9493,#9494,#9495,#9496,
#9497,#9498,#9499,#9500,#9501,#9502,#9503,#9504,#9505,#9506,#9507,#9508,
#9509,#9510,#9511,#9512,#9513,#9514,#9515,#9516,#9517,#9518));
#9520=DERIVED_UNIT_ELEMENT(#9522,1.);
#9521=DERIVED_UNIT_ELEMENT(#14813,-3.);
#9522=(
MASS_UNIT()
NAMED_UNIT(*)
SI_UNIT(.KILO.,.GRAM.)
);
#9523=DERIVED_UNIT((#9520,#9521));
#9524=MEASURE_REPRESENTATION_ITEM('density measure',
POSITIVE_RATIO_MEASURE(7850.),#9523);
#9525=PROPERTY_DEFINITION_REPRESENTATION(#9530,#9527);
#9526=PROPERTY_DEFINITION_REPRESENTATION(#9531,#9528);
#9527=REPRESENTATION('material name',(#9529),#14810);
#9528=REPRESENTATION('density',(#9524),#14810);
#9529=DESCRIPTIVE_REPRESENTATION_ITEM('Steel','Steel');
#9530=PROPERTY_DEFINITION('material property','material name',#14820);
#9531=PROPERTY_DEFINITION('material property','density of part',#14820);
#9532=AXIS2_PLACEMENT_3D('',#12189,#9987,#9988);
#9533=AXIS2_PLACEMENT_3D('',#12190,#9989,#9990);
#9534=AXIS2_PLACEMENT_3D('',#12193,#9991,#9992);
#9535=AXIS2_PLACEMENT_3D('',#12197,#9994,#9995);
#9536=AXIS2_PLACEMENT_3D('',#12199,#9997,#9998);
#9537=AXIS2_PLACEMENT_3D('',#12205,#10002,#10003);
#9538=AXIS2_PLACEMENT_3D('',#12211,#10007,#10008);
#9539=AXIS2_PLACEMENT_3D('',#12217,#10012,#10013);
#9540=AXIS2_PLACEMENT_3D('',#12226,#10018,#10019);
#9541=AXIS2_PLACEMENT_3D('',#12228,#10020,#10021);
#9542=AXIS2_PLACEMENT_3D('',#12230,#10022,#10023);
#9543=AXIS2_PLACEMENT_3D('',#12232,#10025,#10026);
#9544=AXIS2_PLACEMENT_3D('',#12238,#10030,#10031);
#9545=AXIS2_PLACEMENT_3D('',#12247,#10036,#10037);
#9546=AXIS2_PLACEMENT_3D('',#12253,#10041,#10042);
#9547=AXIS2_PLACEMENT_3D('',#12270,#10052,#10053);
#9548=AXIS2_PLACEMENT_3D('',#12272,#10054,#10055);
#9549=AXIS2_PLACEMENT_3D('',#12274,#10056,#10057);
#9550=AXIS2_PLACEMENT_3D('',#12276,#10058,#10059);
#9551=AXIS2_PLACEMENT_3D('',#13102,#10472,#10473);
#9552=AXIS2_PLACEMENT_3D('',#13104,#10474,#10475);
#9553=AXIS2_PLACEMENT_3D('',#13105,#10476,#10477);
#9554=AXIS2_PLACEMENT_3D('',#13109,#10480,#10481);
#9555=AXIS2_PLACEMENT_3D('',#13111,#10483,#10484);
#9556=AXIS2_PLACEMENT_3D('',#13117,#10488,#10489);
#9557=AXIS2_PLACEMENT_3D('',#13121,#10492,#10493);
#9558=AXIS2_PLACEMENT_3D('',#13125,#10496,#10497);
#9559=AXIS2_PLACEMENT_3D('',#13127,#10499,#10500);
#9560=AXIS2_PLACEMENT_3D('',#13133,#10504,#10505);
#9561=AXIS2_PLACEMENT_3D('',#13135,#10506,#10507);
#9562=AXIS2_PLACEMENT_3D('',#13137,#10508,#10509);
#9563=AXIS2_PLACEMENT_3D('',#13139,#10510,#10511);
#9564=AXIS2_PLACEMENT_3D('',#13965,#10924,#10925);
#9565=AXIS2_PLACEMENT_3D('',#13967,#10926,#10927);
#9566=AXIS2_PLACEMENT_3D('',#13968,#10928,#10929);
#9567=AXIS2_PLACEMENT_3D('',#13969,#10930,#10931);
#9568=AXIS2_PLACEMENT_3D('',#13971,#10933,#10934);
#9569=AXIS2_PLACEMENT_3D('',#13973,#10936,#10937);
#9570=AXIS2_PLACEMENT_3D('',#13975,#10939,#10940);
#9571=AXIS2_PLACEMENT_3D('',#13977,#10942,#10943);
#9572=AXIS2_PLACEMENT_3D('',#13979,#10945,#10946);
#9573=AXIS2_PLACEMENT_3D('',#13981,#10948,#10949);
#9574=AXIS2_PLACEMENT_3D('',#13983,#10951,#10952);
#9575=AXIS2_PLACEMENT_3D('',#13984,#10953,#10954);
#9576=AXIS2_PLACEMENT_3D('',#13987,#10957,#10958);
#9577=AXIS2_PLACEMENT_3D('',#13989,#10960,#10961);
#9578=AXIS2_PLACEMENT_3D('',#13991,#10963,#10964);
#9579=AXIS2_PLACEMENT_3D('',#13993,#10966,#10967);
#9580=AXIS2_PLACEMENT_3D('',#13995,#10969,#10970);
#9581=AXIS2_PLACEMENT_3D('',#13997,#10972,#10973);
#9582=AXIS2_PLACEMENT_3D('',#13999,#10975,#10976);
#9583=AXIS2_PLACEMENT_3D('',#14001,#10978,#10979);
#9584=AXIS2_PLACEMENT_3D('',#14003,#10981,#10982);
#9585=AXIS2_PLACEMENT_3D('',#14005,#10984,#10985);
#9586=AXIS2_PLACEMENT_3D('',#14008,#10988,#10989);
#9587=AXIS2_PLACEMENT_3D('',#14010,#10991,#10992);
#9588=AXIS2_PLACEMENT_3D('',#14012,#10994,#10995);
#9589=AXIS2_PLACEMENT_3D('',#14014,#10997,#10998);
#9590=AXIS2_PLACEMENT_3D('',#14016,#11000,#11001);
#9591=AXIS2_PLACEMENT_3D('',#14018,#11003,#11004);
#9592=AXIS2_PLACEMENT_3D('',#14020,#11006,#11007);
#9593=AXIS2_PLACEMENT_3D('',#14022,#11009,#11010);
#9594=AXIS2_PLACEMENT_3D('',#14025,#11013,#11014);
#9595=AXIS2_PLACEMENT_3D('',#14027,#11016,#11017);
#9596=AXIS2_PLACEMENT_3D('',#14029,#11019,#11020);
#9597=AXIS2_PLACEMENT_3D('',#14031,#11022,#11023);
#9598=AXIS2_PLACEMENT_3D('',#14033,#11025,#11026);
#9599=AXIS2_PLACEMENT_3D('',#14035,#11028,#11029);
#9600=AXIS2_PLACEMENT_3D('',#14037,#11031,#11032);
#9601=AXIS2_PLACEMENT_3D('',#14039,#11034,#11035);
#9602=AXIS2_PLACEMENT_3D('',#14041,#11037,#11038);
#9603=AXIS2_PLACEMENT_3D('',#14043,#11040,#11041);
#9604=AXIS2_PLACEMENT_3D('',#14045,#11043,#11044);
#9605=AXIS2_PLACEMENT_3D('',#14047,#11046,#11047);
#9606=AXIS2_PLACEMENT_3D('',#14049,#11049,#11050);
#9607=AXIS2_PLACEMENT_3D('',#14051,#11052,#11053);
#9608=AXIS2_PLACEMENT_3D('',#14053,#11055,#11056);
#9609=AXIS2_PLACEMENT_3D('',#14055,#11058,#11059);
#9610=AXIS2_PLACEMENT_3D('',#14057,#11061,#11062);
#9611=AXIS2_PLACEMENT_3D('',#14059,#11064,#11065);
#9612=AXIS2_PLACEMENT_3D('',#14061,#11067,#11068);
#9613=AXIS2_PLACEMENT_3D('',#14062,#11069,#11070);
#9614=AXIS2_PLACEMENT_3D('',#14064,#11072,#11073);
#9615=AXIS2_PLACEMENT_3D('',#14066,#11075,#11076);
#9616=AXIS2_PLACEMENT_3D('',#14068,#11078,#11079);
#9617=AXIS2_PLACEMENT_3D('',#14071,#11082,#11083);
#9618=AXIS2_PLACEMENT_3D('',#14073,#11085,#11086);
#9619=AXIS2_PLACEMENT_3D('',#14075,#11088,#11089);
#9620=AXIS2_PLACEMENT_3D('',#14076,#11090,#11091);
#9621=AXIS2_PLACEMENT_3D('',#14079,#11094,#11095);
#9622=AXIS2_PLACEMENT_3D('',#14081,#11097,#11098);
#9623=AXIS2_PLACEMENT_3D('',#14083,#11100,#11101);
#9624=AXIS2_PLACEMENT_3D('',#14084,#11102,#11103);
#9625=AXIS2_PLACEMENT_3D('',#14087,#11106,#11107);
#9626=AXIS2_PLACEMENT_3D('',#14089,#11109,#11110);
#9627=AXIS2_PLACEMENT_3D('',#14091,#11112,#11113);
#9628=AXIS2_PLACEMENT_3D('',#14092,#11114,#11115);
#9629=AXIS2_PLACEMENT_3D('',#14095,#11118,#11119);
#9630=AXIS2_PLACEMENT_3D('',#14097,#11121,#11122);
#9631=AXIS2_PLACEMENT_3D('',#14099,#11124,#11125);
#9632=AXIS2_PLACEMENT_3D('',#14100,#11126,#11127);
#9633=AXIS2_PLACEMENT_3D('',#14103,#11130,#11131);
#9634=AXIS2_PLACEMENT_3D('',#14105,#11133,#11134);
#9635=AXIS2_PLACEMENT_3D('',#14107,#11136,#11137);
#9636=AXIS2_PLACEMENT_3D('',#14108,#11138,#11139);
#9637=AXIS2_PLACEMENT_3D('',#14111,#11142,#11143);
#9638=AXIS2_PLACEMENT_3D('',#14113,#11145,#11146);
#9639=AXIS2_PLACEMENT_3D('',#14115,#11148,#11149);
#9640=AXIS2_PLACEMENT_3D('',#14116,#11150,#11151);
#9641=AXIS2_PLACEMENT_3D('',#14119,#11154,#11155);
#9642=AXIS2_PLACEMENT_3D('',#14121,#11157,#11158);
#9643=AXIS2_PLACEMENT_3D('',#14123,#11160,#11161);
#9644=AXIS2_PLACEMENT_3D('',#14124,#11162,#11163);
#9645=AXIS2_PLACEMENT_3D('',#14127,#11166,#11167);
#9646=AXIS2_PLACEMENT_3D('',#14129,#11169,#11170);
#9647=AXIS2_PLACEMENT_3D('',#14131,#11172,#11173);
#9648=AXIS2_PLACEMENT_3D('',#14132,#11174,#11175);
#9649=AXIS2_PLACEMENT_3D('',#14135,#11178,#11179);
#9650=AXIS2_PLACEMENT_3D('',#14137,#11181,#11182);
#9651=AXIS2_PLACEMENT_3D('',#14139,#11184,#11185);
#9652=AXIS2_PLACEMENT_3D('',#14140,#11186,#11187);
#9653=AXIS2_PLACEMENT_3D('',#14143,#11190,#11191);
#9654=AXIS2_PLACEMENT_3D('',#14145,#11193,#11194);
#9655=AXIS2_PLACEMENT_3D('',#14147,#11196,#11197);
#9656=AXIS2_PLACEMENT_3D('',#14148,#11198,#11199);
#9657=AXIS2_PLACEMENT_3D('',#14151,#11202,#11203);
#9658=AXIS2_PLACEMENT_3D('',#14153,#11205,#11206);
#9659=AXIS2_PLACEMENT_3D('',#14155,#11208,#11209);
#9660=AXIS2_PLACEMENT_3D('',#14156,#11210,#11211);
#9661=AXIS2_PLACEMENT_3D('',#14159,#11214,#11215);
#9662=AXIS2_PLACEMENT_3D('',#14161,#11217,#11218);
#9663=AXIS2_PLACEMENT_3D('',#14163,#11220,#11221);
#9664=AXIS2_PLACEMENT_3D('',#14164,#11222,#11223);
#9665=AXIS2_PLACEMENT_3D('',#14167,#11226,#11227);
#9666=AXIS2_PLACEMENT_3D('',#14169,#11229,#11230);
#9667=AXIS2_PLACEMENT_3D('',#14171,#11232,#11233);
#9668=AXIS2_PLACEMENT_3D('',#14172,#11234,#11235);
#9669=AXIS2_PLACEMENT_3D('',#14175,#11238,#11239);
#9670=AXIS2_PLACEMENT_3D('',#14177,#11241,#11242);
#9671=AXIS2_PLACEMENT_3D('',#14179,#11244,#11245);
#9672=AXIS2_PLACEMENT_3D('',#14180,#11246,#11247);
#9673=AXIS2_PLACEMENT_3D('',#14183,#11250,#11251);
#9674=AXIS2_PLACEMENT_3D('',#14185,#11253,#11254);
#9675=AXIS2_PLACEMENT_3D('',#14187,#11256,#11257);
#9676=AXIS2_PLACEMENT_3D('',#14188,#11258,#11259);
#9677=AXIS2_PLACEMENT_3D('',#14191,#11262,#11263);
#9678=AXIS2_PLACEMENT_3D('',#14193,#11265,#11266);
#9679=AXIS2_PLACEMENT_3D('',#14195,#11268,#11269);
#9680=AXIS2_PLACEMENT_3D('',#14196,#11270,#11271);
#9681=AXIS2_PLACEMENT_3D('',#14199,#11274,#11275);
#9682=AXIS2_PLACEMENT_3D('',#14201,#11277,#11278);
#9683=AXIS2_PLACEMENT_3D('',#14203,#11280,#11281);
#9684=AXIS2_PLACEMENT_3D('',#14204,#11282,#11283);
#9685=AXIS2_PLACEMENT_3D('',#14207,#11286,#11287);
#9686=AXIS2_PLACEMENT_3D('',#14209,#11289,#11290);
#9687=AXIS2_PLACEMENT_3D('',#14211,#11292,#11293);
#9688=AXIS2_PLACEMENT_3D('',#14212,#11294,#11295);
#9689=AXIS2_PLACEMENT_3D('',#14215,#11298,#11299);
#9690=AXIS2_PLACEMENT_3D('',#14217,#11301,#11302);
#9691=AXIS2_PLACEMENT_3D('',#14219,#11304,#11305);
#9692=AXIS2_PLACEMENT_3D('',#14220,#11306,#11307);
#9693=AXIS2_PLACEMENT_3D('',#14223,#11310,#11311);
#9694=AXIS2_PLACEMENT_3D('',#14225,#11313,#11314);
#9695=AXIS2_PLACEMENT_3D('',#14227,#11316,#11317);
#9696=AXIS2_PLACEMENT_3D('',#14228,#11318,#11319);
#9697=AXIS2_PLACEMENT_3D('',#14231,#11322,#11323);
#9698=AXIS2_PLACEMENT_3D('',#14233,#11325,#11326);
#9699=AXIS2_PLACEMENT_3D('',#14235,#11328,#11329);
#9700=AXIS2_PLACEMENT_3D('',#14236,#11330,#11331);
#9701=AXIS2_PLACEMENT_3D('',#14239,#11334,#11335);
#9702=AXIS2_PLACEMENT_3D('',#14241,#11337,#11338);
#9703=AXIS2_PLACEMENT_3D('',#14243,#11340,#11341);
#9704=AXIS2_PLACEMENT_3D('',#14244,#11342,#11343);
#9705=AXIS2_PLACEMENT_3D('',#14247,#11346,#11347);
#9706=AXIS2_PLACEMENT_3D('',#14249,#11349,#11350);
#9707=AXIS2_PLACEMENT_3D('',#14251,#11352,#11353);
#9708=AXIS2_PLACEMENT_3D('',#14252,#11354,#11355);
#9709=AXIS2_PLACEMENT_3D('',#14255,#11358,#11359);
#9710=AXIS2_PLACEMENT_3D('',#14257,#11361,#11362);
#9711=AXIS2_PLACEMENT_3D('',#14259,#11364,#11365);
#9712=AXIS2_PLACEMENT_3D('',#14260,#11366,#11367);
#9713=AXIS2_PLACEMENT_3D('',#14263,#11370,#11371);
#9714=AXIS2_PLACEMENT_3D('',#14265,#11373,#11374);
#9715=AXIS2_PLACEMENT_3D('',#14267,#11376,#11377);
#9716=AXIS2_PLACEMENT_3D('',#14268,#11378,#11379);
#9717=AXIS2_PLACEMENT_3D('',#14271,#11382,#11383);
#9718=AXIS2_PLACEMENT_3D('',#14273,#11385,#11386);
#9719=AXIS2_PLACEMENT_3D('',#14275,#11388,#11389);
#9720=AXIS2_PLACEMENT_3D('',#14276,#11390,#11391);
#9721=AXIS2_PLACEMENT_3D('',#14279,#11394,#11395);
#9722=AXIS2_PLACEMENT_3D('',#14281,#11397,#11398);
#9723=AXIS2_PLACEMENT_3D('',#14283,#11400,#11401);
#9724=AXIS2_PLACEMENT_3D('',#14284,#11402,#11403);
#9725=AXIS2_PLACEMENT_3D('',#14287,#11406,#11407);
#9726=AXIS2_PLACEMENT_3D('',#14289,#11409,#11410);
#9727=AXIS2_PLACEMENT_3D('',#14291,#11412,#11413);
#9728=AXIS2_PLACEMENT_3D('',#14292,#11414,#11415);
#9729=AXIS2_PLACEMENT_3D('',#14295,#11418,#11419);
#9730=AXIS2_PLACEMENT_3D('',#14297,#11421,#11422);
#9731=AXIS2_PLACEMENT_3D('',#14299,#11424,#11425);
#9732=AXIS2_PLACEMENT_3D('',#14300,#11426,#11427);
#9733=AXIS2_PLACEMENT_3D('',#14303,#11430,#11431);
#9734=AXIS2_PLACEMENT_3D('',#14305,#11433,#11434);
#9735=AXIS2_PLACEMENT_3D('',#14307,#11436,#11437);
#9736=AXIS2_PLACEMENT_3D('',#14308,#11438,#11439);
#9737=AXIS2_PLACEMENT_3D('',#14311,#11442,#11443);
#9738=AXIS2_PLACEMENT_3D('',#14313,#11445,#11446);
#9739=AXIS2_PLACEMENT_3D('',#14315,#11448,#11449);
#9740=AXIS2_PLACEMENT_3D('',#14316,#11450,#11451);
#9741=AXIS2_PLACEMENT_3D('',#14319,#11454,#11455);
#9742=AXIS2_PLACEMENT_3D('',#14321,#11457,#11458);
#9743=AXIS2_PLACEMENT_3D('',#14323,#11460,#11461);
#9744=AXIS2_PLACEMENT_3D('',#14324,#11462,#11463);
#9745=AXIS2_PLACEMENT_3D('',#14327,#11466,#11467);
#9746=AXIS2_PLACEMENT_3D('',#14329,#11469,#11470);
#9747=AXIS2_PLACEMENT_3D('',#14331,#11472,#11473);
#9748=AXIS2_PLACEMENT_3D('',#14332,#11474,#11475);
#9749=AXIS2_PLACEMENT_3D('',#14335,#11478,#11479);
#9750=AXIS2_PLACEMENT_3D('',#14337,#11481,#11482);
#9751=AXIS2_PLACEMENT_3D('',#14339,#11484,#11485);
#9752=AXIS2_PLACEMENT_3D('',#14340,#11486,#11487);
#9753=AXIS2_PLACEMENT_3D('',#14343,#11490,#11491);
#9754=AXIS2_PLACEMENT_3D('',#14345,#11493,#11494);
#9755=AXIS2_PLACEMENT_3D('',#14347,#11496,#11497);
#9756=AXIS2_PLACEMENT_3D('',#14348,#11498,#11499);
#9757=AXIS2_PLACEMENT_3D('',#14351,#11502,#11503);
#9758=AXIS2_PLACEMENT_3D('',#14353,#11505,#11506);
#9759=AXIS2_PLACEMENT_3D('',#14355,#11508,#11509);
#9760=AXIS2_PLACEMENT_3D('',#14356,#11510,#11511);
#9761=AXIS2_PLACEMENT_3D('',#14359,#11514,#11515);
#9762=AXIS2_PLACEMENT_3D('',#14361,#11517,#11518);
#9763=AXIS2_PLACEMENT_3D('',#14363,#11520,#11521);
#9764=AXIS2_PLACEMENT_3D('',#14364,#11522,#11523);
#9765=AXIS2_PLACEMENT_3D('',#14367,#11526,#11527);
#9766=AXIS2_PLACEMENT_3D('',#14369,#11529,#11530);
#9767=AXIS2_PLACEMENT_3D('',#14371,#11532,#11533);
#9768=AXIS2_PLACEMENT_3D('',#14372,#11534,#11535);
#9769=AXIS2_PLACEMENT_3D('',#14375,#11538,#11539);
#9770=AXIS2_PLACEMENT_3D('',#14377,#11541,#11542);
#9771=AXIS2_PLACEMENT_3D('',#14379,#11544,#11545);
#9772=AXIS2_PLACEMENT_3D('',#14380,#11546,#11547);
#9773=AXIS2_PLACEMENT_3D('',#14383,#11550,#11551);
#9774=AXIS2_PLACEMENT_3D('',#14385,#11553,#11554);
#9775=AXIS2_PLACEMENT_3D('',#14387,#11556,#11557);
#9776=AXIS2_PLACEMENT_3D('',#14388,#11558,#11559);
#9777=AXIS2_PLACEMENT_3D('',#14391,#11562,#11563);
#9778=AXIS2_PLACEMENT_3D('',#14393,#11565,#11566);
#9779=AXIS2_PLACEMENT_3D('',#14395,#11568,#11569);
#9780=AXIS2_PLACEMENT_3D('',#14396,#11570,#11571);
#9781=AXIS2_PLACEMENT_3D('',#14399,#11574,#11575);
#9782=AXIS2_PLACEMENT_3D('',#14401,#11577,#11578);
#9783=AXIS2_PLACEMENT_3D('',#14403,#11580,#11581);
#9784=AXIS2_PLACEMENT_3D('',#14404,#11582,#11583);
#9785=AXIS2_PLACEMENT_3D('',#14407,#11586,#11587);
#9786=AXIS2_PLACEMENT_3D('',#14409,#11589,#11590);
#9787=AXIS2_PLACEMENT_3D('',#14411,#11592,#11593);
#9788=AXIS2_PLACEMENT_3D('',#14412,#11594,#11595);
#9789=AXIS2_PLACEMENT_3D('',#14415,#11598,#11599);
#9790=AXIS2_PLACEMENT_3D('',#14417,#11601,#11602);
#9791=AXIS2_PLACEMENT_3D('',#14419,#11604,#11605);
#9792=AXIS2_PLACEMENT_3D('',#14420,#11606,#11607);
#9793=AXIS2_PLACEMENT_3D('',#14423,#11610,#11611);
#9794=AXIS2_PLACEMENT_3D('',#14425,#11613,#11614);
#9795=AXIS2_PLACEMENT_3D('',#14427,#11616,#11617);
#9796=AXIS2_PLACEMENT_3D('',#14428,#11618,#11619);
#9797=AXIS2_PLACEMENT_3D('',#14431,#11622,#11623);
#9798=AXIS2_PLACEMENT_3D('',#14433,#11625,#11626);
#9799=AXIS2_PLACEMENT_3D('',#14435,#11628,#11629);
#9800=AXIS2_PLACEMENT_3D('',#14436,#11630,#11631);
#9801=AXIS2_PLACEMENT_3D('',#14439,#11634,#11635);
#9802=AXIS2_PLACEMENT_3D('',#14441,#11637,#11638);
#9803=AXIS2_PLACEMENT_3D('',#14443,#11640,#11641);
#9804=AXIS2_PLACEMENT_3D('',#14444,#11642,#11643);
#9805=AXIS2_PLACEMENT_3D('',#14447,#11646,#11647);
#9806=AXIS2_PLACEMENT_3D('',#14449,#11649,#11650);
#9807=AXIS2_PLACEMENT_3D('',#14451,#11652,#11653);
#9808=AXIS2_PLACEMENT_3D('',#14452,#11654,#11655);
#9809=AXIS2_PLACEMENT_3D('',#14455,#11658,#11659);
#9810=AXIS2_PLACEMENT_3D('',#14457,#11661,#11662);
#9811=AXIS2_PLACEMENT_3D('',#14459,#11664,#11665);
#9812=AXIS2_PLACEMENT_3D('',#14460,#11666,#11667);
#9813=AXIS2_PLACEMENT_3D('',#14463,#11670,#11671);
#9814=AXIS2_PLACEMENT_3D('',#14465,#11673,#11674);
#9815=AXIS2_PLACEMENT_3D('',#14467,#11676,#11677);
#9816=AXIS2_PLACEMENT_3D('',#14468,#11678,#11679);
#9817=AXIS2_PLACEMENT_3D('',#14471,#11682,#11683);
#9818=AXIS2_PLACEMENT_3D('',#14473,#11685,#11686);
#9819=AXIS2_PLACEMENT_3D('',#14475,#11688,#11689);
#9820=AXIS2_PLACEMENT_3D('',#14476,#11690,#11691);
#9821=AXIS2_PLACEMENT_3D('',#14479,#11694,#11695);
#9822=AXIS2_PLACEMENT_3D('',#14481,#11697,#11698);
#9823=AXIS2_PLACEMENT_3D('',#14483,#11700,#11701);
#9824=AXIS2_PLACEMENT_3D('',#14484,#11702,#11703);
#9825=AXIS2_PLACEMENT_3D('',#14487,#11706,#11707);
#9826=AXIS2_PLACEMENT_3D('',#14489,#11709,#11710);
#9827=AXIS2_PLACEMENT_3D('',#14491,#11712,#11713);
#9828=AXIS2_PLACEMENT_3D('',#14492,#11714,#11715);
#9829=AXIS2_PLACEMENT_3D('',#14495,#11718,#11719);
#9830=AXIS2_PLACEMENT_3D('',#14497,#11721,#11722);
#9831=AXIS2_PLACEMENT_3D('',#14499,#11724,#11725);
#9832=AXIS2_PLACEMENT_3D('',#14500,#11726,#11727);
#9833=AXIS2_PLACEMENT_3D('',#14503,#11730,#11731);
#9834=AXIS2_PLACEMENT_3D('',#14505,#11733,#11734);
#9835=AXIS2_PLACEMENT_3D('',#14507,#11736,#11737);
#9836=AXIS2_PLACEMENT_3D('',#14508,#11738,#11739);
#9837=AXIS2_PLACEMENT_3D('',#14511,#11742,#11743);
#9838=AXIS2_PLACEMENT_3D('',#14513,#11745,#11746);
#9839=AXIS2_PLACEMENT_3D('',#14515,#11748,#11749);
#9840=AXIS2_PLACEMENT_3D('',#14516,#11750,#11751);
#9841=AXIS2_PLACEMENT_3D('',#14519,#11754,#11755);
#9842=AXIS2_PLACEMENT_3D('',#14521,#11757,#11758);
#9843=AXIS2_PLACEMENT_3D('',#14523,#11760,#11761);
#9844=AXIS2_PLACEMENT_3D('',#14524,#11762,#11763);
#9845=AXIS2_PLACEMENT_3D('',#14527,#11766,#11767);
#9846=AXIS2_PLACEMENT_3D('',#14529,#11769,#11770);
#9847=AXIS2_PLACEMENT_3D('',#14531,#11772,#11773);
#9848=AXIS2_PLACEMENT_3D('',#14532,#11774,#11775);
#9849=AXIS2_PLACEMENT_3D('',#14535,#11778,#11779);
#9850=AXIS2_PLACEMENT_3D('',#14537,#11781,#11782);
#9851=AXIS2_PLACEMENT_3D('',#14539,#11784,#11785);
#9852=AXIS2_PLACEMENT_3D('',#14540,#11786,#11787);
#9853=AXIS2_PLACEMENT_3D('',#14542,#11789,#11790);
#9854=AXIS2_PLACEMENT_3D('',#14543,#11791,#11792);
#9855=AXIS2_PLACEMENT_3D('',#14544,#11793,#11794);
#9856=AXIS2_PLACEMENT_3D('',#14547,#11797,#11798);
#9857=AXIS2_PLACEMENT_3D('',#14549,#11800,#11801);
#9858=AXIS2_PLACEMENT_3D('',#14551,#11803,#11804);
#9859=AXIS2_PLACEMENT_3D('',#14552,#11805,#11806);
#9860=AXIS2_PLACEMENT_3D('',#14555,#11809,#11810);
#9861=AXIS2_PLACEMENT_3D('',#14557,#11812,#11813);
#9862=AXIS2_PLACEMENT_3D('',#14559,#11815,#11816);
#9863=AXIS2_PLACEMENT_3D('',#14560,#11817,#11818);
#9864=AXIS2_PLACEMENT_3D('',#14563,#11821,#11822);
#9865=AXIS2_PLACEMENT_3D('',#14565,#11824,#11825);
#9866=AXIS2_PLACEMENT_3D('',#14567,#11827,#11828);
#9867=AXIS2_PLACEMENT_3D('',#14569,#11830,#11831);
#9868=AXIS2_PLACEMENT_3D('',#14571,#11833,#11834);
#9869=AXIS2_PLACEMENT_3D('',#14573,#11836,#11837);
#9870=AXIS2_PLACEMENT_3D('',#14575,#11839,#11840);
#9871=AXIS2_PLACEMENT_3D('',#14577,#11842,#11843);
#9872=AXIS2_PLACEMENT_3D('',#14579,#11845,#11846);
#9873=AXIS2_PLACEMENT_3D('',#14581,#11848,#11849);
#9874=AXIS2_PLACEMENT_3D('',#14583,#11851,#11852);
#9875=AXIS2_PLACEMENT_3D('',#14585,#11854,#11855);
#9876=AXIS2_PLACEMENT_3D('',#14587,#11857,#11858);
#9877=AXIS2_PLACEMENT_3D('',#14589,#11860,#11861);
#9878=AXIS2_PLACEMENT_3D('',#14591,#11863,#11864);
#9879=AXIS2_PLACEMENT_3D('',#14593,#11866,#11867);
#9880=AXIS2_PLACEMENT_3D('',#14595,#11869,#11870);
#9881=AXIS2_PLACEMENT_3D('',#14597,#11872,#11873);
#9882=AXIS2_PLACEMENT_3D('',#14599,#11875,#11876);
#9883=AXIS2_PLACEMENT_3D('',#14601,#11878,#11879);
#9884=AXIS2_PLACEMENT_3D('',#14603,#11881,#11882);
#9885=AXIS2_PLACEMENT_3D('',#14605,#11884,#11885);
#9886=AXIS2_PLACEMENT_3D('',#14607,#11887,#11888);
#9887=AXIS2_PLACEMENT_3D('',#14609,#11890,#11891);
#9888=AXIS2_PLACEMENT_3D('',#14611,#11893,#11894);
#9889=AXIS2_PLACEMENT_3D('',#14613,#11896,#11897);
#9890=AXIS2_PLACEMENT_3D('',#14615,#11899,#11900);
#9891=AXIS2_PLACEMENT_3D('',#14617,#11902,#11903);
#9892=AXIS2_PLACEMENT_3D('',#14619,#11905,#11906);
#9893=AXIS2_PLACEMENT_3D('',#14621,#11908,#11909);
#9894=AXIS2_PLACEMENT_3D('',#14623,#11911,#11912);
#9895=AXIS2_PLACEMENT_3D('',#14625,#11914,#11915);
#9896=AXIS2_PLACEMENT_3D('',#14627,#11917,#11918);
#9897=AXIS2_PLACEMENT_3D('',#14629,#11920,#11921);
#9898=AXIS2_PLACEMENT_3D('',#14631,#11923,#11924);
#9899=AXIS2_PLACEMENT_3D('',#14633,#11926,#11927);
#9900=AXIS2_PLACEMENT_3D('',#14635,#11929,#11930);
#9901=AXIS2_PLACEMENT_3D('',#14637,#11932,#11933);
#9902=AXIS2_PLACEMENT_3D('',#14639,#11935,#11936);
#9903=AXIS2_PLACEMENT_3D('',#14641,#11938,#11939);
#9904=AXIS2_PLACEMENT_3D('',#14643,#11941,#11942);
#9905=AXIS2_PLACEMENT_3D('',#14645,#11944,#11945);
#9906=AXIS2_PLACEMENT_3D('',#14647,#11947,#11948);
#9907=AXIS2_PLACEMENT_3D('',#14648,#11949,#11950);
#9908=AXIS2_PLACEMENT_3D('',#14651,#11953,#11954);
#9909=AXIS2_PLACEMENT_3D('',#14653,#11956,#11957);
#9910=AXIS2_PLACEMENT_3D('',#14655,#11959,#11960);
#9911=AXIS2_PLACEMENT_3D('',#14656,#11961,#11962);
#9912=AXIS2_PLACEMENT_3D('',#14659,#11965,#11966);
#9913=AXIS2_PLACEMENT_3D('',#14661,#11968,#11969);
#9914=AXIS2_PLACEMENT_3D('',#14663,#11971,#11972);
#9915=AXIS2_PLACEMENT_3D('',#14664,#11973,#11974);
#9916=AXIS2_PLACEMENT_3D('',#14667,#11977,#11978);
#9917=AXIS2_PLACEMENT_3D('',#14669,#11980,#11981);
#9918=AXIS2_PLACEMENT_3D('',#14671,#11983,#11984);
#9919=AXIS2_PLACEMENT_3D('',#14672,#11985,#11986);
#9920=AXIS2_PLACEMENT_3D('',#14675,#11989,#11990);
#9921=AXIS2_PLACEMENT_3D('',#14677,#11992,#11993);
#9922=AXIS2_PLACEMENT_3D('',#14679,#11995,#11996);
#9923=AXIS2_PLACEMENT_3D('',#14680,#11997,#11998);
#9924=AXIS2_PLACEMENT_3D('',#14683,#12001,#12002);
#9925=AXIS2_PLACEMENT_3D('',#14685,#12004,#12005);
#9926=AXIS2_PLACEMENT_3D('',#14687,#12007,#12008);
#9927=AXIS2_PLACEMENT_3D('',#14688,#12009,#12010);
#9928=AXIS2_PLACEMENT_3D('',#14691,#12013,#12014);
#9929=AXIS2_PLACEMENT_3D('',#14693,#12016,#12017);
#9930=AXIS2_PLACEMENT_3D('',#14695,#12019,#12020);
#9931=AXIS2_PLACEMENT_3D('',#14696,#12021,#12022);
#9932=AXIS2_PLACEMENT_3D('',#14699,#12025,#12026);
#9933=AXIS2_PLACEMENT_3D('',#14701,#12028,#12029);
#9934=AXIS2_PLACEMENT_3D('',#14703,#12031,#12032);
#9935=AXIS2_PLACEMENT_3D('',#14704,#12033,#12034);
#9936=AXIS2_PLACEMENT_3D('',#14707,#12037,#12038);
#9937=AXIS2_PLACEMENT_3D('',#14709,#12040,#12041);
#9938=AXIS2_PLACEMENT_3D('',#14711,#12043,#12044);
#9939=AXIS2_PLACEMENT_3D('',#14712,#12045,#12046);
#9940=AXIS2_PLACEMENT_3D('',#14715,#12049,#12050);
#9941=AXIS2_PLACEMENT_3D('',#14717,#12052,#12053);
#9942=AXIS2_PLACEMENT_3D('',#14719,#12055,#12056);
#9943=AXIS2_PLACEMENT_3D('',#14720,#12057,#12058);
#9944=AXIS2_PLACEMENT_3D('',#14723,#12061,#12062);
#9945=AXIS2_PLACEMENT_3D('',#14725,#12064,#12065);
#9946=AXIS2_PLACEMENT_3D('',#14727,#12067,#12068);
#9947=AXIS2_PLACEMENT_3D('',#14728,#12069,#12070);
#9948=AXIS2_PLACEMENT_3D('',#14731,#12073,#12074);
#9949=AXIS2_PLACEMENT_3D('',#14733,#12076,#12077);
#9950=AXIS2_PLACEMENT_3D('',#14735,#12079,#12080);
#9951=AXIS2_PLACEMENT_3D('',#14736,#12081,#12082);
#9952=AXIS2_PLACEMENT_3D('',#14739,#12085,#12086);
#9953=AXIS2_PLACEMENT_3D('',#14741,#12088,#12089);
#9954=AXIS2_PLACEMENT_3D('',#14743,#12091,#12092);
#9955=AXIS2_PLACEMENT_3D('',#14744,#12093,#12094);
#9956=AXIS2_PLACEMENT_3D('',#14747,#12097,#12098);
#9957=AXIS2_PLACEMENT_3D('',#14749,#12100,#12101);
#9958=AXIS2_PLACEMENT_3D('',#14751,#12103,#12104);
#9959=AXIS2_PLACEMENT_3D('',#14752,#12105,#12106);
#9960=AXIS2_PLACEMENT_3D('',#14755,#12109,#12110);
#9961=AXIS2_PLACEMENT_3D('',#14757,#12112,#12113);
#9962=AXIS2_PLACEMENT_3D('',#14759,#12115,#12116);
#9963=AXIS2_PLACEMENT_3D('',#14760,#12117,#12118);
#9964=AXIS2_PLACEMENT_3D('',#14763,#12121,#12122);
#9965=AXIS2_PLACEMENT_3D('',#14765,#12124,#12125);
#9966=AXIS2_PLACEMENT_3D('',#14767,#12127,#12128);
#9967=AXIS2_PLACEMENT_3D('',#14768,#12129,#12130);
#9968=AXIS2_PLACEMENT_3D('',#14771,#12133,#12134);
#9969=AXIS2_PLACEMENT_3D('',#14773,#12136,#12137);
#9970=AXIS2_PLACEMENT_3D('',#14775,#12139,#12140);
#9971=AXIS2_PLACEMENT_3D('',#14776,#12141,#12142);
#9972=AXIS2_PLACEMENT_3D('',#14779,#12145,#12146);
#9973=AXIS2_PLACEMENT_3D('',#14781,#12148,#12149);
#9974=AXIS2_PLACEMENT_3D('',#14783,#12151,#12152);
#9975=AXIS2_PLACEMENT_3D('',#14784,#12153,#12154);
#9976=AXIS2_PLACEMENT_3D('',#14787,#12157,#12158);
#9977=AXIS2_PLACEMENT_3D('',#14789,#12160,#12161);
#9978=AXIS2_PLACEMENT_3D('',#14791,#12163,#12164);
#9979=AXIS2_PLACEMENT_3D('',#14792,#12165,#12166);
#9980=AXIS2_PLACEMENT_3D('',#14795,#12169,#12170);
#9981=AXIS2_PLACEMENT_3D('',#14797,#12172,#12173);
#9982=AXIS2_PLACEMENT_3D('',#14799,#12175,#12176);
#9983=AXIS2_PLACEMENT_3D('',#14800,#12177,#12178);
#9984=AXIS2_PLACEMENT_3D('',#14803,#12181,#12182);
#9985=AXIS2_PLACEMENT_3D('',#14805,#12184,#12185);
#9986=AXIS2_PLACEMENT_3D('',#14807,#12187,#12188);
#9987=DIRECTION('axis',(0.,0.,1.));
#9988=DIRECTION('refdir',(1.,0.,0.));
#9989=DIRECTION('center_axis',(0.,-1.,0.));
#9990=DIRECTION('ref_axis',(1.,0.,5.50226531004239E-12));
#9991=DIRECTION('center_axis',(0.,1.,0.));
#9992=DIRECTION('ref_axis',(1.,0.,5.50226531004239E-12));
#9993=DIRECTION('',(0.,-1.,0.));
#9994=DIRECTION('center_axis',(0.,1.,0.));
#9995=DIRECTION('ref_axis',(1.,0.,5.50226531004239E-12));
#9996=DIRECTION('',(0.,-1.,0.));
#9997=DIRECTION('center_axis',(-1.,0.,-5.48006084957982E-12));
#9998=DIRECTION('ref_axis',(5.48006084957982E-12,0.,-1.));
#9999=DIRECTION('',(-5.48006084957982E-12,0.,1.));
#10000=DIRECTION('',(5.48006084957982E-12,0.,-1.));
#10001=DIRECTION('',(0.,-1.,0.));
#10002=DIRECTION('center_axis',(0.,1.,0.));
#10003=DIRECTION('ref_axis',(-1.,0.,0.));
#10004=DIRECTION('',(-1.,0.,0.));
#10005=DIRECTION('',(1.,0.,0.));
#10006=DIRECTION('',(0.,0.,-1.));
#10007=DIRECTION('center_axis',(1.,0.,0.));
#10008=DIRECTION('ref_axis',(0.,-1.,0.));
#10009=DIRECTION('',(0.,1.,0.));
#10010=DIRECTION('',(0.,0.,-1.));
#10011=DIRECTION('',(0.,-1.,0.));
#10012=DIRECTION('center_axis',(1.,0.,0.));
#10013=DIRECTION('ref_axis',(0.,0.,1.));
#10014=DIRECTION('',(0.,0.,-1.));
#10015=DIRECTION('',(0.,-1.,0.));
#10016=DIRECTION('',(0.,0.,1.));
#10017=DIRECTION('',(0.,-1.,0.));
#10018=DIRECTION('center_axis',(0.,-1.,0.));
#10019=DIRECTION('ref_axis',(0.,0.,-1.));
#10020=DIRECTION('center_axis',(0.,1.,0.));
#10021=DIRECTION('ref_axis',(0.,0.,-1.));
#10022=DIRECTION('center_axis',(0.,1.,0.));
#10023=DIRECTION('ref_axis',(0.,0.,-1.));
#10024=DIRECTION('',(0.,-1.,0.));
#10025=DIRECTION('center_axis',(0.,1.,0.));
#10026=DIRECTION('ref_axis',(-1.,0.,0.));
#10027=DIRECTION('',(0.,0.,1.));
#10028=DIRECTION('',(1.,0.,0.));
#10029=DIRECTION('',(-1.,0.,0.));
#10030=DIRECTION('center_axis',(0.707106781186529,-0.707106781186566,0.));
#10031=DIRECTION('ref_axis',(0.,0.,-1.));
#10032=DIRECTION('',(0.707106781186566,0.707106781186529,0.));
#10033=DIRECTION('',(0.,0.,1.));
#10034=DIRECTION('',(-0.707106781186566,-0.707106781186529,0.));
#10035=DIRECTION('',(0.,0.,-1.));
#10036=DIRECTION('center_axis',(1.,0.,0.));
#10037=DIRECTION('ref_axis',(0.,0.,-1.));
#10038=DIRECTION('',(0.,1.,0.));
#10039=DIRECTION('',(0.,0.,-1.));
#10040=DIRECTION('',(0.,-1.,0.));
#10041=DIRECTION('center_axis',(0.,0.,-1.));
#10042=DIRECTION('ref_axis',(-1.,0.,0.));
#10043=DIRECTION('',(1.,0.,0.));
#10044=DIRECTION('',(0.707106781186529,-0.707106781186566,0.));
#10045=DIRECTION('',(0.,1.,0.));
#10046=DIRECTION('',(-0.707106781186541,-0.707106781186554,0.));
#10047=DIRECTION('',(-1.,0.,0.));
#10048=DIRECTION('',(0.,-1.,0.));
#10049=DIRECTION('',(1.,0.,0.));
#10050=DIRECTION('',(1.,0.,0.));
#10051=DIRECTION('',(-0.70710678118656,0.707106781186535,0.));
#10052=DIRECTION('center_axis',(0.,0.,1.));
#10053=DIRECTION('ref_axis',(-1.,0.,0.));
#10054=DIRECTION('center_axis',(0.,0.,1.));
#10055=DIRECTION('ref_axis',(-1.,0.,0.));
#10056=DIRECTION('center_axis',(0.,0.,1.));
#10057=DIRECTION('ref_axis',(-1.,0.,0.));
#10058=DIRECTION('center_axis',(0.,0.,1.));
#10059=DIRECTION('ref_axis',(-1.,0.,0.));
#10060=DIRECTION('',(1.,0.,0.));
#10061=DIRECTION('',(0.,1.,0.));
#10062=DIRECTION('',(-1.,0.,0.));
#10063=DIRECTION('',(0.,-1.,0.));
#10064=DIRECTION('',(1.,0.,0.));
#10065=DIRECTION('',(0.,1.,0.));
#10066=DIRECTION('',(-1.,0.,0.));
#10067=DIRECTION('',(0.,-1.,0.));
#10068=DIRECTION('',(1.,0.,0.));
#10069=DIRECTION('',(0.,1.,0.));
#10070=DIRECTION('',(-1.,0.,0.));
#10071=DIRECTION('',(0.,-1.,0.));
#10072=DIRECTION('',(1.,0.,0.));
#10073=DIRECTION('',(0.,1.,0.));
#10074=DIRECTION('',(-1.,0.,0.));
#10075=DIRECTION('',(0.,-1.,0.));
#10076=DIRECTION('',(1.,0.,0.));
#10077=DIRECTION('',(0.,1.,0.));
#10078=DIRECTION('',(-1.,0.,0.));
#10079=DIRECTION('',(0.,-1.,0.));
#10080=DIRECTION('',(1.,0.,0.));
#10081=DIRECTION('',(0.,1.,0.));
#10082=DIRECTION('',(-1.,0.,0.));
#10083=DIRECTION('',(0.,-1.,0.));
#10084=DIRECTION('',(1.,0.,0.));
#10085=DIRECTION('',(0.,1.,0.));
#10086=DIRECTION('',(-1.,0.,0.));
#10087=DIRECTION('',(0.,-1.,0.));
#10088=DIRECTION('',(1.,0.,0.));
#10089=DIRECTION('',(0.,1.,0.));
#10090=DIRECTION('',(-1.,0.,0.));
#10091=DIRECTION('',(0.,-1.,0.));
#10092=DIRECTION('',(1.,0.,0.));
#10093=DIRECTION('',(0.,1.,0.));
#10094=DIRECTION('',(-1.,0.,0.));
#10095=DIRECTION('',(0.,-1.,0.));
#10096=DIRECTION('',(1.,0.,0.));
#10097=DIRECTION('',(0.,1.,0.));
#10098=DIRECTION('',(-1.,0.,0.));
#10099=DIRECTION('',(0.,-1.,0.));
#10100=DIRECTION('',(1.,0.,0.));
#10101=DIRECTION('',(0.,1.,0.));
#10102=DIRECTION('',(-1.,0.,0.));
#10103=DIRECTION('',(0.,-1.,0.));
#10104=DIRECTION('',(1.,0.,0.));
#10105=DIRECTION('',(0.,1.,0.));
#10106=DIRECTION('',(-1.,0.,0.));
#10107=DIRECTION('',(0.,-1.,0.));
#10108=DIRECTION('',(1.,0.,0.));
#10109=DIRECTION('',(0.,1.,0.));
#10110=DIRECTION('',(-1.,0.,0.));
#10111=DIRECTION('',(0.,-1.,0.));
#10112=DIRECTION('',(1.,0.,0.));
#10113=DIRECTION('',(0.,1.,0.));
#10114=DIRECTION('',(-1.,0.,0.));
#10115=DIRECTION('',(0.,-1.,0.));
#10116=DIRECTION('',(1.,0.,0.));
#10117=DIRECTION('',(0.,1.,0.));
#10118=DIRECTION('',(-1.,0.,0.));
#10119=DIRECTION('',(0.,-1.,0.));
#10120=DIRECTION('',(1.,0.,0.));
#10121=DIRECTION('',(0.,1.,0.));
#10122=DIRECTION('',(-1.,0.,0.));
#10123=DIRECTION('',(0.,-1.,0.));
#10124=DIRECTION('',(1.,0.,0.));
#10125=DIRECTION('',(0.,1.,0.));
#10126=DIRECTION('',(-1.,0.,0.));
#10127=DIRECTION('',(0.,-1.,0.));
#10128=DIRECTION('',(1.,0.,0.));
#10129=DIRECTION('',(0.,1.,0.));
#10130=DIRECTION('',(-1.,0.,0.));
#10131=DIRECTION('',(0.,-1.,0.));
#10132=DIRECTION('',(1.,0.,0.));
#10133=DIRECTION('',(0.,1.,0.));
#10134=DIRECTION('',(-1.,0.,0.));
#10135=DIRECTION('',(0.,-1.,0.));
#10136=DIRECTION('',(1.,0.,0.));
#10137=DIRECTION('',(0.,1.,0.));
#10138=DIRECTION('',(-1.,0.,0.));
#10139=DIRECTION('',(0.,-1.,0.));
#10140=DIRECTION('',(1.,0.,0.));
#10141=DIRECTION('',(0.,1.,0.));
#10142=DIRECTION('',(-1.,0.,0.));
#10143=DIRECTION('',(0.,-1.,0.));
#10144=DIRECTION('',(1.,0.,0.));
#10145=DIRECTION('',(0.,1.,0.));
#10146=DIRECTION('',(-1.,0.,0.));
#10147=DIRECTION('',(0.,-1.,0.));
#10148=DIRECTION('',(1.,0.,0.));
#10149=DIRECTION('',(0.,1.,0.));
#10150=DIRECTION('',(-1.,0.,0.));
#10151=DIRECTION('',(0.,-1.,0.));
#10152=DIRECTION('',(1.,0.,0.));
#10153=DIRECTION('',(0.,1.,0.));
#10154=DIRECTION('',(-1.,0.,0.));
#10155=DIRECTION('',(0.,-1.,0.));
#10156=DIRECTION('',(1.,0.,0.));
#10157=DIRECTION('',(0.,1.,0.));
#10158=DIRECTION('',(-1.,0.,0.));
#10159=DIRECTION('',(0.,-1.,0.));
#10160=DIRECTION('',(1.,0.,0.));
#10161=DIRECTION('',(0.,1.,0.));
#10162=DIRECTION('',(-1.,0.,0.));
#10163=DIRECTION('',(0.,-1.,0.));
#10164=DIRECTION('',(1.,0.,0.));
#10165=DIRECTION('',(0.,1.,0.));
#10166=DIRECTION('',(-1.,0.,0.));
#10167=DIRECTION('',(0.,-1.,0.));
#10168=DIRECTION('',(1.,0.,0.));
#10169=DIRECTION('',(0.,1.,0.));
#10170=DIRECTION('',(-1.,0.,0.));
#10171=DIRECTION('',(0.,-1.,0.));
#10172=DIRECTION('',(1.,0.,0.));
#10173=DIRECTION('',(0.,1.,0.));
#10174=DIRECTION('',(-1.,0.,0.));
#10175=DIRECTION('',(0.,-1.,0.));
#10176=DIRECTION('',(1.,0.,0.));
#10177=DIRECTION('',(0.,1.,0.));
#10178=DIRECTION('',(-1.,0.,0.));
#10179=DIRECTION('',(0.,-1.,0.));
#10180=DIRECTION('',(1.,0.,0.));
#10181=DIRECTION('',(0.,1.,0.));
#10182=DIRECTION('',(-1.,0.,0.));
#10183=DIRECTION('',(0.,-1.,0.));
#10184=DIRECTION('',(1.,0.,0.));
#10185=DIRECTION('',(0.,1.,0.));
#10186=DIRECTION('',(-1.,0.,0.));
#10187=DIRECTION('',(0.,-1.,0.));
#10188=DIRECTION('',(1.,0.,0.));
#10189=DIRECTION('',(0.,1.,0.));
#10190=DIRECTION('',(-1.,0.,0.));
#10191=DIRECTION('',(0.,-1.,0.));
#10192=DIRECTION('',(1.,0.,0.));
#10193=DIRECTION('',(0.,1.,0.));
#10194=DIRECTION('',(-1.,0.,0.));
#10195=DIRECTION('',(0.,-1.,0.));
#10196=DIRECTION('',(1.,0.,0.));
#10197=DIRECTION('',(0.,1.,0.));
#10198=DIRECTION('',(-1.,0.,0.));
#10199=DIRECTION('',(0.,-1.,0.));
#10200=DIRECTION('',(1.,0.,0.));
#10201=DIRECTION('',(0.,1.,0.));
#10202=DIRECTION('',(-1.,0.,0.));
#10203=DIRECTION('',(0.,-1.,0.));
#10204=DIRECTION('',(1.,0.,0.));
#10205=DIRECTION('',(0.,1.,0.));
#10206=DIRECTION('',(-1.,0.,0.));
#10207=DIRECTION('',(0.,-1.,0.));
#10208=DIRECTION('',(1.,0.,0.));
#10209=DIRECTION('',(0.,1.,0.));
#10210=DIRECTION('',(-1.,0.,0.));
#10211=DIRECTION('',(0.,-1.,0.));
#10212=DIRECTION('',(1.,0.,0.));
#10213=DIRECTION('',(0.,1.,0.));
#10214=DIRECTION('',(-1.,0.,0.));
#10215=DIRECTION('',(0.,-1.,0.));
#10216=DIRECTION('',(1.,0.,0.));
#10217=DIRECTION('',(0.,1.,0.));
#10218=DIRECTION('',(-1.,0.,0.));
#10219=DIRECTION('',(0.,-1.,0.));
#10220=DIRECTION('',(1.,0.,0.));
#10221=DIRECTION('',(0.,1.,0.));
#10222=DIRECTION('',(-1.,0.,0.));
#10223=DIRECTION('',(0.,-1.,0.));
#10224=DIRECTION('',(1.,0.,0.));
#10225=DIRECTION('',(0.,1.,0.));
#10226=DIRECTION('',(-1.,0.,0.));
#10227=DIRECTION('',(0.,-1.,0.));
#10228=DIRECTION('',(1.,0.,0.));
#10229=DIRECTION('',(0.,1.,0.));
#10230=DIRECTION('',(-1.,0.,0.));
#10231=DIRECTION('',(0.,-1.,0.));
#10232=DIRECTION('',(1.,0.,0.));
#10233=DIRECTION('',(0.,1.,0.));
#10234=DIRECTION('',(-1.,0.,0.));
#10235=DIRECTION('',(0.,-1.,0.));
#10236=DIRECTION('',(1.,0.,0.));
#10237=DIRECTION('',(0.,1.,0.));
#10238=DIRECTION('',(-1.,0.,0.));
#10239=DIRECTION('',(0.,-1.,0.));
#10240=DIRECTION('',(1.,0.,0.));
#10241=DIRECTION('',(0.,1.,0.));
#10242=DIRECTION('',(-1.,0.,0.));
#10243=DIRECTION('',(0.,-1.,0.));
#10244=DIRECTION('',(1.,0.,0.));
#10245=DIRECTION('',(0.,1.,0.));
#10246=DIRECTION('',(-1.,0.,0.));
#10247=DIRECTION('',(0.,-1.,0.));
#10248=DIRECTION('',(1.,0.,0.));
#10249=DIRECTION('',(0.,1.,0.));
#10250=DIRECTION('',(-1.,0.,0.));
#10251=DIRECTION('',(0.,-1.,0.));
#10252=DIRECTION('',(1.,0.,0.));
#10253=DIRECTION('',(0.,1.,0.));
#10254=DIRECTION('',(-1.,0.,0.));
#10255=DIRECTION('',(0.,-1.,0.));
#10256=DIRECTION('',(1.,0.,0.));
#10257=DIRECTION('',(0.,1.,0.));
#10258=DIRECTION('',(-1.,0.,0.));
#10259=DIRECTION('',(0.,-1.,0.));
#10260=DIRECTION('',(1.,0.,0.));
#10261=DIRECTION('',(0.,1.,0.));
#10262=DIRECTION('',(-1.,0.,0.));
#10263=DIRECTION('',(0.,-1.,0.));
#10264=DIRECTION('',(1.,0.,0.));
#10265=DIRECTION('',(0.,1.,0.));
#10266=DIRECTION('',(-1.,0.,0.));
#10267=DIRECTION('',(0.,-1.,0.));
#10268=DIRECTION('',(1.,0.,0.));
#10269=DIRECTION('',(0.,1.,0.));
#10270=DIRECTION('',(-1.,0.,0.));
#10271=DIRECTION('',(0.,-1.,0.));
#10272=DIRECTION('',(1.,0.,0.));
#10273=DIRECTION('',(0.,1.,0.));
#10274=DIRECTION('',(-1.,0.,0.));
#10275=DIRECTION('',(0.,-1.,0.));
#10276=DIRECTION('',(1.,0.,0.));
#10277=DIRECTION('',(0.,1.,0.));
#10278=DIRECTION('',(-1.,0.,0.));
#10279=DIRECTION('',(0.,-1.,0.));
#10280=DIRECTION('',(1.,0.,0.));
#10281=DIRECTION('',(0.,1.,0.));
#10282=DIRECTION('',(-1.,0.,0.));
#10283=DIRECTION('',(0.,-1.,0.));
#10284=DIRECTION('',(1.,0.,0.));
#10285=DIRECTION('',(0.,1.,0.));
#10286=DIRECTION('',(-1.,0.,0.));
#10287=DIRECTION('',(0.,-1.,0.));
#10288=DIRECTION('',(1.,0.,0.));
#10289=DIRECTION('',(0.,1.,0.));
#10290=DIRECTION('',(-1.,0.,0.));
#10291=DIRECTION('',(0.,-1.,0.));
#10292=DIRECTION('',(1.,0.,0.));
#10293=DIRECTION('',(0.,1.,0.));
#10294=DIRECTION('',(-1.,0.,0.));
#10295=DIRECTION('',(0.,-1.,0.));
#10296=DIRECTION('',(1.,0.,0.));
#10297=DIRECTION('',(0.,1.,0.));
#10298=DIRECTION('',(-1.,0.,0.));
#10299=DIRECTION('',(0.,-1.,0.));
#10300=DIRECTION('',(1.,0.,0.));
#10301=DIRECTION('',(0.,1.,0.));
#10302=DIRECTION('',(-1.,0.,0.));
#10303=DIRECTION('',(0.,-1.,0.));
#10304=DIRECTION('',(-1.,0.,0.));
#10305=DIRECTION('',(0.,-1.,0.));
#10306=DIRECTION('',(-1.,0.,0.));
#10307=DIRECTION('',(0.,1.,0.));
#10308=DIRECTION('',(-1.,0.,0.));
#10309=DIRECTION('',(0.,1.,0.));
#10310=DIRECTION('',(-1.,0.,0.));
#10311=DIRECTION('',(0.,-1.,0.));
#10312=DIRECTION('',(-1.,0.,0.));
#10313=DIRECTION('',(0.,-1.,0.));
#10314=DIRECTION('',(-1.,0.,0.));
#10315=DIRECTION('',(0.,-1.,0.));
#10316=DIRECTION('',(1.,0.,0.));
#10317=DIRECTION('',(0.,-1.,0.));
#10318=DIRECTION('',(1.,0.,0.));
#10319=DIRECTION('',(0.,-1.,0.));
#10320=DIRECTION('',(1.,0.,0.));
#10321=DIRECTION('',(0.,1.,0.));
#10322=DIRECTION('',(1.,0.,0.));
#10323=DIRECTION('',(0.,1.,0.));
#10324=DIRECTION('',(1.,0.,0.));
#10325=DIRECTION('',(0.,-1.,0.));
#10326=DIRECTION('',(1.,0.,0.));
#10327=DIRECTION('',(0.,1.,0.));
#10328=DIRECTION('',(1.,-1.16444237259931E-14,0.));
#10329=DIRECTION('',(0.,-1.,0.));
#10330=DIRECTION('',(1.,0.,0.));
#10331=DIRECTION('',(0.,-1.,0.));
#10332=DIRECTION('',(1.,0.,0.));
#10333=DIRECTION('',(0.,1.,0.));
#10334=DIRECTION('',(1.,0.,0.));
#10335=DIRECTION('',(0.,1.,0.));
#10336=DIRECTION('',(1.,0.,0.));
#10337=DIRECTION('',(0.,1.,0.));
#10338=DIRECTION('',(-1.,0.,0.));
#10339=DIRECTION('',(0.,1.,0.));
#10340=DIRECTION('',(-1.,0.,0.));
#10341=DIRECTION('',(0.,1.,0.));
#10342=DIRECTION('',(-1.,0.,0.));
#10343=DIRECTION('',(0.,-1.,0.));
#10344=DIRECTION('',(-1.,0.,0.));
#10345=DIRECTION('',(0.,-1.,0.));
#10346=DIRECTION('',(-1.,0.,0.));
#10347=DIRECTION('',(0.,1.,0.));
#10348=DIRECTION('',(1.,0.,0.));
#10349=DIRECTION('',(0.,1.,0.));
#10350=DIRECTION('',(-1.,0.,0.));
#10351=DIRECTION('',(0.,-1.,0.));
#10352=DIRECTION('',(1.,0.,0.));
#10353=DIRECTION('',(0.,1.,0.));
#10354=DIRECTION('',(-1.,0.,0.));
#10355=DIRECTION('',(0.,-1.,0.));
#10356=DIRECTION('',(1.,0.,0.));
#10357=DIRECTION('',(0.,1.,0.));
#10358=DIRECTION('',(-1.,0.,0.));
#10359=DIRECTION('',(0.,-1.,0.));
#10360=DIRECTION('',(1.,0.,0.));
#10361=DIRECTION('',(0.,1.,0.));
#10362=DIRECTION('',(-1.,0.,0.));
#10363=DIRECTION('',(0.,-1.,0.));
#10364=DIRECTION('',(1.,0.,0.));
#10365=DIRECTION('',(0.,1.,0.));
#10366=DIRECTION('',(-1.,0.,0.));
#10367=DIRECTION('',(0.,-1.,0.));
#10368=DIRECTION('',(1.,0.,0.));
#10369=DIRECTION('',(0.,1.,0.));
#10370=DIRECTION('',(-1.,0.,0.));
#10371=DIRECTION('',(0.,-1.,0.));
#10372=DIRECTION('',(1.,0.,0.));
#10373=DIRECTION('',(0.,1.,0.));
#10374=DIRECTION('',(-1.,0.,0.));
#10375=DIRECTION('',(0.,-1.,0.));
#10376=DIRECTION('',(1.,0.,0.));
#10377=DIRECTION('',(0.,1.,0.));
#10378=DIRECTION('',(-1.,0.,0.));
#10379=DIRECTION('',(0.,-1.,0.));
#10380=DIRECTION('',(1.,0.,0.));
#10381=DIRECTION('',(0.,1.,0.));
#10382=DIRECTION('',(-1.,0.,0.));
#10383=DIRECTION('',(0.,-1.,0.));
#10384=DIRECTION('',(1.,0.,0.));
#10385=DIRECTION('',(0.,1.,0.));
#10386=DIRECTION('',(-1.,0.,0.));
#10387=DIRECTION('',(0.,-1.,0.));
#10388=DIRECTION('',(1.,0.,0.));
#10389=DIRECTION('',(0.,1.,0.));
#10390=DIRECTION('',(-1.,0.,0.));
#10391=DIRECTION('',(0.,-1.,0.));
#10392=DIRECTION('',(1.,0.,0.));
#10393=DIRECTION('',(0.,1.,0.));
#10394=DIRECTION('',(-1.,0.,0.));
#10395=DIRECTION('',(0.,-1.,0.));
#10396=DIRECTION('',(1.,0.,0.));
#10397=DIRECTION('',(0.,1.,0.));
#10398=DIRECTION('',(-1.,0.,0.));
#10399=DIRECTION('',(0.,-1.,0.));
#10400=DIRECTION('',(1.,0.,0.));
#10401=DIRECTION('',(0.,1.,0.));
#10402=DIRECTION('',(-1.,0.,0.));
#10403=DIRECTION('',(0.,-1.,0.));
#10404=DIRECTION('',(1.,0.,0.));
#10405=DIRECTION('',(0.,1.,0.));
#10406=DIRECTION('',(-1.,0.,0.));
#10407=DIRECTION('',(0.,-1.,0.));
#10408=DIRECTION('',(1.,0.,0.));
#10409=DIRECTION('',(0.,1.,0.));
#10410=DIRECTION('',(-1.,0.,0.));
#10411=DIRECTION('',(0.,-1.,0.));
#10412=DIRECTION('',(1.,0.,0.));
#10413=DIRECTION('',(0.,1.,0.));
#10414=DIRECTION('',(-1.,0.,0.));
#10415=DIRECTION('',(0.,-1.,0.));
#10416=DIRECTION('',(1.,0.,0.));
#10417=DIRECTION('',(0.,1.,0.));
#10418=DIRECTION('',(-1.,0.,0.));
#10419=DIRECTION('',(0.,-1.,0.));
#10420=DIRECTION('',(1.,0.,0.));
#10421=DIRECTION('',(0.,1.,0.));
#10422=DIRECTION('',(-1.,0.,0.));
#10423=DIRECTION('',(0.,-1.,0.));
#10424=DIRECTION('',(1.,0.,0.));
#10425=DIRECTION('',(0.,1.,0.));
#10426=DIRECTION('',(-1.,0.,0.));
#10427=DIRECTION('',(0.,-1.,0.));
#10428=DIRECTION('',(-1.,0.,0.));
#10429=DIRECTION('',(0.,1.,0.));
#10430=DIRECTION('',(-1.,0.,0.));
#10431=DIRECTION('',(0.,-1.,0.));
#10432=DIRECTION('',(-1.,0.,0.));
#10433=DIRECTION('',(0.,1.,0.));
#10434=DIRECTION('',(-1.,0.,0.));
#10435=DIRECTION('',(0.,1.,0.));
#10436=DIRECTION('',(-1.,0.,0.));
#10437=DIRECTION('',(0.,-1.,0.));
#10438=DIRECTION('',(-1.,0.,0.));
#10439=DIRECTION('',(0.,-1.,0.));
#10440=DIRECTION('',(-1.,0.,0.));
#10441=DIRECTION('',(0.,-1.,0.));
#10442=DIRECTION('',(1.,0.,0.));
#10443=DIRECTION('',(0.,-1.,0.));
#10444=DIRECTION('',(1.,0.,0.));
#10445=DIRECTION('',(0.,-1.,0.));
#10446=DIRECTION('',(1.,0.,0.));
#10447=DIRECTION('',(0.,1.,0.));
#10448=DIRECTION('',(1.,0.,0.));
#10449=DIRECTION('',(0.,1.,0.));
#10450=DIRECTION('',(1.,0.,0.));
#10451=DIRECTION('',(0.,-1.,0.));
#10452=DIRECTION('',(1.,0.,0.));
#10453=DIRECTION('',(0.,1.,0.));
#10454=DIRECTION('',(1.,0.,0.));
#10455=DIRECTION('',(0.,-1.,0.));
#10456=DIRECTION('',(1.,0.,0.));
#10457=DIRECTION('',(0.,-1.,0.));
#10458=DIRECTION('',(1.,0.,0.));
#10459=DIRECTION('',(0.,1.,0.));
#10460=DIRECTION('',(1.,0.,0.));
#10461=DIRECTION('',(0.,1.,0.));
#10462=DIRECTION('',(1.,0.,0.));
#10463=DIRECTION('',(0.,1.,0.));
#10464=DIRECTION('',(-1.,0.,0.));
#10465=DIRECTION('',(0.,1.,0.));
#10466=DIRECTION('',(-1.,0.,0.));
#10467=DIRECTION('',(0.,1.,0.));
#10468=DIRECTION('',(-1.,0.,0.));
#10469=DIRECTION('',(0.,-1.,0.));
#10470=DIRECTION('',(-1.,0.,0.));
#10471=DIRECTION('',(0.,-1.,0.));
#10472=DIRECTION('center_axis',(0.,0.,1.));
#10473=DIRECTION('ref_axis',(-1.,0.,0.));
#10474=DIRECTION('center_axis',(0.,0.,1.));
#10475=DIRECTION('ref_axis',(-1.,0.,0.));
#10476=DIRECTION('center_axis',(0.707106781186535,0.70710678118656,0.));
#10477=DIRECTION('ref_axis',(0.,0.,-1.));
#10478=DIRECTION('',(0.70710678118656,-0.707106781186535,0.));
#10479=DIRECTION('',(0.,0.,1.));
#10480=DIRECTION('center_axis',(0.,1.,0.));
#10481=DIRECTION('ref_axis',(0.,0.,1.));
#10482=DIRECTION('',(1.,0.,0.));
#10483=DIRECTION('center_axis',(-0.707106781186554,0.707106781186541,0.));
#10484=DIRECTION('ref_axis',(0.,0.,1.));
#10485=DIRECTION('',(0.707106781186541,0.707106781186554,0.));
#10486=DIRECTION('',(0.,0.,-1.));
#10487=DIRECTION('',(0.,0.,1.));
#10488=DIRECTION('center_axis',(1.,0.,0.));
#10489=DIRECTION('ref_axis',(0.,0.,-1.));
#10490=DIRECTION('',(0.,0.,-1.));
#10491=DIRECTION('',(0.,-1.,0.));
#10492=DIRECTION('center_axis',(-0.707106781186566,-0.707106781186529,0.));
#10493=DIRECTION('ref_axis',(0.,0.,1.));
#10494=DIRECTION('',(0.,0.,1.));
#10495=DIRECTION('',(-0.707106781186529,0.707106781186566,0.));
#10496=DIRECTION('center_axis',(0.,-1.,0.));
#10497=DIRECTION('ref_axis',(0.,0.,-1.));
#10498=DIRECTION('',(1.,0.,0.));
#10499=DIRECTION('center_axis',(0.,0.,1.));
#10500=DIRECTION('ref_axis',(1.,0.,0.));
#10501=DIRECTION('',(-1.,0.,0.));
#10502=DIRECTION('',(0.,1.,0.));
#10503=DIRECTION('',(1.,0.,0.));
#10504=DIRECTION('center_axis',(0.,0.,-1.));
#10505=DIRECTION('ref_axis',(-1.,0.,0.));
#10506=DIRECTION('center_axis',(0.,0.,-1.));
#10507=DIRECTION('ref_axis',(-1.,0.,0.));
#10508=DIRECTION('center_axis',(0.,0.,-1.));
#10509=DIRECTION('ref_axis',(-1.,0.,0.));
#10510=DIRECTION('center_axis',(0.,0.,-1.));
#10511=DIRECTION('ref_axis',(-1.,0.,0.));
#10512=DIRECTION('',(-1.,0.,0.));
#10513=DIRECTION('',(0.,1.,0.));
#10514=DIRECTION('',(1.,0.,0.));
#10515=DIRECTION('',(0.,-1.,0.));
#10516=DIRECTION('',(-1.,0.,0.));
#10517=DIRECTION('',(0.,1.,0.));
#10518=DIRECTION('',(1.,0.,0.));
#10519=DIRECTION('',(0.,-1.,0.));
#10520=DIRECTION('',(-1.,0.,0.));
#10521=DIRECTION('',(0.,1.,0.));
#10522=DIRECTION('',(1.,0.,0.));
#10523=DIRECTION('',(0.,-1.,0.));
#10524=DIRECTION('',(-1.,0.,0.));
#10525=DIRECTION('',(0.,1.,0.));
#10526=DIRECTION('',(1.,0.,0.));
#10527=DIRECTION('',(0.,-1.,0.));
#10528=DIRECTION('',(-1.,0.,0.));
#10529=DIRECTION('',(0.,1.,0.));
#10530=DIRECTION('',(1.,0.,0.));
#10531=DIRECTION('',(0.,-1.,0.));
#10532=DIRECTION('',(-1.,0.,0.));
#10533=DIRECTION('',(0.,1.,0.));
#10534=DIRECTION('',(1.,0.,0.));
#10535=DIRECTION('',(0.,-1.,0.));
#10536=DIRECTION('',(-1.,0.,0.));
#10537=DIRECTION('',(0.,1.,0.));
#10538=DIRECTION('',(1.,0.,0.));
#10539=DIRECTION('',(0.,-1.,0.));
#10540=DIRECTION('',(-1.,0.,0.));
#10541=DIRECTION('',(0.,1.,0.));
#10542=DIRECTION('',(1.,0.,0.));
#10543=DIRECTION('',(0.,-1.,0.));
#10544=DIRECTION('',(-1.,0.,0.));
#10545=DIRECTION('',(0.,1.,0.));
#10546=DIRECTION('',(1.,0.,0.));
#10547=DIRECTION('',(0.,-1.,0.));
#10548=DIRECTION('',(-1.,0.,0.));
#10549=DIRECTION('',(0.,1.,0.));
#10550=DIRECTION('',(1.,0.,0.));
#10551=DIRECTION('',(0.,-1.,0.));
#10552=DIRECTION('',(-1.,0.,0.));
#10553=DIRECTION('',(0.,1.,0.));
#10554=DIRECTION('',(1.,0.,0.));
#10555=DIRECTION('',(0.,-1.,0.));
#10556=DIRECTION('',(-1.,0.,0.));
#10557=DIRECTION('',(0.,1.,0.));
#10558=DIRECTION('',(1.,0.,0.));
#10559=DIRECTION('',(0.,-1.,0.));
#10560=DIRECTION('',(-1.,0.,0.));
#10561=DIRECTION('',(0.,1.,0.));
#10562=DIRECTION('',(1.,0.,0.));
#10563=DIRECTION('',(0.,-1.,0.));
#10564=DIRECTION('',(-1.,0.,0.));
#10565=DIRECTION('',(0.,1.,0.));
#10566=DIRECTION('',(1.,0.,0.));
#10567=DIRECTION('',(0.,-1.,0.));
#10568=DIRECTION('',(-1.,0.,0.));
#10569=DIRECTION('',(0.,1.,0.));
#10570=DIRECTION('',(1.,0.,0.));
#10571=DIRECTION('',(0.,-1.,0.));
#10572=DIRECTION('',(-1.,0.,0.));
#10573=DIRECTION('',(0.,1.,0.));
#10574=DIRECTION('',(1.,0.,0.));
#10575=DIRECTION('',(0.,-1.,0.));
#10576=DIRECTION('',(-1.,0.,0.));
#10577=DIRECTION('',(0.,1.,0.));
#10578=DIRECTION('',(1.,0.,0.));
#10579=DIRECTION('',(0.,-1.,0.));
#10580=DIRECTION('',(-1.,0.,0.));
#10581=DIRECTION('',(0.,1.,0.));
#10582=DIRECTION('',(1.,0.,0.));
#10583=DIRECTION('',(0.,-1.,0.));
#10584=DIRECTION('',(-1.,0.,0.));
#10585=DIRECTION('',(0.,1.,0.));
#10586=DIRECTION('',(1.,0.,0.));
#10587=DIRECTION('',(0.,-1.,0.));
#10588=DIRECTION('',(-1.,0.,0.));
#10589=DIRECTION('',(0.,1.,0.));
#10590=DIRECTION('',(1.,0.,0.));
#10591=DIRECTION('',(0.,-1.,0.));
#10592=DIRECTION('',(-1.,0.,0.));
#10593=DIRECTION('',(0.,1.,0.));
#10594=DIRECTION('',(1.,0.,0.));
#10595=DIRECTION('',(0.,-1.,0.));
#10596=DIRECTION('',(-1.,0.,0.));
#10597=DIRECTION('',(0.,1.,0.));
#10598=DIRECTION('',(1.,0.,0.));
#10599=DIRECTION('',(0.,-1.,0.));
#10600=DIRECTION('',(-1.,0.,0.));
#10601=DIRECTION('',(0.,1.,0.));
#10602=DIRECTION('',(1.,0.,0.));
#10603=DIRECTION('',(0.,-1.,0.));
#10604=DIRECTION('',(-1.,0.,0.));
#10605=DIRECTION('',(0.,1.,0.));
#10606=DIRECTION('',(1.,0.,0.));
#10607=DIRECTION('',(0.,-1.,0.));
#10608=DIRECTION('',(-1.,0.,0.));
#10609=DIRECTION('',(0.,1.,0.));
#10610=DIRECTION('',(1.,0.,0.));
#10611=DIRECTION('',(0.,-1.,0.));
#10612=DIRECTION('',(-1.,0.,0.));
#10613=DIRECTION('',(0.,1.,0.));
#10614=DIRECTION('',(1.,0.,0.));
#10615=DIRECTION('',(0.,-1.,0.));
#10616=DIRECTION('',(-1.,0.,0.));
#10617=DIRECTION('',(0.,1.,0.));
#10618=DIRECTION('',(1.,0.,0.));
#10619=DIRECTION('',(0.,-1.,0.));
#10620=DIRECTION('',(-1.,0.,0.));
#10621=DIRECTION('',(0.,1.,0.));
#10622=DIRECTION('',(1.,0.,0.));
#10623=DIRECTION('',(0.,-1.,0.));
#10624=DIRECTION('',(-1.,0.,0.));
#10625=DIRECTION('',(0.,1.,0.));
#10626=DIRECTION('',(1.,0.,0.));
#10627=DIRECTION('',(0.,-1.,0.));
#10628=DIRECTION('',(-1.,0.,0.));
#10629=DIRECTION('',(0.,1.,0.));
#10630=DIRECTION('',(1.,0.,0.));
#10631=DIRECTION('',(0.,-1.,0.));
#10632=DIRECTION('',(-1.,0.,0.));
#10633=DIRECTION('',(0.,1.,0.));
#10634=DIRECTION('',(1.,0.,0.));
#10635=DIRECTION('',(0.,-1.,0.));
#10636=DIRECTION('',(-1.,0.,0.));
#10637=DIRECTION('',(0.,1.,0.));
#10638=DIRECTION('',(1.,0.,0.));
#10639=DIRECTION('',(0.,-1.,0.));
#10640=DIRECTION('',(-1.,0.,0.));
#10641=DIRECTION('',(0.,1.,0.));
#10642=DIRECTION('',(1.,0.,0.));
#10643=DIRECTION('',(0.,-1.,0.));
#10644=DIRECTION('',(-1.,0.,0.));
#10645=DIRECTION('',(0.,1.,0.));
#10646=DIRECTION('',(1.,0.,0.));
#10647=DIRECTION('',(0.,-1.,0.));
#10648=DIRECTION('',(-1.,0.,0.));
#10649=DIRECTION('',(0.,1.,0.));
#10650=DIRECTION('',(1.,0.,0.));
#10651=DIRECTION('',(0.,-1.,0.));
#10652=DIRECTION('',(-1.,0.,0.));
#10653=DIRECTION('',(0.,1.,0.));
#10654=DIRECTION('',(1.,0.,0.));
#10655=DIRECTION('',(0.,-1.,0.));
#10656=DIRECTION('',(-1.,0.,0.));
#10657=DIRECTION('',(0.,1.,0.));
#10658=DIRECTION('',(1.,0.,0.));
#10659=DIRECTION('',(0.,-1.,0.));
#10660=DIRECTION('',(-1.,0.,0.));
#10661=DIRECTION('',(0.,1.,0.));
#10662=DIRECTION('',(1.,0.,0.));
#10663=DIRECTION('',(0.,-1.,0.));
#10664=DIRECTION('',(-1.,0.,0.));
#10665=DIRECTION('',(0.,1.,0.));
#10666=DIRECTION('',(1.,0.,0.));
#10667=DIRECTION('',(0.,-1.,0.));
#10668=DIRECTION('',(-1.,0.,0.));
#10669=DIRECTION('',(0.,1.,0.));
#10670=DIRECTION('',(1.,0.,0.));
#10671=DIRECTION('',(0.,-1.,0.));
#10672=DIRECTION('',(-1.,0.,0.));
#10673=DIRECTION('',(0.,1.,0.));
#10674=DIRECTION('',(1.,0.,0.));
#10675=DIRECTION('',(0.,-1.,0.));
#10676=DIRECTION('',(-1.,0.,0.));
#10677=DIRECTION('',(0.,1.,0.));
#10678=DIRECTION('',(1.,0.,0.));
#10679=DIRECTION('',(0.,-1.,0.));
#10680=DIRECTION('',(-1.,0.,0.));
#10681=DIRECTION('',(0.,1.,0.));
#10682=DIRECTION('',(1.,0.,0.));
#10683=DIRECTION('',(0.,-1.,0.));
#10684=DIRECTION('',(-1.,0.,0.));
#10685=DIRECTION('',(0.,1.,0.));
#10686=DIRECTION('',(1.,0.,0.));
#10687=DIRECTION('',(0.,-1.,0.));
#10688=DIRECTION('',(-1.,0.,0.));
#10689=DIRECTION('',(0.,1.,0.));
#10690=DIRECTION('',(1.,0.,0.));
#10691=DIRECTION('',(0.,-1.,0.));
#10692=DIRECTION('',(-1.,0.,0.));
#10693=DIRECTION('',(0.,1.,0.));
#10694=DIRECTION('',(1.,0.,0.));
#10695=DIRECTION('',(0.,-1.,0.));
#10696=DIRECTION('',(-1.,0.,0.));
#10697=DIRECTION('',(0.,1.,0.));
#10698=DIRECTION('',(1.,0.,0.));
#10699=DIRECTION('',(0.,-1.,0.));
#10700=DIRECTION('',(-1.,0.,0.));
#10701=DIRECTION('',(0.,1.,0.));
#10702=DIRECTION('',(1.,0.,0.));
#10703=DIRECTION('',(0.,-1.,0.));
#10704=DIRECTION('',(-1.,0.,0.));
#10705=DIRECTION('',(0.,1.,0.));
#10706=DIRECTION('',(1.,0.,0.));
#10707=DIRECTION('',(0.,-1.,0.));
#10708=DIRECTION('',(-1.,0.,0.));
#10709=DIRECTION('',(0.,1.,0.));
#10710=DIRECTION('',(1.,0.,0.));
#10711=DIRECTION('',(0.,-1.,0.));
#10712=DIRECTION('',(-1.,0.,0.));
#10713=DIRECTION('',(0.,1.,0.));
#10714=DIRECTION('',(1.,0.,0.));
#10715=DIRECTION('',(0.,-1.,0.));
#10716=DIRECTION('',(-1.,0.,0.));
#10717=DIRECTION('',(0.,1.,0.));
#10718=DIRECTION('',(1.,0.,0.));
#10719=DIRECTION('',(0.,-1.,0.));
#10720=DIRECTION('',(-1.,0.,0.));
#10721=DIRECTION('',(0.,1.,0.));
#10722=DIRECTION('',(1.,0.,0.));
#10723=DIRECTION('',(0.,-1.,0.));
#10724=DIRECTION('',(-1.,0.,0.));
#10725=DIRECTION('',(0.,1.,0.));
#10726=DIRECTION('',(1.,0.,0.));
#10727=DIRECTION('',(0.,-1.,0.));
#10728=DIRECTION('',(-1.,0.,0.));
#10729=DIRECTION('',(0.,1.,0.));
#10730=DIRECTION('',(1.,0.,0.));
#10731=DIRECTION('',(0.,-1.,0.));
#10732=DIRECTION('',(-1.,0.,0.));
#10733=DIRECTION('',(0.,1.,0.));
#10734=DIRECTION('',(1.,0.,0.));
#10735=DIRECTION('',(0.,-1.,0.));
#10736=DIRECTION('',(-1.,0.,0.));
#10737=DIRECTION('',(0.,1.,0.));
#10738=DIRECTION('',(1.,0.,0.));
#10739=DIRECTION('',(0.,-1.,0.));
#10740=DIRECTION('',(-1.,0.,0.));
#10741=DIRECTION('',(0.,1.,0.));
#10742=DIRECTION('',(1.,0.,0.));
#10743=DIRECTION('',(0.,-1.,0.));
#10744=DIRECTION('',(-1.,0.,0.));
#10745=DIRECTION('',(0.,1.,0.));
#10746=DIRECTION('',(1.,0.,0.));
#10747=DIRECTION('',(0.,-1.,0.));
#10748=DIRECTION('',(-1.,0.,0.));
#10749=DIRECTION('',(0.,1.,0.));
#10750=DIRECTION('',(1.,0.,0.));
#10751=DIRECTION('',(0.,-1.,0.));
#10752=DIRECTION('',(-1.,0.,0.));
#10753=DIRECTION('',(0.,1.,0.));
#10754=DIRECTION('',(1.,0.,0.));
#10755=DIRECTION('',(0.,-1.,0.));
#10756=DIRECTION('',(1.,0.,0.));
#10757=DIRECTION('',(0.,-1.,0.));
#10758=DIRECTION('',(1.,0.,0.));
#10759=DIRECTION('',(0.,1.,0.));
#10760=DIRECTION('',(1.,0.,0.));
#10761=DIRECTION('',(0.,1.,0.));
#10762=DIRECTION('',(1.,0.,0.));
#10763=DIRECTION('',(0.,-1.,0.));
#10764=DIRECTION('',(1.,0.,0.));
#10765=DIRECTION('',(0.,-1.,0.));
#10766=DIRECTION('',(1.,0.,0.));
#10767=DIRECTION('',(0.,-1.,0.));
#10768=DIRECTION('',(-1.,0.,0.));
#10769=DIRECTION('',(0.,-1.,0.));
#10770=DIRECTION('',(-1.,0.,0.));
#10771=DIRECTION('',(0.,-1.,0.));
#10772=DIRECTION('',(-1.,0.,0.));
#10773=DIRECTION('',(0.,1.,0.));
#10774=DIRECTION('',(-1.,0.,0.));
#10775=DIRECTION('',(0.,1.,0.));
#10776=DIRECTION('',(-1.,1.16444237259931E-14,0.));
#10777=DIRECTION('',(0.,-1.,0.));
#10778=DIRECTION('',(-1.,0.,0.));
#10779=DIRECTION('',(0.,1.,0.));
#10780=DIRECTION('',(-1.,0.,0.));
#10781=DIRECTION('',(0.,-1.,0.));
#10782=DIRECTION('',(-1.,0.,0.));
#10783=DIRECTION('',(0.,-1.,0.));
#10784=DIRECTION('',(-1.,0.,0.));
#10785=DIRECTION('',(0.,1.,0.));
#10786=DIRECTION('',(-1.,0.,0.));
#10787=DIRECTION('',(0.,1.,0.));
#10788=DIRECTION('',(-1.,0.,0.));
#10789=DIRECTION('',(0.,1.,0.));
#10790=DIRECTION('',(1.,0.,0.));
#10791=DIRECTION('',(0.,1.,0.));
#10792=DIRECTION('',(1.,0.,0.));
#10793=DIRECTION('',(0.,1.,0.));
#10794=DIRECTION('',(1.,0.,0.));
#10795=DIRECTION('',(0.,-1.,0.));
#10796=DIRECTION('',(1.,0.,0.));
#10797=DIRECTION('',(0.,-1.,0.));
#10798=DIRECTION('',(1.,0.,0.));
#10799=DIRECTION('',(0.,1.,0.));
#10800=DIRECTION('',(-1.,0.,0.));
#10801=DIRECTION('',(0.,1.,0.));
#10802=DIRECTION('',(1.,0.,0.));
#10803=DIRECTION('',(0.,-1.,0.));
#10804=DIRECTION('',(-1.,0.,0.));
#10805=DIRECTION('',(0.,1.,0.));
#10806=DIRECTION('',(1.,0.,0.));
#10807=DIRECTION('',(0.,-1.,0.));
#10808=DIRECTION('',(-1.,0.,0.));
#10809=DIRECTION('',(0.,1.,0.));
#10810=DIRECTION('',(1.,0.,0.));
#10811=DIRECTION('',(0.,-1.,0.));
#10812=DIRECTION('',(-1.,0.,0.));
#10813=DIRECTION('',(0.,1.,0.));
#10814=DIRECTION('',(1.,0.,0.));
#10815=DIRECTION('',(0.,-1.,0.));
#10816=DIRECTION('',(-1.,0.,0.));
#10817=DIRECTION('',(0.,1.,0.));
#10818=DIRECTION('',(1.,0.,0.));
#10819=DIRECTION('',(0.,-1.,0.));
#10820=DIRECTION('',(-1.,0.,0.));
#10821=DIRECTION('',(0.,1.,0.));
#10822=DIRECTION('',(1.,0.,0.));
#10823=DIRECTION('',(0.,-1.,0.));
#10824=DIRECTION('',(-1.,0.,0.));
#10825=DIRECTION('',(0.,1.,0.));
#10826=DIRECTION('',(1.,0.,0.));
#10827=DIRECTION('',(0.,-1.,0.));
#10828=DIRECTION('',(-1.,0.,0.));
#10829=DIRECTION('',(0.,1.,0.));
#10830=DIRECTION('',(1.,0.,0.));
#10831=DIRECTION('',(0.,-1.,0.));
#10832=DIRECTION('',(-1.,0.,0.));
#10833=DIRECTION('',(0.,1.,0.));
#10834=DIRECTION('',(1.,0.,0.));
#10835=DIRECTION('',(0.,-1.,0.));
#10836=DIRECTION('',(-1.,0.,0.));
#10837=DIRECTION('',(0.,1.,0.));
#10838=DIRECTION('',(1.,0.,0.));
#10839=DIRECTION('',(0.,-1.,0.));
#10840=DIRECTION('',(-1.,0.,0.));
#10841=DIRECTION('',(0.,1.,0.));
#10842=DIRECTION('',(1.,0.,0.));
#10843=DIRECTION('',(0.,-1.,0.));
#10844=DIRECTION('',(-1.,0.,0.));
#10845=DIRECTION('',(0.,1.,0.));
#10846=DIRECTION('',(1.,0.,0.));
#10847=DIRECTION('',(0.,-1.,0.));
#10848=DIRECTION('',(-1.,0.,0.));
#10849=DIRECTION('',(0.,1.,0.));
#10850=DIRECTION('',(1.,0.,0.));
#10851=DIRECTION('',(0.,-1.,0.));
#10852=DIRECTION('',(-1.,0.,0.));
#10853=DIRECTION('',(0.,1.,0.));
#10854=DIRECTION('',(1.,0.,0.));
#10855=DIRECTION('',(0.,-1.,0.));
#10856=DIRECTION('',(-1.,0.,0.));
#10857=DIRECTION('',(0.,1.,0.));
#10858=DIRECTION('',(1.,0.,0.));
#10859=DIRECTION('',(0.,-1.,0.));
#10860=DIRECTION('',(-1.,0.,0.));
#10861=DIRECTION('',(0.,1.,0.));
#10862=DIRECTION('',(1.,0.,0.));
#10863=DIRECTION('',(0.,-1.,0.));
#10864=DIRECTION('',(-1.,0.,0.));
#10865=DIRECTION('',(0.,1.,0.));
#10866=DIRECTION('',(1.,0.,0.));
#10867=DIRECTION('',(0.,-1.,0.));
#10868=DIRECTION('',(-1.,0.,0.));
#10869=DIRECTION('',(0.,1.,0.));
#10870=DIRECTION('',(1.,0.,0.));
#10871=DIRECTION('',(0.,-1.,0.));
#10872=DIRECTION('',(-1.,0.,0.));
#10873=DIRECTION('',(0.,1.,0.));
#10874=DIRECTION('',(1.,0.,0.));
#10875=DIRECTION('',(0.,-1.,0.));
#10876=DIRECTION('',(-1.,0.,0.));
#10877=DIRECTION('',(0.,1.,0.));
#10878=DIRECTION('',(1.,0.,0.));
#10879=DIRECTION('',(0.,-1.,0.));
#10880=DIRECTION('',(1.,0.,0.));
#10881=DIRECTION('',(0.,1.,0.));
#10882=DIRECTION('',(1.,0.,0.));
#10883=DIRECTION('',(0.,1.,0.));
#10884=DIRECTION('',(1.,0.,0.));
#10885=DIRECTION('',(0.,-1.,0.));
#10886=DIRECTION('',(1.,0.,0.));
#10887=DIRECTION('',(0.,-1.,0.));
#10888=DIRECTION('',(1.,0.,0.));
#10889=DIRECTION('',(0.,-1.,0.));
#10890=DIRECTION('',(-1.,0.,0.));
#10891=DIRECTION('',(0.,-1.,0.));
#10892=DIRECTION('',(-1.,0.,0.));
#10893=DIRECTION('',(0.,-1.,0.));
#10894=DIRECTION('',(-1.,0.,0.));
#10895=DIRECTION('',(0.,1.,0.));
#10896=DIRECTION('',(-1.,0.,0.));
#10897=DIRECTION('',(0.,1.,0.));
#10898=DIRECTION('',(-1.,0.,0.));
#10899=DIRECTION('',(0.,-1.,0.));
#10900=DIRECTION('',(-1.,0.,0.));
#10901=DIRECTION('',(0.,1.,0.));
#10902=DIRECTION('',(-1.,0.,0.));
#10903=DIRECTION('',(0.,-1.,0.));
#10904=DIRECTION('',(-1.,0.,0.));
#10905=DIRECTION('',(0.,-1.,0.));
#10906=DIRECTION('',(-1.,0.,0.));
#10907=DIRECTION('',(0.,1.,0.));
#10908=DIRECTION('',(-1.,0.,0.));
#10909=DIRECTION('',(0.,1.,0.));
#10910=DIRECTION('',(-1.,0.,0.));
#10911=DIRECTION('',(0.,1.,0.));
#10912=DIRECTION('',(1.,0.,0.));
#10913=DIRECTION('',(0.,1.,0.));
#10914=DIRECTION('',(1.,0.,0.));
#10915=DIRECTION('',(0.,1.,0.));
#10916=DIRECTION('',(1.,0.,0.));
#10917=DIRECTION('',(0.,-1.,0.));
#10918=DIRECTION('',(1.,0.,0.));
#10919=DIRECTION('',(0.,-1.,0.));
#10920=DIRECTION('',(1.,0.,0.));
#10921=DIRECTION('',(0.,1.,0.));
#10922=DIRECTION('',(1.,0.,0.));
#10923=DIRECTION('',(0.,-1.,0.));
#10924=DIRECTION('center_axis',(0.,0.,-1.));
#10925=DIRECTION('ref_axis',(-1.,0.,0.));
#10926=DIRECTION('center_axis',(0.,0.,-1.));
#10927=DIRECTION('ref_axis',(-1.,0.,0.));
#10928=DIRECTION('center_axis',(0.,1.,0.));
#10929=DIRECTION('ref_axis',(0.,0.,1.));
#10930=DIRECTION('center_axis',(0.,0.,1.));
#10931=DIRECTION('ref_axis',(-1.,0.,0.));
#10932=DIRECTION('',(0.,0.,1.));
#10933=DIRECTION('center_axis',(0.,0.,1.));
#10934=DIRECTION('ref_axis',(-1.,0.,0.));
#10935=DIRECTION('',(0.,0.,1.));
#10936=DIRECTION('center_axis',(0.,0.,1.));
#10937=DIRECTION('ref_axis',(-1.,0.,0.));
#10938=DIRECTION('',(0.,0.,1.));
#10939=DIRECTION('center_axis',(0.,0.,1.));
#10940=DIRECTION('ref_axis',(-1.,0.,0.));
#10941=DIRECTION('',(0.,0.,1.));
#10942=DIRECTION('center_axis',(0.,0.,1.));
#10943=DIRECTION('ref_axis',(-1.,0.,0.));
#10944=DIRECTION('',(0.,0.,1.));
#10945=DIRECTION('center_axis',(0.,0.,1.));
#10946=DIRECTION('ref_axis',(-1.,0.,0.));
#10947=DIRECTION('',(0.,0.,1.));
#10948=DIRECTION('center_axis',(-1.,0.,0.));
#10949=DIRECTION('ref_axis',(0.,1.,0.));
#10950=DIRECTION('',(0.,0.,-1.));
#10951=DIRECTION('center_axis',(0.,-1.,0.));
#10952=DIRECTION('ref_axis',(-1.,0.,0.));
#10953=DIRECTION('center_axis',(0.,1.,0.));
#10954=DIRECTION('ref_axis',(1.,0.,0.));
#10955=DIRECTION('',(0.,0.,-1.));
#10956=DIRECTION('',(0.,0.,-1.));
#10957=DIRECTION('center_axis',(1.,0.,0.));
#10958=DIRECTION('ref_axis',(0.,-1.,0.));
#10959=DIRECTION('',(0.,0.,-1.));
#10960=DIRECTION('center_axis',(0.,-1.,0.));
#10961=DIRECTION('ref_axis',(-1.,0.,0.));
#10962=DIRECTION('',(0.,0.,-1.));
#10963=DIRECTION('center_axis',(1.,0.,0.));
#10964=DIRECTION('ref_axis',(0.,-1.,0.));
#10965=DIRECTION('',(0.,0.,-1.));
#10966=DIRECTION('center_axis',(0.,-1.,0.));
#10967=DIRECTION('ref_axis',(-1.,0.,0.));
#10968=DIRECTION('',(0.,0.,-1.));
#10969=DIRECTION('center_axis',(1.,0.,0.));
#10970=DIRECTION('ref_axis',(0.,-1.,0.));
#10971=DIRECTION('',(0.,0.,-1.));
#10972=DIRECTION('center_axis',(0.,-1.,0.));
#10973=DIRECTION('ref_axis',(-1.,0.,0.));
#10974=DIRECTION('',(0.,0.,-1.));
#10975=DIRECTION('center_axis',(-1.,0.,0.));
#10976=DIRECTION('ref_axis',(0.,1.,0.));
#10977=DIRECTION('',(0.,0.,-1.));
#10978=DIRECTION('center_axis',(0.,-1.,0.));
#10979=DIRECTION('ref_axis',(-1.,0.,0.));
#10980=DIRECTION('',(0.,0.,-1.));
#10981=DIRECTION('center_axis',(-1.,0.,0.));
#10982=DIRECTION('ref_axis',(0.,1.,0.));
#10983=DIRECTION('',(0.,0.,-1.));
#10984=DIRECTION('center_axis',(-1.,0.,0.));
#10985=DIRECTION('ref_axis',(0.,1.,0.));
#10986=DIRECTION('',(0.,0.,-1.));
#10987=DIRECTION('',(0.,0.,-1.));
#10988=DIRECTION('center_axis',(0.,1.,0.));
#10989=DIRECTION('ref_axis',(1.,0.,0.));
#10990=DIRECTION('',(0.,0.,-1.));
#10991=DIRECTION('center_axis',(-1.,0.,0.));
#10992=DIRECTION('ref_axis',(0.,1.,0.));
#10993=DIRECTION('',(0.,0.,-1.));
#10994=DIRECTION('center_axis',(0.,1.,0.));
#10995=DIRECTION('ref_axis',(1.,0.,0.));
#10996=DIRECTION('',(0.,0.,-1.));
#10997=DIRECTION('center_axis',(1.,0.,0.));
#10998=DIRECTION('ref_axis',(0.,-1.,0.));
#10999=DIRECTION('',(0.,0.,-1.));
#11000=DIRECTION('center_axis',(0.,1.,0.));
#11001=DIRECTION('ref_axis',(1.,0.,0.));
#11002=DIRECTION('',(0.,0.,-1.));
#11003=DIRECTION('center_axis',(1.,0.,0.));
#11004=DIRECTION('ref_axis',(0.,-1.,0.));
#11005=DIRECTION('',(0.,0.,-1.));
#11006=DIRECTION('center_axis',(0.,1.,0.));
#11007=DIRECTION('ref_axis',(1.,0.,0.));
#11008=DIRECTION('',(0.,0.,-1.));
#11009=DIRECTION('center_axis',(0.,-1.,0.));
#11010=DIRECTION('ref_axis',(-1.,0.,0.));
#11011=DIRECTION('',(0.,0.,1.));
#11012=DIRECTION('',(0.,0.,-1.));
#11013=DIRECTION('center_axis',(0.,-1.,0.));
#11014=DIRECTION('ref_axis',(-1.,0.,0.));
#11015=DIRECTION('',(0.,0.,-1.));
#11016=DIRECTION('center_axis',(1.,0.,0.));
#11017=DIRECTION('ref_axis',(0.,-1.,0.));
#11018=DIRECTION('',(0.,0.,-1.));
#11019=DIRECTION('center_axis',(0.,1.,0.));
#11020=DIRECTION('ref_axis',(1.,0.,0.));
#11021=DIRECTION('',(0.,0.,-1.));
#11022=DIRECTION('center_axis',(1.,0.,0.));
#11023=DIRECTION('ref_axis',(0.,-1.,0.));
#11024=DIRECTION('',(0.,0.,-1.));
#11025=DIRECTION('center_axis',(0.,1.,0.));
#11026=DIRECTION('ref_axis',(1.,0.,0.));
#11027=DIRECTION('',(0.,0.,-1.));
#11028=DIRECTION('center_axis',(-1.,0.,0.));
#11029=DIRECTION('ref_axis',(0.,1.,0.));
#11030=DIRECTION('',(0.,0.,-1.));
#11031=DIRECTION('center_axis',(0.,1.,0.));
#11032=DIRECTION('ref_axis',(1.,0.,0.));
#11033=DIRECTION('',(0.,0.,-1.));
#11034=DIRECTION('center_axis',(-1.,0.,0.));
#11035=DIRECTION('ref_axis',(0.,1.,0.));
#11036=DIRECTION('',(0.,0.,-1.));
#11037=DIRECTION('center_axis',(0.,1.,0.));
#11038=DIRECTION('ref_axis',(1.,0.,0.));
#11039=DIRECTION('',(0.,0.,1.));
#11040=DIRECTION('center_axis',(0.,1.,0.));
#11041=DIRECTION('ref_axis',(1.,0.,0.));
#11042=DIRECTION('',(0.,0.,-1.));
#11043=DIRECTION('center_axis',(-1.,0.,0.));
#11044=DIRECTION('ref_axis',(0.,1.,0.));
#11045=DIRECTION('',(0.,0.,-1.));
#11046=DIRECTION('center_axis',(0.,-1.,0.));
#11047=DIRECTION('ref_axis',(-1.,0.,0.));
#11048=DIRECTION('',(0.,0.,-1.));
#11049=DIRECTION('center_axis',(-1.,0.,0.));
#11050=DIRECTION('ref_axis',(0.,1.,0.));
#11051=DIRECTION('',(0.,0.,-1.));
#11052=DIRECTION('center_axis',(0.,-1.,0.));
#11053=DIRECTION('ref_axis',(-1.,0.,0.));
#11054=DIRECTION('',(0.,0.,-1.));
#11055=DIRECTION('center_axis',(-1.,0.,0.));
#11056=DIRECTION('ref_axis',(0.,1.,0.));
#11057=DIRECTION('',(0.,0.,-1.));
#11058=DIRECTION('center_axis',(0.,-1.,0.));
#11059=DIRECTION('ref_axis',(-1.,0.,0.));
#11060=DIRECTION('',(0.,0.,-1.));
#11061=DIRECTION('center_axis',(1.,0.,0.));
#11062=DIRECTION('ref_axis',(0.,-1.,0.));
#11063=DIRECTION('',(0.,0.,-1.));
#11064=DIRECTION('center_axis',(0.,-1.,0.));
#11065=DIRECTION('ref_axis',(-1.,0.,0.));
#11066=DIRECTION('',(0.,0.,-1.));
#11067=DIRECTION('center_axis',(1.,0.,0.));
#11068=DIRECTION('ref_axis',(0.,-1.,0.));
#11069=DIRECTION('center_axis',(-1.,0.,0.));
#11070=DIRECTION('ref_axis',(0.,-1.,0.));
#11071=DIRECTION('',(0.,0.,-1.));
#11072=DIRECTION('center_axis',(1.,0.,0.));
#11073=DIRECTION('ref_axis',(0.,1.,0.));
#11074=DIRECTION('',(0.,0.,1.));
#11075=DIRECTION('center_axis',(1.,0.,0.));
#11076=DIRECTION('ref_axis',(0.,1.,0.));
#11077=DIRECTION('',(0.,0.,1.));
#11078=DIRECTION('center_axis',(-1.,0.,0.));
#11079=DIRECTION('ref_axis',(0.,-1.,0.));
#11080=DIRECTION('',(0.,0.,-1.));
#11081=DIRECTION('',(0.,0.,1.));
#11082=DIRECTION('center_axis',(0.,-1.,0.));
#11083=DIRECTION('ref_axis',(1.,0.,0.));
#11084=DIRECTION('',(0.,0.,1.));
#11085=DIRECTION('center_axis',(1.,0.,0.));
#11086=DIRECTION('ref_axis',(0.,1.,0.));
#11087=DIRECTION('',(0.,0.,1.));
#11088=DIRECTION('center_axis',(0.,1.,0.));
#11089=DIRECTION('ref_axis',(-1.,0.,0.));
#11090=DIRECTION('center_axis',(-1.,0.,0.));
#11091=DIRECTION('ref_axis',(0.,-1.,0.));
#11092=DIRECTION('',(0.,0.,-1.));
#11093=DIRECTION('',(0.,0.,1.));
#11094=DIRECTION('center_axis',(0.,-1.,0.));
#11095=DIRECTION('ref_axis',(1.,0.,0.));
#11096=DIRECTION('',(0.,0.,1.));
#11097=DIRECTION('center_axis',(1.,0.,0.));
#11098=DIRECTION('ref_axis',(0.,1.,0.));
#11099=DIRECTION('',(0.,0.,1.));
#11100=DIRECTION('center_axis',(0.,1.,0.));
#11101=DIRECTION('ref_axis',(-1.,0.,0.));
#11102=DIRECTION('center_axis',(-1.,0.,0.));
#11103=DIRECTION('ref_axis',(0.,-1.,0.));
#11104=DIRECTION('',(0.,0.,-1.));
#11105=DIRECTION('',(0.,0.,1.));
#11106=DIRECTION('center_axis',(0.,-1.,0.));
#11107=DIRECTION('ref_axis',(1.,0.,0.));
#11108=DIRECTION('',(0.,0.,1.));
#11109=DIRECTION('center_axis',(1.,0.,0.));
#11110=DIRECTION('ref_axis',(0.,1.,0.));
#11111=DIRECTION('',(0.,0.,1.));
#11112=DIRECTION('center_axis',(0.,1.,0.));
#11113=DIRECTION('ref_axis',(-1.,0.,0.));
#11114=DIRECTION('center_axis',(-1.,0.,0.));
#11115=DIRECTION('ref_axis',(0.,-1.,0.));
#11116=DIRECTION('',(0.,0.,-1.));
#11117=DIRECTION('',(0.,0.,1.));
#11118=DIRECTION('center_axis',(0.,-1.,0.));
#11119=DIRECTION('ref_axis',(1.,0.,0.));
#11120=DIRECTION('',(0.,0.,1.));
#11121=DIRECTION('center_axis',(1.,0.,0.));
#11122=DIRECTION('ref_axis',(0.,1.,0.));
#11123=DIRECTION('',(0.,0.,1.));
#11124=DIRECTION('center_axis',(0.,1.,0.));
#11125=DIRECTION('ref_axis',(-1.,0.,0.));
#11126=DIRECTION('center_axis',(-1.,0.,0.));
#11127=DIRECTION('ref_axis',(0.,-1.,0.));
#11128=DIRECTION('',(0.,0.,-1.));
#11129=DIRECTION('',(0.,0.,1.));
#11130=DIRECTION('center_axis',(0.,-1.,0.));
#11131=DIRECTION('ref_axis',(1.,0.,0.));
#11132=DIRECTION('',(0.,0.,1.));
#11133=DIRECTION('center_axis',(1.,0.,0.));
#11134=DIRECTION('ref_axis',(0.,1.,0.));
#11135=DIRECTION('',(0.,0.,1.));
#11136=DIRECTION('center_axis',(0.,1.,0.));
#11137=DIRECTION('ref_axis',(-1.,0.,0.));
#11138=DIRECTION('center_axis',(-1.,0.,0.));
#11139=DIRECTION('ref_axis',(0.,-1.,0.));
#11140=DIRECTION('',(0.,0.,-1.));
#11141=DIRECTION('',(0.,0.,1.));
#11142=DIRECTION('center_axis',(0.,-1.,0.));
#11143=DIRECTION('ref_axis',(1.,0.,0.));
#11144=DIRECTION('',(0.,0.,1.));
#11145=DIRECTION('center_axis',(1.,0.,0.));
#11146=DIRECTION('ref_axis',(0.,1.,0.));
#11147=DIRECTION('',(0.,0.,1.));
#11148=DIRECTION('center_axis',(0.,1.,0.));
#11149=DIRECTION('ref_axis',(-1.,0.,0.));
#11150=DIRECTION('center_axis',(-1.,0.,0.));
#11151=DIRECTION('ref_axis',(0.,-1.,0.));
#11152=DIRECTION('',(0.,0.,-1.));
#11153=DIRECTION('',(0.,0.,1.));
#11154=DIRECTION('center_axis',(0.,-1.,0.));
#11155=DIRECTION('ref_axis',(1.,0.,0.));
#11156=DIRECTION('',(0.,0.,1.));
#11157=DIRECTION('center_axis',(1.,0.,0.));
#11158=DIRECTION('ref_axis',(0.,1.,0.));
#11159=DIRECTION('',(0.,0.,1.));
#11160=DIRECTION('center_axis',(0.,1.,0.));
#11161=DIRECTION('ref_axis',(-1.,0.,0.));
#11162=DIRECTION('center_axis',(-1.,0.,0.));
#11163=DIRECTION('ref_axis',(0.,-1.,0.));
#11164=DIRECTION('',(0.,0.,-1.));
#11165=DIRECTION('',(0.,0.,1.));
#11166=DIRECTION('center_axis',(0.,-1.,0.));
#11167=DIRECTION('ref_axis',(1.,0.,0.));
#11168=DIRECTION('',(0.,0.,1.));
#11169=DIRECTION('center_axis',(1.,0.,0.));
#11170=DIRECTION('ref_axis',(0.,1.,0.));
#11171=DIRECTION('',(0.,0.,1.));
#11172=DIRECTION('center_axis',(0.,1.,0.));
#11173=DIRECTION('ref_axis',(-1.,0.,0.));
#11174=DIRECTION('center_axis',(-1.,0.,0.));
#11175=DIRECTION('ref_axis',(0.,-1.,0.));
#11176=DIRECTION('',(0.,0.,-1.));
#11177=DIRECTION('',(0.,0.,1.));
#11178=DIRECTION('center_axis',(0.,-1.,0.));
#11179=DIRECTION('ref_axis',(1.,0.,0.));
#11180=DIRECTION('',(0.,0.,1.));
#11181=DIRECTION('center_axis',(1.,0.,0.));
#11182=DIRECTION('ref_axis',(0.,1.,0.));
#11183=DIRECTION('',(0.,0.,1.));
#11184=DIRECTION('center_axis',(0.,1.,0.));
#11185=DIRECTION('ref_axis',(-1.,0.,0.));
#11186=DIRECTION('center_axis',(-1.,0.,0.));
#11187=DIRECTION('ref_axis',(0.,-1.,0.));
#11188=DIRECTION('',(0.,0.,-1.));
#11189=DIRECTION('',(0.,0.,1.));
#11190=DIRECTION('center_axis',(0.,-1.,0.));
#11191=DIRECTION('ref_axis',(1.,0.,0.));
#11192=DIRECTION('',(0.,0.,1.));
#11193=DIRECTION('center_axis',(1.,0.,0.));
#11194=DIRECTION('ref_axis',(0.,1.,0.));
#11195=DIRECTION('',(0.,0.,1.));
#11196=DIRECTION('center_axis',(0.,1.,0.));
#11197=DIRECTION('ref_axis',(-1.,0.,0.));
#11198=DIRECTION('center_axis',(-1.,0.,0.));
#11199=DIRECTION('ref_axis',(0.,-1.,0.));
#11200=DIRECTION('',(0.,0.,-1.));
#11201=DIRECTION('',(0.,0.,1.));
#11202=DIRECTION('center_axis',(0.,-1.,0.));
#11203=DIRECTION('ref_axis',(1.,0.,0.));
#11204=DIRECTION('',(0.,0.,1.));
#11205=DIRECTION('center_axis',(1.,0.,0.));
#11206=DIRECTION('ref_axis',(0.,1.,0.));
#11207=DIRECTION('',(0.,0.,1.));
#11208=DIRECTION('center_axis',(0.,1.,0.));
#11209=DIRECTION('ref_axis',(-1.,0.,0.));
#11210=DIRECTION('center_axis',(-1.,0.,0.));
#11211=DIRECTION('ref_axis',(0.,-1.,0.));
#11212=DIRECTION('',(0.,0.,-1.));
#11213=DIRECTION('',(0.,0.,1.));
#11214=DIRECTION('center_axis',(0.,-1.,0.));
#11215=DIRECTION('ref_axis',(1.,0.,0.));
#11216=DIRECTION('',(0.,0.,1.));
#11217=DIRECTION('center_axis',(1.,0.,0.));
#11218=DIRECTION('ref_axis',(0.,1.,0.));
#11219=DIRECTION('',(0.,0.,1.));
#11220=DIRECTION('center_axis',(0.,1.,0.));
#11221=DIRECTION('ref_axis',(-1.,0.,0.));
#11222=DIRECTION('center_axis',(-1.,0.,0.));
#11223=DIRECTION('ref_axis',(0.,-1.,0.));
#11224=DIRECTION('',(0.,0.,-1.));
#11225=DIRECTION('',(0.,0.,1.));
#11226=DIRECTION('center_axis',(0.,-1.,0.));
#11227=DIRECTION('ref_axis',(1.,0.,0.));
#11228=DIRECTION('',(0.,0.,1.));
#11229=DIRECTION('center_axis',(1.,0.,0.));
#11230=DIRECTION('ref_axis',(0.,1.,0.));
#11231=DIRECTION('',(0.,0.,1.));
#11232=DIRECTION('center_axis',(0.,1.,0.));
#11233=DIRECTION('ref_axis',(-1.,0.,0.));
#11234=DIRECTION('center_axis',(-1.,0.,0.));
#11235=DIRECTION('ref_axis',(0.,-1.,0.));
#11236=DIRECTION('',(0.,0.,-1.));
#11237=DIRECTION('',(0.,0.,1.));
#11238=DIRECTION('center_axis',(0.,-1.,0.));
#11239=DIRECTION('ref_axis',(1.,0.,0.));
#11240=DIRECTION('',(0.,0.,1.));
#11241=DIRECTION('center_axis',(1.,0.,0.));
#11242=DIRECTION('ref_axis',(0.,1.,0.));
#11243=DIRECTION('',(0.,0.,1.));
#11244=DIRECTION('center_axis',(0.,1.,0.));
#11245=DIRECTION('ref_axis',(-1.,0.,0.));
#11246=DIRECTION('center_axis',(-1.,0.,0.));
#11247=DIRECTION('ref_axis',(0.,-1.,0.));
#11248=DIRECTION('',(0.,0.,-1.));
#11249=DIRECTION('',(0.,0.,1.));
#11250=DIRECTION('center_axis',(0.,-1.,0.));
#11251=DIRECTION('ref_axis',(1.,0.,0.));
#11252=DIRECTION('',(0.,0.,1.));
#11253=DIRECTION('center_axis',(1.,0.,0.));
#11254=DIRECTION('ref_axis',(0.,1.,0.));
#11255=DIRECTION('',(0.,0.,1.));
#11256=DIRECTION('center_axis',(0.,1.,0.));
#11257=DIRECTION('ref_axis',(-1.,0.,0.));
#11258=DIRECTION('center_axis',(-1.,0.,0.));
#11259=DIRECTION('ref_axis',(0.,-1.,0.));
#11260=DIRECTION('',(0.,0.,-1.));
#11261=DIRECTION('',(0.,0.,1.));
#11262=DIRECTION('center_axis',(0.,-1.,0.));
#11263=DIRECTION('ref_axis',(1.,0.,0.));
#11264=DIRECTION('',(0.,0.,1.));
#11265=DIRECTION('center_axis',(1.,0.,0.));
#11266=DIRECTION('ref_axis',(0.,1.,0.));
#11267=DIRECTION('',(0.,0.,1.));
#11268=DIRECTION('center_axis',(0.,1.,0.));
#11269=DIRECTION('ref_axis',(-1.,0.,0.));
#11270=DIRECTION('center_axis',(-1.,0.,0.));
#11271=DIRECTION('ref_axis',(0.,-1.,0.));
#11272=DIRECTION('',(0.,0.,-1.));
#11273=DIRECTION('',(0.,0.,1.));
#11274=DIRECTION('center_axis',(0.,-1.,0.));
#11275=DIRECTION('ref_axis',(1.,0.,0.));
#11276=DIRECTION('',(0.,0.,1.));
#11277=DIRECTION('center_axis',(1.,0.,0.));
#11278=DIRECTION('ref_axis',(0.,1.,0.));
#11279=DIRECTION('',(0.,0.,1.));
#11280=DIRECTION('center_axis',(0.,1.,0.));
#11281=DIRECTION('ref_axis',(-1.,0.,0.));
#11282=DIRECTION('center_axis',(-1.,0.,0.));
#11283=DIRECTION('ref_axis',(0.,-1.,0.));
#11284=DIRECTION('',(0.,0.,-1.));
#11285=DIRECTION('',(0.,0.,1.));
#11286=DIRECTION('center_axis',(0.,-1.,0.));
#11287=DIRECTION('ref_axis',(1.,0.,0.));
#11288=DIRECTION('',(0.,0.,1.));
#11289=DIRECTION('center_axis',(1.,0.,0.));
#11290=DIRECTION('ref_axis',(0.,1.,0.));
#11291=DIRECTION('',(0.,0.,1.));
#11292=DIRECTION('center_axis',(0.,1.,0.));
#11293=DIRECTION('ref_axis',(-1.,0.,0.));
#11294=DIRECTION('center_axis',(-1.,0.,0.));
#11295=DIRECTION('ref_axis',(0.,-1.,0.));
#11296=DIRECTION('',(0.,0.,-1.));
#11297=DIRECTION('',(0.,0.,1.));
#11298=DIRECTION('center_axis',(0.,-1.,0.));
#11299=DIRECTION('ref_axis',(1.,0.,0.));
#11300=DIRECTION('',(0.,0.,1.));
#11301=DIRECTION('center_axis',(1.,0.,0.));
#11302=DIRECTION('ref_axis',(0.,1.,0.));
#11303=DIRECTION('',(0.,0.,1.));
#11304=DIRECTION('center_axis',(0.,1.,0.));
#11305=DIRECTION('ref_axis',(-1.,0.,0.));
#11306=DIRECTION('center_axis',(-1.,0.,0.));
#11307=DIRECTION('ref_axis',(0.,-1.,0.));
#11308=DIRECTION('',(0.,0.,-1.));
#11309=DIRECTION('',(0.,0.,1.));
#11310=DIRECTION('center_axis',(0.,-1.,0.));
#11311=DIRECTION('ref_axis',(1.,0.,0.));
#11312=DIRECTION('',(0.,0.,1.));
#11313=DIRECTION('center_axis',(1.,0.,0.));
#11314=DIRECTION('ref_axis',(0.,1.,0.));
#11315=DIRECTION('',(0.,0.,1.));
#11316=DIRECTION('center_axis',(0.,1.,0.));
#11317=DIRECTION('ref_axis',(-1.,0.,0.));
#11318=DIRECTION('center_axis',(-1.,0.,0.));
#11319=DIRECTION('ref_axis',(0.,-1.,0.));
#11320=DIRECTION('',(0.,0.,-1.));
#11321=DIRECTION('',(0.,0.,1.));
#11322=DIRECTION('center_axis',(0.,-1.,0.));
#11323=DIRECTION('ref_axis',(1.,0.,0.));
#11324=DIRECTION('',(0.,0.,1.));
#11325=DIRECTION('center_axis',(1.,0.,0.));
#11326=DIRECTION('ref_axis',(0.,1.,0.));
#11327=DIRECTION('',(0.,0.,1.));
#11328=DIRECTION('center_axis',(0.,1.,0.));
#11329=DIRECTION('ref_axis',(-1.,0.,0.));
#11330=DIRECTION('center_axis',(-1.,0.,0.));
#11331=DIRECTION('ref_axis',(0.,-1.,0.));
#11332=DIRECTION('',(0.,0.,-1.));
#11333=DIRECTION('',(0.,0.,1.));
#11334=DIRECTION('center_axis',(0.,-1.,0.));
#11335=DIRECTION('ref_axis',(1.,0.,0.));
#11336=DIRECTION('',(0.,0.,1.));
#11337=DIRECTION('center_axis',(1.,0.,0.));
#11338=DIRECTION('ref_axis',(0.,1.,0.));
#11339=DIRECTION('',(0.,0.,1.));
#11340=DIRECTION('center_axis',(0.,1.,0.));
#11341=DIRECTION('ref_axis',(-1.,0.,0.));
#11342=DIRECTION('center_axis',(-1.,0.,0.));
#11343=DIRECTION('ref_axis',(0.,-1.,0.));
#11344=DIRECTION('',(0.,0.,-1.));
#11345=DIRECTION('',(0.,0.,1.));
#11346=DIRECTION('center_axis',(0.,-1.,0.));
#11347=DIRECTION('ref_axis',(1.,0.,0.));
#11348=DIRECTION('',(0.,0.,1.));
#11349=DIRECTION('center_axis',(1.,0.,0.));
#11350=DIRECTION('ref_axis',(0.,1.,0.));
#11351=DIRECTION('',(0.,0.,1.));
#11352=DIRECTION('center_axis',(0.,1.,0.));
#11353=DIRECTION('ref_axis',(-1.,0.,0.));
#11354=DIRECTION('center_axis',(-1.,0.,0.));
#11355=DIRECTION('ref_axis',(0.,-1.,0.));
#11356=DIRECTION('',(0.,0.,-1.));
#11357=DIRECTION('',(0.,0.,1.));
#11358=DIRECTION('center_axis',(0.,-1.,0.));
#11359=DIRECTION('ref_axis',(1.,0.,0.));
#11360=DIRECTION('',(0.,0.,1.));
#11361=DIRECTION('center_axis',(1.,0.,0.));
#11362=DIRECTION('ref_axis',(0.,1.,0.));
#11363=DIRECTION('',(0.,0.,1.));
#11364=DIRECTION('center_axis',(0.,1.,0.));
#11365=DIRECTION('ref_axis',(-1.,0.,0.));
#11366=DIRECTION('center_axis',(-1.,0.,0.));
#11367=DIRECTION('ref_axis',(0.,-1.,0.));
#11368=DIRECTION('',(0.,0.,-1.));
#11369=DIRECTION('',(0.,0.,1.));
#11370=DIRECTION('center_axis',(0.,-1.,0.));
#11371=DIRECTION('ref_axis',(1.,0.,0.));
#11372=DIRECTION('',(0.,0.,1.));
#11373=DIRECTION('center_axis',(1.,0.,0.));
#11374=DIRECTION('ref_axis',(0.,1.,0.));
#11375=DIRECTION('',(0.,0.,1.));
#11376=DIRECTION('center_axis',(0.,1.,0.));
#11377=DIRECTION('ref_axis',(-1.,0.,0.));
#11378=DIRECTION('center_axis',(-1.,0.,0.));
#11379=DIRECTION('ref_axis',(0.,-1.,0.));
#11380=DIRECTION('',(0.,0.,-1.));
#11381=DIRECTION('',(0.,0.,1.));
#11382=DIRECTION('center_axis',(0.,-1.,0.));
#11383=DIRECTION('ref_axis',(1.,0.,0.));
#11384=DIRECTION('',(0.,0.,1.));
#11385=DIRECTION('center_axis',(1.,0.,0.));
#11386=DIRECTION('ref_axis',(0.,1.,0.));
#11387=DIRECTION('',(0.,0.,1.));
#11388=DIRECTION('center_axis',(0.,1.,0.));
#11389=DIRECTION('ref_axis',(-1.,0.,0.));
#11390=DIRECTION('center_axis',(-1.,0.,0.));
#11391=DIRECTION('ref_axis',(0.,-1.,0.));
#11392=DIRECTION('',(0.,0.,-1.));
#11393=DIRECTION('',(0.,0.,1.));
#11394=DIRECTION('center_axis',(0.,-1.,0.));
#11395=DIRECTION('ref_axis',(1.,0.,0.));
#11396=DIRECTION('',(0.,0.,1.));
#11397=DIRECTION('center_axis',(1.,0.,0.));
#11398=DIRECTION('ref_axis',(0.,1.,0.));
#11399=DIRECTION('',(0.,0.,1.));
#11400=DIRECTION('center_axis',(0.,1.,0.));
#11401=DIRECTION('ref_axis',(-1.,0.,0.));
#11402=DIRECTION('center_axis',(-1.,0.,0.));
#11403=DIRECTION('ref_axis',(0.,-1.,0.));
#11404=DIRECTION('',(0.,0.,-1.));
#11405=DIRECTION('',(0.,0.,1.));
#11406=DIRECTION('center_axis',(0.,-1.,0.));
#11407=DIRECTION('ref_axis',(1.,0.,0.));
#11408=DIRECTION('',(0.,0.,1.));
#11409=DIRECTION('center_axis',(1.,0.,0.));
#11410=DIRECTION('ref_axis',(0.,1.,0.));
#11411=DIRECTION('',(0.,0.,1.));
#11412=DIRECTION('center_axis',(0.,1.,0.));
#11413=DIRECTION('ref_axis',(-1.,0.,0.));
#11414=DIRECTION('center_axis',(-1.,0.,0.));
#11415=DIRECTION('ref_axis',(0.,-1.,0.));
#11416=DIRECTION('',(0.,0.,-1.));
#11417=DIRECTION('',(0.,0.,1.));
#11418=DIRECTION('center_axis',(0.,-1.,0.));
#11419=DIRECTION('ref_axis',(1.,0.,0.));
#11420=DIRECTION('',(0.,0.,1.));
#11421=DIRECTION('center_axis',(1.,0.,0.));
#11422=DIRECTION('ref_axis',(0.,1.,0.));
#11423=DIRECTION('',(0.,0.,1.));
#11424=DIRECTION('center_axis',(0.,1.,0.));
#11425=DIRECTION('ref_axis',(-1.,0.,0.));
#11426=DIRECTION('center_axis',(-1.,0.,0.));
#11427=DIRECTION('ref_axis',(0.,-1.,0.));
#11428=DIRECTION('',(0.,0.,-1.));
#11429=DIRECTION('',(0.,0.,1.));
#11430=DIRECTION('center_axis',(0.,-1.,0.));
#11431=DIRECTION('ref_axis',(1.,0.,0.));
#11432=DIRECTION('',(0.,0.,1.));
#11433=DIRECTION('center_axis',(1.,0.,0.));
#11434=DIRECTION('ref_axis',(0.,1.,0.));
#11435=DIRECTION('',(0.,0.,1.));
#11436=DIRECTION('center_axis',(0.,1.,0.));
#11437=DIRECTION('ref_axis',(-1.,0.,0.));
#11438=DIRECTION('center_axis',(-1.,0.,0.));
#11439=DIRECTION('ref_axis',(0.,-1.,0.));
#11440=DIRECTION('',(0.,0.,-1.));
#11441=DIRECTION('',(0.,0.,1.));
#11442=DIRECTION('center_axis',(0.,-1.,0.));
#11443=DIRECTION('ref_axis',(1.,0.,0.));
#11444=DIRECTION('',(0.,0.,1.));
#11445=DIRECTION('center_axis',(1.,0.,0.));
#11446=DIRECTION('ref_axis',(0.,1.,0.));
#11447=DIRECTION('',(0.,0.,1.));
#11448=DIRECTION('center_axis',(0.,1.,0.));
#11449=DIRECTION('ref_axis',(-1.,0.,0.));
#11450=DIRECTION('center_axis',(-1.,0.,0.));
#11451=DIRECTION('ref_axis',(0.,-1.,0.));
#11452=DIRECTION('',(0.,0.,-1.));
#11453=DIRECTION('',(0.,0.,1.));
#11454=DIRECTION('center_axis',(0.,-1.,0.));
#11455=DIRECTION('ref_axis',(1.,0.,0.));
#11456=DIRECTION('',(0.,0.,1.));
#11457=DIRECTION('center_axis',(1.,0.,0.));
#11458=DIRECTION('ref_axis',(0.,1.,0.));
#11459=DIRECTION('',(0.,0.,1.));
#11460=DIRECTION('center_axis',(0.,1.,0.));
#11461=DIRECTION('ref_axis',(-1.,0.,0.));
#11462=DIRECTION('center_axis',(-1.,0.,0.));
#11463=DIRECTION('ref_axis',(0.,-1.,0.));
#11464=DIRECTION('',(0.,0.,-1.));
#11465=DIRECTION('',(0.,0.,1.));
#11466=DIRECTION('center_axis',(0.,-1.,0.));
#11467=DIRECTION('ref_axis',(1.,0.,0.));
#11468=DIRECTION('',(0.,0.,1.));
#11469=DIRECTION('center_axis',(1.,0.,0.));
#11470=DIRECTION('ref_axis',(0.,1.,0.));
#11471=DIRECTION('',(0.,0.,1.));
#11472=DIRECTION('center_axis',(0.,1.,0.));
#11473=DIRECTION('ref_axis',(-1.,0.,0.));
#11474=DIRECTION('center_axis',(-1.,0.,0.));
#11475=DIRECTION('ref_axis',(0.,-1.,0.));
#11476=DIRECTION('',(0.,0.,-1.));
#11477=DIRECTION('',(0.,0.,1.));
#11478=DIRECTION('center_axis',(0.,-1.,0.));
#11479=DIRECTION('ref_axis',(1.,0.,0.));
#11480=DIRECTION('',(0.,0.,1.));
#11481=DIRECTION('center_axis',(1.,0.,0.));
#11482=DIRECTION('ref_axis',(0.,1.,0.));
#11483=DIRECTION('',(0.,0.,1.));
#11484=DIRECTION('center_axis',(0.,1.,0.));
#11485=DIRECTION('ref_axis',(-1.,0.,0.));
#11486=DIRECTION('center_axis',(-1.,0.,0.));
#11487=DIRECTION('ref_axis',(0.,-1.,0.));
#11488=DIRECTION('',(0.,0.,-1.));
#11489=DIRECTION('',(0.,0.,1.));
#11490=DIRECTION('center_axis',(0.,-1.,0.));
#11491=DIRECTION('ref_axis',(1.,0.,0.));
#11492=DIRECTION('',(0.,0.,1.));
#11493=DIRECTION('center_axis',(1.,0.,0.));
#11494=DIRECTION('ref_axis',(0.,1.,0.));
#11495=DIRECTION('',(0.,0.,1.));
#11496=DIRECTION('center_axis',(0.,1.,0.));
#11497=DIRECTION('ref_axis',(-1.,0.,0.));
#11498=DIRECTION('center_axis',(-1.,0.,0.));
#11499=DIRECTION('ref_axis',(0.,-1.,0.));
#11500=DIRECTION('',(0.,0.,-1.));
#11501=DIRECTION('',(0.,0.,1.));
#11502=DIRECTION('center_axis',(0.,-1.,0.));
#11503=DIRECTION('ref_axis',(1.,0.,0.));
#11504=DIRECTION('',(0.,0.,1.));
#11505=DIRECTION('center_axis',(1.,0.,0.));
#11506=DIRECTION('ref_axis',(0.,1.,0.));
#11507=DIRECTION('',(0.,0.,1.));
#11508=DIRECTION('center_axis',(0.,1.,0.));
#11509=DIRECTION('ref_axis',(-1.,0.,0.));
#11510=DIRECTION('center_axis',(-1.,0.,0.));
#11511=DIRECTION('ref_axis',(0.,-1.,0.));
#11512=DIRECTION('',(0.,0.,-1.));
#11513=DIRECTION('',(0.,0.,1.));
#11514=DIRECTION('center_axis',(0.,-1.,0.));
#11515=DIRECTION('ref_axis',(1.,0.,0.));
#11516=DIRECTION('',(0.,0.,1.));
#11517=DIRECTION('center_axis',(1.,0.,0.));
#11518=DIRECTION('ref_axis',(0.,1.,0.));
#11519=DIRECTION('',(0.,0.,1.));
#11520=DIRECTION('center_axis',(0.,1.,0.));
#11521=DIRECTION('ref_axis',(-1.,0.,0.));
#11522=DIRECTION('center_axis',(-1.,0.,0.));
#11523=DIRECTION('ref_axis',(0.,-1.,0.));
#11524=DIRECTION('',(0.,0.,-1.));
#11525=DIRECTION('',(0.,0.,1.));
#11526=DIRECTION('center_axis',(0.,-1.,0.));
#11527=DIRECTION('ref_axis',(1.,0.,0.));
#11528=DIRECTION('',(0.,0.,1.));
#11529=DIRECTION('center_axis',(1.,0.,0.));
#11530=DIRECTION('ref_axis',(0.,1.,0.));
#11531=DIRECTION('',(0.,0.,1.));
#11532=DIRECTION('center_axis',(0.,1.,0.));
#11533=DIRECTION('ref_axis',(-1.,0.,0.));
#11534=DIRECTION('center_axis',(-1.,0.,0.));
#11535=DIRECTION('ref_axis',(0.,-1.,0.));
#11536=DIRECTION('',(0.,0.,-1.));
#11537=DIRECTION('',(0.,0.,1.));
#11538=DIRECTION('center_axis',(0.,-1.,0.));
#11539=DIRECTION('ref_axis',(1.,0.,0.));
#11540=DIRECTION('',(0.,0.,1.));
#11541=DIRECTION('center_axis',(1.,0.,0.));
#11542=DIRECTION('ref_axis',(0.,1.,0.));
#11543=DIRECTION('',(0.,0.,1.));
#11544=DIRECTION('center_axis',(0.,1.,0.));
#11545=DIRECTION('ref_axis',(-1.,0.,0.));
#11546=DIRECTION('center_axis',(-1.,0.,0.));
#11547=DIRECTION('ref_axis',(0.,-1.,0.));
#11548=DIRECTION('',(0.,0.,-1.));
#11549=DIRECTION('',(0.,0.,1.));
#11550=DIRECTION('center_axis',(0.,-1.,0.));
#11551=DIRECTION('ref_axis',(1.,0.,0.));
#11552=DIRECTION('',(0.,0.,1.));
#11553=DIRECTION('center_axis',(1.,0.,0.));
#11554=DIRECTION('ref_axis',(0.,1.,0.));
#11555=DIRECTION('',(0.,0.,1.));
#11556=DIRECTION('center_axis',(0.,1.,0.));
#11557=DIRECTION('ref_axis',(-1.,0.,0.));
#11558=DIRECTION('center_axis',(-1.,0.,0.));
#11559=DIRECTION('ref_axis',(0.,-1.,0.));
#11560=DIRECTION('',(0.,0.,-1.));
#11561=DIRECTION('',(0.,0.,1.));
#11562=DIRECTION('center_axis',(0.,-1.,0.));
#11563=DIRECTION('ref_axis',(1.,0.,0.));
#11564=DIRECTION('',(0.,0.,1.));
#11565=DIRECTION('center_axis',(1.,0.,0.));
#11566=DIRECTION('ref_axis',(0.,1.,0.));
#11567=DIRECTION('',(0.,0.,1.));
#11568=DIRECTION('center_axis',(0.,1.,0.));
#11569=DIRECTION('ref_axis',(-1.,0.,0.));
#11570=DIRECTION('center_axis',(-1.,0.,0.));
#11571=DIRECTION('ref_axis',(0.,-1.,0.));
#11572=DIRECTION('',(0.,0.,-1.));
#11573=DIRECTION('',(0.,0.,1.));
#11574=DIRECTION('center_axis',(0.,-1.,0.));
#11575=DIRECTION('ref_axis',(1.,0.,0.));
#11576=DIRECTION('',(0.,0.,1.));
#11577=DIRECTION('center_axis',(1.,0.,0.));
#11578=DIRECTION('ref_axis',(0.,1.,0.));
#11579=DIRECTION('',(0.,0.,1.));
#11580=DIRECTION('center_axis',(0.,1.,0.));
#11581=DIRECTION('ref_axis',(-1.,0.,0.));
#11582=DIRECTION('center_axis',(-1.,0.,0.));
#11583=DIRECTION('ref_axis',(0.,-1.,0.));
#11584=DIRECTION('',(0.,0.,-1.));
#11585=DIRECTION('',(0.,0.,1.));
#11586=DIRECTION('center_axis',(0.,-1.,0.));
#11587=DIRECTION('ref_axis',(1.,0.,0.));
#11588=DIRECTION('',(0.,0.,1.));
#11589=DIRECTION('center_axis',(1.,0.,0.));
#11590=DIRECTION('ref_axis',(0.,1.,0.));
#11591=DIRECTION('',(0.,0.,1.));
#11592=DIRECTION('center_axis',(0.,1.,0.));
#11593=DIRECTION('ref_axis',(-1.,0.,0.));
#11594=DIRECTION('center_axis',(-1.,0.,0.));
#11595=DIRECTION('ref_axis',(0.,-1.,0.));
#11596=DIRECTION('',(0.,0.,-1.));
#11597=DIRECTION('',(0.,0.,1.));
#11598=DIRECTION('center_axis',(0.,-1.,0.));
#11599=DIRECTION('ref_axis',(1.,0.,0.));
#11600=DIRECTION('',(0.,0.,1.));
#11601=DIRECTION('center_axis',(1.,0.,0.));
#11602=DIRECTION('ref_axis',(0.,1.,0.));
#11603=DIRECTION('',(0.,0.,1.));
#11604=DIRECTION('center_axis',(0.,1.,0.));
#11605=DIRECTION('ref_axis',(-1.,0.,0.));
#11606=DIRECTION('center_axis',(-1.,0.,0.));
#11607=DIRECTION('ref_axis',(0.,-1.,0.));
#11608=DIRECTION('',(0.,0.,-1.));
#11609=DIRECTION('',(0.,0.,1.));
#11610=DIRECTION('center_axis',(0.,-1.,0.));
#11611=DIRECTION('ref_axis',(1.,0.,0.));
#11612=DIRECTION('',(0.,0.,1.));
#11613=DIRECTION('center_axis',(1.,0.,0.));
#11614=DIRECTION('ref_axis',(0.,1.,0.));
#11615=DIRECTION('',(0.,0.,1.));
#11616=DIRECTION('center_axis',(0.,1.,0.));
#11617=DIRECTION('ref_axis',(-1.,0.,0.));
#11618=DIRECTION('center_axis',(-1.,0.,0.));
#11619=DIRECTION('ref_axis',(0.,-1.,0.));
#11620=DIRECTION('',(0.,0.,-1.));
#11621=DIRECTION('',(0.,0.,1.));
#11622=DIRECTION('center_axis',(0.,-1.,0.));
#11623=DIRECTION('ref_axis',(1.,0.,0.));
#11624=DIRECTION('',(0.,0.,1.));
#11625=DIRECTION('center_axis',(1.,0.,0.));
#11626=DIRECTION('ref_axis',(0.,1.,0.));
#11627=DIRECTION('',(0.,0.,1.));
#11628=DIRECTION('center_axis',(0.,1.,0.));
#11629=DIRECTION('ref_axis',(-1.,0.,0.));
#11630=DIRECTION('center_axis',(-1.,0.,0.));
#11631=DIRECTION('ref_axis',(0.,-1.,0.));
#11632=DIRECTION('',(0.,0.,-1.));
#11633=DIRECTION('',(0.,0.,1.));
#11634=DIRECTION('center_axis',(0.,-1.,0.));
#11635=DIRECTION('ref_axis',(1.,0.,0.));
#11636=DIRECTION('',(0.,0.,1.));
#11637=DIRECTION('center_axis',(1.,0.,0.));
#11638=DIRECTION('ref_axis',(0.,1.,0.));
#11639=DIRECTION('',(0.,0.,1.));
#11640=DIRECTION('center_axis',(0.,1.,0.));
#11641=DIRECTION('ref_axis',(-1.,0.,0.));
#11642=DIRECTION('center_axis',(-1.,0.,0.));
#11643=DIRECTION('ref_axis',(0.,-1.,0.));
#11644=DIRECTION('',(0.,0.,-1.));
#11645=DIRECTION('',(0.,0.,1.));
#11646=DIRECTION('center_axis',(0.,-1.,0.));
#11647=DIRECTION('ref_axis',(1.,0.,0.));
#11648=DIRECTION('',(0.,0.,1.));
#11649=DIRECTION('center_axis',(1.,0.,0.));
#11650=DIRECTION('ref_axis',(0.,1.,0.));
#11651=DIRECTION('',(0.,0.,1.));
#11652=DIRECTION('center_axis',(0.,1.,0.));
#11653=DIRECTION('ref_axis',(-1.,0.,0.));
#11654=DIRECTION('center_axis',(-1.,0.,0.));
#11655=DIRECTION('ref_axis',(0.,-1.,0.));
#11656=DIRECTION('',(0.,0.,-1.));
#11657=DIRECTION('',(0.,0.,1.));
#11658=DIRECTION('center_axis',(0.,-1.,0.));
#11659=DIRECTION('ref_axis',(1.,0.,0.));
#11660=DIRECTION('',(0.,0.,1.));
#11661=DIRECTION('center_axis',(1.,0.,0.));
#11662=DIRECTION('ref_axis',(0.,1.,0.));
#11663=DIRECTION('',(0.,0.,1.));
#11664=DIRECTION('center_axis',(0.,1.,0.));
#11665=DIRECTION('ref_axis',(-1.,0.,0.));
#11666=DIRECTION('center_axis',(-1.,0.,0.));
#11667=DIRECTION('ref_axis',(0.,-1.,0.));
#11668=DIRECTION('',(0.,0.,-1.));
#11669=DIRECTION('',(0.,0.,1.));
#11670=DIRECTION('center_axis',(0.,-1.,0.));
#11671=DIRECTION('ref_axis',(1.,0.,0.));
#11672=DIRECTION('',(0.,0.,1.));
#11673=DIRECTION('center_axis',(1.,0.,0.));
#11674=DIRECTION('ref_axis',(0.,1.,0.));
#11675=DIRECTION('',(0.,0.,1.));
#11676=DIRECTION('center_axis',(0.,1.,0.));
#11677=DIRECTION('ref_axis',(-1.,0.,0.));
#11678=DIRECTION('center_axis',(-1.,0.,0.));
#11679=DIRECTION('ref_axis',(0.,-1.,0.));
#11680=DIRECTION('',(0.,0.,-1.));
#11681=DIRECTION('',(0.,0.,1.));
#11682=DIRECTION('center_axis',(0.,-1.,0.));
#11683=DIRECTION('ref_axis',(1.,0.,0.));
#11684=DIRECTION('',(0.,0.,1.));
#11685=DIRECTION('center_axis',(1.,0.,0.));
#11686=DIRECTION('ref_axis',(0.,1.,0.));
#11687=DIRECTION('',(0.,0.,1.));
#11688=DIRECTION('center_axis',(0.,1.,0.));
#11689=DIRECTION('ref_axis',(-1.,0.,0.));
#11690=DIRECTION('center_axis',(-1.,0.,0.));
#11691=DIRECTION('ref_axis',(0.,-1.,0.));
#11692=DIRECTION('',(0.,0.,-1.));
#11693=DIRECTION('',(0.,0.,1.));
#11694=DIRECTION('center_axis',(0.,-1.,0.));
#11695=DIRECTION('ref_axis',(1.,0.,0.));
#11696=DIRECTION('',(0.,0.,1.));
#11697=DIRECTION('center_axis',(1.,0.,0.));
#11698=DIRECTION('ref_axis',(0.,1.,0.));
#11699=DIRECTION('',(0.,0.,1.));
#11700=DIRECTION('center_axis',(0.,1.,0.));
#11701=DIRECTION('ref_axis',(-1.,0.,0.));
#11702=DIRECTION('center_axis',(-1.,0.,0.));
#11703=DIRECTION('ref_axis',(0.,-1.,0.));
#11704=DIRECTION('',(0.,0.,-1.));
#11705=DIRECTION('',(0.,0.,1.));
#11706=DIRECTION('center_axis',(0.,-1.,0.));
#11707=DIRECTION('ref_axis',(1.,0.,0.));
#11708=DIRECTION('',(0.,0.,1.));
#11709=DIRECTION('center_axis',(1.,0.,0.));
#11710=DIRECTION('ref_axis',(0.,1.,0.));
#11711=DIRECTION('',(0.,0.,1.));
#11712=DIRECTION('center_axis',(0.,1.,0.));
#11713=DIRECTION('ref_axis',(-1.,0.,0.));
#11714=DIRECTION('center_axis',(-1.,0.,0.));
#11715=DIRECTION('ref_axis',(0.,-1.,0.));
#11716=DIRECTION('',(0.,0.,-1.));
#11717=DIRECTION('',(0.,0.,1.));
#11718=DIRECTION('center_axis',(0.,-1.,0.));
#11719=DIRECTION('ref_axis',(1.,0.,0.));
#11720=DIRECTION('',(0.,0.,1.));
#11721=DIRECTION('center_axis',(1.,0.,0.));
#11722=DIRECTION('ref_axis',(0.,1.,0.));
#11723=DIRECTION('',(0.,0.,1.));
#11724=DIRECTION('center_axis',(0.,1.,0.));
#11725=DIRECTION('ref_axis',(-1.,0.,0.));
#11726=DIRECTION('center_axis',(-1.,0.,0.));
#11727=DIRECTION('ref_axis',(0.,-1.,0.));
#11728=DIRECTION('',(0.,0.,-1.));
#11729=DIRECTION('',(0.,0.,1.));
#11730=DIRECTION('center_axis',(0.,-1.,0.));
#11731=DIRECTION('ref_axis',(1.,0.,0.));
#11732=DIRECTION('',(0.,0.,1.));
#11733=DIRECTION('center_axis',(1.,0.,0.));
#11734=DIRECTION('ref_axis',(0.,1.,0.));
#11735=DIRECTION('',(0.,0.,1.));
#11736=DIRECTION('center_axis',(0.,1.,0.));
#11737=DIRECTION('ref_axis',(-1.,0.,0.));
#11738=DIRECTION('center_axis',(-1.,0.,0.));
#11739=DIRECTION('ref_axis',(0.,-1.,0.));
#11740=DIRECTION('',(0.,0.,-1.));
#11741=DIRECTION('',(0.,0.,1.));
#11742=DIRECTION('center_axis',(0.,-1.,0.));
#11743=DIRECTION('ref_axis',(1.,0.,0.));
#11744=DIRECTION('',(0.,0.,1.));
#11745=DIRECTION('center_axis',(1.,0.,0.));
#11746=DIRECTION('ref_axis',(0.,1.,0.));
#11747=DIRECTION('',(0.,0.,1.));
#11748=DIRECTION('center_axis',(0.,1.,0.));
#11749=DIRECTION('ref_axis',(-1.,0.,0.));
#11750=DIRECTION('center_axis',(-1.,0.,0.));
#11751=DIRECTION('ref_axis',(0.,-1.,0.));
#11752=DIRECTION('',(0.,0.,-1.));
#11753=DIRECTION('',(0.,0.,1.));
#11754=DIRECTION('center_axis',(0.,-1.,0.));
#11755=DIRECTION('ref_axis',(1.,0.,0.));
#11756=DIRECTION('',(0.,0.,1.));
#11757=DIRECTION('center_axis',(1.,0.,0.));
#11758=DIRECTION('ref_axis',(0.,1.,0.));
#11759=DIRECTION('',(0.,0.,1.));
#11760=DIRECTION('center_axis',(0.,1.,0.));
#11761=DIRECTION('ref_axis',(-1.,0.,0.));
#11762=DIRECTION('center_axis',(-1.,0.,0.));
#11763=DIRECTION('ref_axis',(0.,-1.,0.));
#11764=DIRECTION('',(0.,0.,-1.));
#11765=DIRECTION('',(0.,0.,1.));
#11766=DIRECTION('center_axis',(0.,-1.,0.));
#11767=DIRECTION('ref_axis',(1.,0.,0.));
#11768=DIRECTION('',(0.,0.,1.));
#11769=DIRECTION('center_axis',(1.,0.,0.));
#11770=DIRECTION('ref_axis',(0.,1.,0.));
#11771=DIRECTION('',(0.,0.,1.));
#11772=DIRECTION('center_axis',(0.,1.,0.));
#11773=DIRECTION('ref_axis',(-1.,0.,0.));
#11774=DIRECTION('center_axis',(-1.,0.,0.));
#11775=DIRECTION('ref_axis',(0.,-1.,0.));
#11776=DIRECTION('',(0.,0.,-1.));
#11777=DIRECTION('',(0.,0.,1.));
#11778=DIRECTION('center_axis',(0.,-1.,0.));
#11779=DIRECTION('ref_axis',(1.,0.,0.));
#11780=DIRECTION('',(0.,0.,1.));
#11781=DIRECTION('center_axis',(1.,0.,0.));
#11782=DIRECTION('ref_axis',(0.,1.,0.));
#11783=DIRECTION('',(0.,0.,1.));
#11784=DIRECTION('center_axis',(0.,1.,0.));
#11785=DIRECTION('ref_axis',(-1.,0.,0.));
#11786=DIRECTION('center_axis',(-1.,0.,0.));
#11787=DIRECTION('ref_axis',(0.,-1.,0.));
#11788=DIRECTION('',(0.,0.,1.));
#11789=DIRECTION('center_axis',(0.,-1.,0.));
#11790=DIRECTION('ref_axis',(1.,0.,0.));
#11791=DIRECTION('center_axis',(0.,1.,0.));
#11792=DIRECTION('ref_axis',(-1.,0.,0.));
#11793=DIRECTION('center_axis',(-1.,0.,0.));
#11794=DIRECTION('ref_axis',(0.,-1.,0.));
#11795=DIRECTION('',(0.,0.,-1.));
#11796=DIRECTION('',(0.,0.,1.));
#11797=DIRECTION('center_axis',(0.,-1.,0.));
#11798=DIRECTION('ref_axis',(1.,0.,0.));
#11799=DIRECTION('',(0.,0.,1.));
#11800=DIRECTION('center_axis',(1.,0.,0.));
#11801=DIRECTION('ref_axis',(0.,1.,0.));
#11802=DIRECTION('',(0.,0.,1.));
#11803=DIRECTION('center_axis',(0.,1.,0.));
#11804=DIRECTION('ref_axis',(-1.,0.,0.));
#11805=DIRECTION('center_axis',(-1.,0.,0.));
#11806=DIRECTION('ref_axis',(0.,-1.,0.));
#11807=DIRECTION('',(0.,0.,-1.));
#11808=DIRECTION('',(0.,0.,1.));
#11809=DIRECTION('center_axis',(0.,-1.,0.));
#11810=DIRECTION('ref_axis',(1.,0.,0.));
#11811=DIRECTION('',(0.,0.,1.));
#11812=DIRECTION('center_axis',(1.,0.,0.));
#11813=DIRECTION('ref_axis',(0.,1.,0.));
#11814=DIRECTION('',(0.,0.,1.));
#11815=DIRECTION('center_axis',(0.,1.,0.));
#11816=DIRECTION('ref_axis',(-1.,0.,0.));
#11817=DIRECTION('center_axis',(1.,0.,0.));
#11818=DIRECTION('ref_axis',(0.,1.,0.));
#11819=DIRECTION('',(0.,0.,-1.));
#11820=DIRECTION('',(0.,0.,1.));
#11821=DIRECTION('center_axis',(0.,-1.,0.));
#11822=DIRECTION('ref_axis',(1.,0.,0.));
#11823=DIRECTION('',(0.,0.,1.));
#11824=DIRECTION('center_axis',(-1.,0.,0.));
#11825=DIRECTION('ref_axis',(0.,-1.,0.));
#11826=DIRECTION('',(0.,0.,1.));
#11827=DIRECTION('center_axis',(0.,-1.,0.));
#11828=DIRECTION('ref_axis',(1.,0.,0.));
#11829=DIRECTION('',(0.,0.,1.));
#11830=DIRECTION('center_axis',(-1.,0.,0.));
#11831=DIRECTION('ref_axis',(0.,-1.,0.));
#11832=DIRECTION('',(0.,0.,1.));
#11833=DIRECTION('center_axis',(0.,-1.,0.));
#11834=DIRECTION('ref_axis',(1.,0.,0.));
#11835=DIRECTION('',(0.,0.,1.));
#11836=DIRECTION('center_axis',(1.,0.,0.));
#11837=DIRECTION('ref_axis',(0.,1.,0.));
#11838=DIRECTION('',(0.,0.,1.));
#11839=DIRECTION('center_axis',(0.,-1.,0.));
#11840=DIRECTION('ref_axis',(1.,0.,0.));
#11841=DIRECTION('',(0.,0.,1.));
#11842=DIRECTION('center_axis',(1.,0.,0.));
#11843=DIRECTION('ref_axis',(0.,1.,0.));
#11844=DIRECTION('',(0.,0.,1.));
#11845=DIRECTION('center_axis',(0.,-1.,0.));
#11846=DIRECTION('ref_axis',(1.,0.,0.));
#11847=DIRECTION('',(0.,0.,1.));
#11848=DIRECTION('center_axis',(1.,0.,0.));
#11849=DIRECTION('ref_axis',(0.,1.,0.));
#11850=DIRECTION('',(0.,0.,1.));
#11851=DIRECTION('center_axis',(0.,1.,0.));
#11852=DIRECTION('ref_axis',(-1.,0.,0.));
#11853=DIRECTION('',(0.,0.,1.));
#11854=DIRECTION('center_axis',(1.,0.,0.));
#11855=DIRECTION('ref_axis',(0.,1.,0.));
#11856=DIRECTION('',(0.,0.,1.));
#11857=DIRECTION('center_axis',(0.,1.,0.));
#11858=DIRECTION('ref_axis',(-1.,0.,0.));
#11859=DIRECTION('',(0.,0.,1.));
#11860=DIRECTION('center_axis',(1.,0.,0.));
#11861=DIRECTION('ref_axis',(0.,1.,0.));
#11862=DIRECTION('',(0.,0.,1.));
#11863=DIRECTION('center_axis',(0.,1.,0.));
#11864=DIRECTION('ref_axis',(-1.,0.,0.));
#11865=DIRECTION('',(0.,0.,1.));
#11866=DIRECTION('center_axis',(-1.,0.,0.));
#11867=DIRECTION('ref_axis',(0.,-1.,0.));
#11868=DIRECTION('',(0.,0.,1.));
#11869=DIRECTION('center_axis',(0.,1.,0.));
#11870=DIRECTION('ref_axis',(-1.,0.,0.));
#11871=DIRECTION('',(0.,0.,1.));
#11872=DIRECTION('center_axis',(-1.,0.,0.));
#11873=DIRECTION('ref_axis',(0.,-1.,0.));
#11874=DIRECTION('',(0.,0.,1.));
#11875=DIRECTION('center_axis',(0.,1.,0.));
#11876=DIRECTION('ref_axis',(-1.,0.,0.));
#11877=DIRECTION('',(0.,0.,1.));
#11878=DIRECTION('center_axis',(1.,0.,0.));
#11879=DIRECTION('ref_axis',(0.,1.,0.));
#11880=DIRECTION('',(0.,0.,1.));
#11881=DIRECTION('center_axis',(0.,1.,0.));
#11882=DIRECTION('ref_axis',(-1.,0.,0.));
#11883=DIRECTION('',(0.,0.,1.));
#11884=DIRECTION('center_axis',(-1.,0.,0.));
#11885=DIRECTION('ref_axis',(0.,-1.,0.));
#11886=DIRECTION('',(0.,0.,1.));
#11887=DIRECTION('center_axis',(1.16444237259931E-14,1.,0.));
#11888=DIRECTION('ref_axis',(-1.,1.16444237259931E-14,0.));
#11889=DIRECTION('',(0.,0.,1.));
#11890=DIRECTION('center_axis',(1.,0.,0.));
#11891=DIRECTION('ref_axis',(0.,1.,0.));
#11892=DIRECTION('',(0.,0.,1.));
#11893=DIRECTION('center_axis',(0.,1.,0.));
#11894=DIRECTION('ref_axis',(-1.,0.,0.));
#11895=DIRECTION('',(0.,0.,1.));
#11896=DIRECTION('center_axis',(1.,0.,0.));
#11897=DIRECTION('ref_axis',(0.,1.,0.));
#11898=DIRECTION('',(0.,0.,1.));
#11899=DIRECTION('center_axis',(0.,1.,0.));
#11900=DIRECTION('ref_axis',(-1.,0.,0.));
#11901=DIRECTION('',(0.,0.,1.));
#11902=DIRECTION('center_axis',(-1.,0.,0.));
#11903=DIRECTION('ref_axis',(0.,-1.,0.));
#11904=DIRECTION('',(0.,0.,1.));
#11905=DIRECTION('center_axis',(0.,1.,0.));
#11906=DIRECTION('ref_axis',(-1.,0.,0.));
#11907=DIRECTION('',(0.,0.,1.));
#11908=DIRECTION('center_axis',(-1.,0.,0.));
#11909=DIRECTION('ref_axis',(0.,-1.,0.));
#11910=DIRECTION('',(0.,0.,1.));
#11911=DIRECTION('center_axis',(0.,1.,0.));
#11912=DIRECTION('ref_axis',(-1.,0.,0.));
#11913=DIRECTION('',(0.,0.,1.));
#11914=DIRECTION('center_axis',(-1.,0.,0.));
#11915=DIRECTION('ref_axis',(0.,-1.,0.));
#11916=DIRECTION('',(0.,0.,1.));
#11917=DIRECTION('center_axis',(0.,-1.,0.));
#11918=DIRECTION('ref_axis',(1.,0.,0.));
#11919=DIRECTION('',(0.,0.,1.));
#11920=DIRECTION('center_axis',(-1.,0.,0.));
#11921=DIRECTION('ref_axis',(0.,-1.,0.));
#11922=DIRECTION('',(0.,0.,1.));
#11923=DIRECTION('center_axis',(0.,-1.,0.));
#11924=DIRECTION('ref_axis',(1.,0.,0.));
#11925=DIRECTION('',(0.,0.,1.));
#11926=DIRECTION('center_axis',(-1.,0.,0.));
#11927=DIRECTION('ref_axis',(0.,-1.,0.));
#11928=DIRECTION('',(0.,0.,1.));
#11929=DIRECTION('center_axis',(0.,-1.,0.));
#11930=DIRECTION('ref_axis',(1.,0.,0.));
#11931=DIRECTION('',(0.,0.,1.));
#11932=DIRECTION('center_axis',(1.,0.,0.));
#11933=DIRECTION('ref_axis',(0.,1.,0.));
#11934=DIRECTION('',(0.,0.,1.));
#11935=DIRECTION('center_axis',(0.,-1.,0.));
#11936=DIRECTION('ref_axis',(1.,0.,0.));
#11937=DIRECTION('',(0.,0.,1.));
#11938=DIRECTION('center_axis',(1.,0.,0.));
#11939=DIRECTION('ref_axis',(0.,1.,0.));
#11940=DIRECTION('',(0.,0.,1.));
#11941=DIRECTION('center_axis',(0.,-1.,0.));
#11942=DIRECTION('ref_axis',(1.,0.,0.));
#11943=DIRECTION('',(0.,0.,1.));
#11944=DIRECTION('center_axis',(-1.,0.,0.));
#11945=DIRECTION('ref_axis',(0.,-1.,0.));
#11946=DIRECTION('',(0.,0.,1.));
#11947=DIRECTION('center_axis',(0.,-1.,0.));
#11948=DIRECTION('ref_axis',(1.,0.,0.));
#11949=DIRECTION('center_axis',(-1.,0.,0.));
#11950=DIRECTION('ref_axis',(0.,-1.,0.));
#11951=DIRECTION('',(0.,0.,-1.));
#11952=DIRECTION('',(0.,0.,1.));
#11953=DIRECTION('center_axis',(0.,-1.,0.));
#11954=DIRECTION('ref_axis',(1.,0.,0.));
#11955=DIRECTION('',(0.,0.,1.));
#11956=DIRECTION('center_axis',(1.,0.,0.));
#11957=DIRECTION('ref_axis',(0.,1.,0.));
#11958=DIRECTION('',(0.,0.,1.));
#11959=DIRECTION('center_axis',(0.,1.,0.));
#11960=DIRECTION('ref_axis',(-1.,0.,0.));
#11961=DIRECTION('center_axis',(-1.,0.,0.));
#11962=DIRECTION('ref_axis',(0.,-1.,0.));
#11963=DIRECTION('',(0.,0.,-1.));
#11964=DIRECTION('',(0.,0.,1.));
#11965=DIRECTION('center_axis',(0.,-1.,0.));
#11966=DIRECTION('ref_axis',(1.,0.,0.));
#11967=DIRECTION('',(0.,0.,1.));
#11968=DIRECTION('center_axis',(1.,0.,0.));
#11969=DIRECTION('ref_axis',(0.,1.,0.));
#11970=DIRECTION('',(0.,0.,1.));
#11971=DIRECTION('center_axis',(0.,1.,0.));
#11972=DIRECTION('ref_axis',(-1.,0.,0.));
#11973=DIRECTION('center_axis',(-1.,0.,0.));
#11974=DIRECTION('ref_axis',(0.,-1.,0.));
#11975=DIRECTION('',(0.,0.,-1.));
#11976=DIRECTION('',(0.,0.,1.));
#11977=DIRECTION('center_axis',(0.,-1.,0.));
#11978=DIRECTION('ref_axis',(1.,0.,0.));
#11979=DIRECTION('',(0.,0.,1.));
#11980=DIRECTION('center_axis',(1.,0.,0.));
#11981=DIRECTION('ref_axis',(0.,1.,0.));
#11982=DIRECTION('',(0.,0.,1.));
#11983=DIRECTION('center_axis',(0.,1.,0.));
#11984=DIRECTION('ref_axis',(-1.,0.,0.));
#11985=DIRECTION('center_axis',(-1.,0.,0.));
#11986=DIRECTION('ref_axis',(0.,-1.,0.));
#11987=DIRECTION('',(0.,0.,-1.));
#11988=DIRECTION('',(0.,0.,1.));
#11989=DIRECTION('center_axis',(0.,-1.,0.));
#11990=DIRECTION('ref_axis',(1.,0.,0.));
#11991=DIRECTION('',(0.,0.,1.));
#11992=DIRECTION('center_axis',(1.,0.,0.));
#11993=DIRECTION('ref_axis',(0.,1.,0.));
#11994=DIRECTION('',(0.,0.,1.));
#11995=DIRECTION('center_axis',(0.,1.,0.));
#11996=DIRECTION('ref_axis',(-1.,0.,0.));
#11997=DIRECTION('center_axis',(-1.,0.,0.));
#11998=DIRECTION('ref_axis',(0.,-1.,0.));
#11999=DIRECTION('',(0.,0.,-1.));
#12000=DIRECTION('',(0.,0.,1.));
#12001=DIRECTION('center_axis',(0.,-1.,0.));
#12002=DIRECTION('ref_axis',(1.,0.,0.));
#12003=DIRECTION('',(0.,0.,1.));
#12004=DIRECTION('center_axis',(1.,0.,0.));
#12005=DIRECTION('ref_axis',(0.,1.,0.));
#12006=DIRECTION('',(0.,0.,1.));
#12007=DIRECTION('center_axis',(0.,1.,0.));
#12008=DIRECTION('ref_axis',(-1.,0.,0.));
#12009=DIRECTION('center_axis',(-1.,0.,0.));
#12010=DIRECTION('ref_axis',(0.,-1.,0.));
#12011=DIRECTION('',(0.,0.,-1.));
#12012=DIRECTION('',(0.,0.,1.));
#12013=DIRECTION('center_axis',(0.,-1.,0.));
#12014=DIRECTION('ref_axis',(1.,0.,0.));
#12015=DIRECTION('',(0.,0.,1.));
#12016=DIRECTION('center_axis',(1.,0.,0.));
#12017=DIRECTION('ref_axis',(0.,1.,0.));
#12018=DIRECTION('',(0.,0.,1.));
#12019=DIRECTION('center_axis',(0.,1.,0.));
#12020=DIRECTION('ref_axis',(-1.,0.,0.));
#12021=DIRECTION('center_axis',(-1.,0.,0.));
#12022=DIRECTION('ref_axis',(0.,-1.,0.));
#12023=DIRECTION('',(0.,0.,-1.));
#12024=DIRECTION('',(0.,0.,1.));
#12025=DIRECTION('center_axis',(0.,-1.,0.));
#12026=DIRECTION('ref_axis',(1.,0.,0.));
#12027=DIRECTION('',(0.,0.,1.));
#12028=DIRECTION('center_axis',(1.,0.,0.));
#12029=DIRECTION('ref_axis',(0.,1.,0.));
#12030=DIRECTION('',(0.,0.,1.));
#12031=DIRECTION('center_axis',(0.,1.,0.));
#12032=DIRECTION('ref_axis',(-1.,0.,0.));
#12033=DIRECTION('center_axis',(-1.,0.,0.));
#12034=DIRECTION('ref_axis',(0.,-1.,0.));
#12035=DIRECTION('',(0.,0.,-1.));
#12036=DIRECTION('',(0.,0.,1.));
#12037=DIRECTION('center_axis',(0.,-1.,0.));
#12038=DIRECTION('ref_axis',(1.,0.,0.));
#12039=DIRECTION('',(0.,0.,1.));
#12040=DIRECTION('center_axis',(1.,0.,0.));
#12041=DIRECTION('ref_axis',(0.,1.,0.));
#12042=DIRECTION('',(0.,0.,1.));
#12043=DIRECTION('center_axis',(0.,1.,0.));
#12044=DIRECTION('ref_axis',(-1.,0.,0.));
#12045=DIRECTION('center_axis',(-1.,0.,0.));
#12046=DIRECTION('ref_axis',(0.,-1.,0.));
#12047=DIRECTION('',(0.,0.,-1.));
#12048=DIRECTION('',(0.,0.,1.));
#12049=DIRECTION('center_axis',(0.,-1.,0.));
#12050=DIRECTION('ref_axis',(1.,0.,0.));
#12051=DIRECTION('',(0.,0.,1.));
#12052=DIRECTION('center_axis',(1.,0.,0.));
#12053=DIRECTION('ref_axis',(0.,1.,0.));
#12054=DIRECTION('',(0.,0.,1.));
#12055=DIRECTION('center_axis',(0.,1.,0.));
#12056=DIRECTION('ref_axis',(-1.,0.,0.));
#12057=DIRECTION('center_axis',(-1.,0.,0.));
#12058=DIRECTION('ref_axis',(0.,-1.,0.));
#12059=DIRECTION('',(0.,0.,-1.));
#12060=DIRECTION('',(0.,0.,1.));
#12061=DIRECTION('center_axis',(0.,-1.,0.));
#12062=DIRECTION('ref_axis',(1.,0.,0.));
#12063=DIRECTION('',(0.,0.,1.));
#12064=DIRECTION('center_axis',(1.,0.,0.));
#12065=DIRECTION('ref_axis',(0.,1.,0.));
#12066=DIRECTION('',(0.,0.,1.));
#12067=DIRECTION('center_axis',(0.,1.,0.));
#12068=DIRECTION('ref_axis',(-1.,0.,0.));
#12069=DIRECTION('center_axis',(-1.,0.,0.));
#12070=DIRECTION('ref_axis',(0.,-1.,0.));
#12071=DIRECTION('',(0.,0.,-1.));
#12072=DIRECTION('',(0.,0.,1.));
#12073=DIRECTION('center_axis',(0.,-1.,0.));
#12074=DIRECTION('ref_axis',(1.,0.,0.));
#12075=DIRECTION('',(0.,0.,1.));
#12076=DIRECTION('center_axis',(1.,0.,0.));
#12077=DIRECTION('ref_axis',(0.,1.,0.));
#12078=DIRECTION('',(0.,0.,1.));
#12079=DIRECTION('center_axis',(0.,1.,0.));
#12080=DIRECTION('ref_axis',(-1.,0.,0.));
#12081=DIRECTION('center_axis',(-1.,0.,0.));
#12082=DIRECTION('ref_axis',(0.,-1.,0.));
#12083=DIRECTION('',(0.,0.,-1.));
#12084=DIRECTION('',(0.,0.,1.));
#12085=DIRECTION('center_axis',(0.,-1.,0.));
#12086=DIRECTION('ref_axis',(1.,0.,0.));
#12087=DIRECTION('',(0.,0.,1.));
#12088=DIRECTION('center_axis',(1.,0.,0.));
#12089=DIRECTION('ref_axis',(0.,1.,0.));
#12090=DIRECTION('',(0.,0.,1.));
#12091=DIRECTION('center_axis',(0.,1.,0.));
#12092=DIRECTION('ref_axis',(-1.,0.,0.));
#12093=DIRECTION('center_axis',(-1.,0.,0.));
#12094=DIRECTION('ref_axis',(0.,-1.,0.));
#12095=DIRECTION('',(0.,0.,-1.));
#12096=DIRECTION('',(0.,0.,1.));
#12097=DIRECTION('center_axis',(0.,-1.,0.));
#12098=DIRECTION('ref_axis',(1.,0.,0.));
#12099=DIRECTION('',(0.,0.,1.));
#12100=DIRECTION('center_axis',(1.,0.,0.));
#12101=DIRECTION('ref_axis',(0.,1.,0.));
#12102=DIRECTION('',(0.,0.,1.));
#12103=DIRECTION('center_axis',(0.,1.,0.));
#12104=DIRECTION('ref_axis',(-1.,0.,0.));
#12105=DIRECTION('center_axis',(-1.,0.,0.));
#12106=DIRECTION('ref_axis',(0.,-1.,0.));
#12107=DIRECTION('',(0.,0.,-1.));
#12108=DIRECTION('',(0.,0.,1.));
#12109=DIRECTION('center_axis',(0.,-1.,0.));
#12110=DIRECTION('ref_axis',(1.,0.,0.));
#12111=DIRECTION('',(0.,0.,1.));
#12112=DIRECTION('center_axis',(1.,0.,0.));
#12113=DIRECTION('ref_axis',(0.,1.,0.));
#12114=DIRECTION('',(0.,0.,1.));
#12115=DIRECTION('center_axis',(0.,1.,0.));
#12116=DIRECTION('ref_axis',(-1.,0.,0.));
#12117=DIRECTION('center_axis',(-1.,0.,0.));
#12118=DIRECTION('ref_axis',(0.,-1.,0.));
#12119=DIRECTION('',(0.,0.,-1.));
#12120=DIRECTION('',(0.,0.,1.));
#12121=DIRECTION('center_axis',(0.,-1.,0.));
#12122=DIRECTION('ref_axis',(1.,0.,0.));
#12123=DIRECTION('',(0.,0.,1.));
#12124=DIRECTION('center_axis',(1.,0.,0.));
#12125=DIRECTION('ref_axis',(0.,1.,0.));
#12126=DIRECTION('',(0.,0.,1.));
#12127=DIRECTION('center_axis',(0.,1.,0.));
#12128=DIRECTION('ref_axis',(-1.,0.,0.));
#12129=DIRECTION('center_axis',(-1.,0.,0.));
#12130=DIRECTION('ref_axis',(0.,-1.,0.));
#12131=DIRECTION('',(0.,0.,-1.));
#12132=DIRECTION('',(0.,0.,1.));
#12133=DIRECTION('center_axis',(0.,-1.,0.));
#12134=DIRECTION('ref_axis',(1.,0.,0.));
#12135=DIRECTION('',(0.,0.,1.));
#12136=DIRECTION('center_axis',(1.,0.,0.));
#12137=DIRECTION('ref_axis',(0.,1.,0.));
#12138=DIRECTION('',(0.,0.,1.));
#12139=DIRECTION('center_axis',(0.,1.,0.));
#12140=DIRECTION('ref_axis',(-1.,0.,0.));
#12141=DIRECTION('center_axis',(-1.,0.,0.));
#12142=DIRECTION('ref_axis',(0.,-1.,0.));
#12143=DIRECTION('',(0.,0.,-1.));
#12144=DIRECTION('',(0.,0.,1.));
#12145=DIRECTION('center_axis',(0.,-1.,0.));
#12146=DIRECTION('ref_axis',(1.,0.,0.));
#12147=DIRECTION('',(0.,0.,1.));
#12148=DIRECTION('center_axis',(1.,0.,0.));
#12149=DIRECTION('ref_axis',(0.,1.,0.));
#12150=DIRECTION('',(0.,0.,1.));
#12151=DIRECTION('center_axis',(0.,1.,0.));
#12152=DIRECTION('ref_axis',(-1.,0.,0.));
#12153=DIRECTION('center_axis',(-1.,0.,0.));
#12154=DIRECTION('ref_axis',(0.,-1.,0.));
#12155=DIRECTION('',(0.,0.,-1.));
#12156=DIRECTION('',(0.,0.,1.));
#12157=DIRECTION('center_axis',(0.,-1.,0.));
#12158=DIRECTION('ref_axis',(1.,0.,0.));
#12159=DIRECTION('',(0.,0.,1.));
#12160=DIRECTION('center_axis',(1.,0.,0.));
#12161=DIRECTION('ref_axis',(0.,1.,0.));
#12162=DIRECTION('',(0.,0.,1.));
#12163=DIRECTION('center_axis',(0.,1.,0.));
#12164=DIRECTION('ref_axis',(-1.,0.,0.));
#12165=DIRECTION('center_axis',(-1.,0.,0.));
#12166=DIRECTION('ref_axis',(0.,-1.,0.));
#12167=DIRECTION('',(0.,0.,-1.));
#12168=DIRECTION('',(0.,0.,1.));
#12169=DIRECTION('center_axis',(0.,-1.,0.));
#12170=DIRECTION('ref_axis',(1.,0.,0.));
#12171=DIRECTION('',(0.,0.,1.));
#12172=DIRECTION('center_axis',(1.,0.,0.));
#12173=DIRECTION('ref_axis',(0.,1.,0.));
#12174=DIRECTION('',(0.,0.,1.));
#12175=DIRECTION('center_axis',(0.,1.,0.));
#12176=DIRECTION('ref_axis',(-1.,0.,0.));
#12177=DIRECTION('center_axis',(-1.,0.,0.));
#12178=DIRECTION('ref_axis',(0.,-1.,0.));
#12179=DIRECTION('',(0.,0.,-1.));
#12180=DIRECTION('',(0.,0.,1.));
#12181=DIRECTION('center_axis',(0.,-1.,0.));
#12182=DIRECTION('ref_axis',(1.,0.,0.));
#12183=DIRECTION('',(0.,0.,1.));
#12184=DIRECTION('center_axis',(1.,0.,0.));
#12185=DIRECTION('ref_axis',(0.,1.,0.));
#12186=DIRECTION('',(0.,0.,1.));
#12187=DIRECTION('center_axis',(0.,1.,0.));
#12188=DIRECTION('ref_axis',(-1.,0.,0.));
#12189=CARTESIAN_POINT('',(0.,0.,0.));
#12190=CARTESIAN_POINT('Origin',(-54.8760000000055,250.7,15.5));
#12191=CARTESIAN_POINT('',(-53.8760000000055,250.7,15.5000000000055));
#12192=CARTESIAN_POINT('',(-54.8760000000055,250.7,14.5));
#12193=CARTESIAN_POINT('Origin',(-54.8760000000055,250.7,15.5));
#12194=CARTESIAN_POINT('',(-54.8760000000055,246.7,14.5));
#12195=CARTESIAN_POINT('',(-54.8760000000055,250.7,14.5));
#12196=CARTESIAN_POINT('',(-53.8760000000055,246.7,15.5000000000055));
#12197=CARTESIAN_POINT('Origin',(-54.8760000000055,246.7,15.5));
#12198=CARTESIAN_POINT('',(-53.8760000000055,250.7,15.5000000000055));
#12199=CARTESIAN_POINT('Origin',(-53.876000000011,250.7,16.5));
#12200=CARTESIAN_POINT('',(-53.876000000011,250.7,16.5));
#12201=CARTESIAN_POINT('',(-53.8760000000055,250.7,15.5000000000055));
#12202=CARTESIAN_POINT('',(-53.876000000011,246.7,16.5));
#12203=CARTESIAN_POINT('',(-53.8760000000055,246.7,15.5000000000055));
#12204=CARTESIAN_POINT('',(-53.876000000011,250.7,16.5));
#12205=CARTESIAN_POINT('Origin',(-50.6330000000027,246.7,15.5));
#12206=CARTESIAN_POINT('',(-46.39,246.7,16.5));
#12207=CARTESIAN_POINT('',(-71.39,246.7,16.5));
#12208=CARTESIAN_POINT('',(-46.39,246.7,14.5));
#12209=CARTESIAN_POINT('',(-46.39,246.7,14.5));
#12210=CARTESIAN_POINT('',(-46.39,246.7,16.));
#12211=CARTESIAN_POINT('Origin',(-46.39,250.436,16.5));
#12212=CARTESIAN_POINT('',(-46.39,193.1875,14.5));
#12213=CARTESIAN_POINT('',(-46.39,214.360512,14.5));
#12214=CARTESIAN_POINT('',(-46.39,193.1875,16.5));
#12215=CARTESIAN_POINT('',(-46.39,193.1875,16.5));
#12216=CARTESIAN_POINT('',(-46.39,214.360512,16.5));
#12217=CARTESIAN_POINT('Origin',(-63.876000000011,250.7,15.5));
#12218=CARTESIAN_POINT('',(-63.876000000011,250.7,16.5));
#12219=CARTESIAN_POINT('',(-63.876000000011,250.7,15.5));
#12220=CARTESIAN_POINT('',(-63.876000000011,250.7,16.5));
#12221=CARTESIAN_POINT('',(-63.876000000011,246.7,16.5));
#12222=CARTESIAN_POINT('',(-63.876000000011,250.7,16.5));
#12223=CARTESIAN_POINT('',(-63.876000000011,246.7,15.5));
#12224=CARTESIAN_POINT('',(-63.876000000011,246.7,16.5));
#12225=CARTESIAN_POINT('',(-63.876000000011,250.7,15.5));
#12226=CARTESIAN_POINT('Origin',(-62.876000000011,250.7,15.5));
#12227=CARTESIAN_POINT('',(-62.876000000011,250.7,14.5));
#12228=CARTESIAN_POINT('Origin',(-62.876000000011,250.7,15.5));
#12229=CARTESIAN_POINT('',(-62.876000000011,246.7,14.5));
#12230=CARTESIAN_POINT('Origin',(-62.876000000011,246.7,15.5));
#12231=CARTESIAN_POINT('',(-62.876000000011,250.7,14.5));
#12232=CARTESIAN_POINT('Origin',(-67.1330000000055,246.7,15.5));
#12233=CARTESIAN_POINT('',(-71.39,246.7,14.5));
#12234=CARTESIAN_POINT('',(-71.39,246.7,16.5));
#12235=CARTESIAN_POINT('',(-71.39,246.7,16.));
#12236=CARTESIAN_POINT('',(-46.39,246.7,14.5));
#12237=CARTESIAN_POINT('',(-71.39,246.7,16.5));
#12238=CARTESIAN_POINT('Origin',(310.064,105.30004,15.75));
#12239=CARTESIAN_POINT('',(309.564,104.80004,14.5));
#12240=CARTESIAN_POINT('',(310.564,105.80004,14.5));
#12241=CARTESIAN_POINT('',(281.608881574998,76.844921574999,14.5));
#12242=CARTESIAN_POINT('',(310.564,105.80004,16.5));
#12243=CARTESIAN_POINT('',(310.564,105.80004,15.75));
#12244=CARTESIAN_POINT('',(309.564,104.80004,16.5));
#12245=CARTESIAN_POINT('',(281.608881574998,76.844921574999,16.5));
#12246=CARTESIAN_POINT('',(309.564,104.80004,15.75));
#12247=CARTESIAN_POINT('Origin',(310.564,119.13504,15.));
#12248=CARTESIAN_POINT('',(310.564,249.7,14.5));
#12249=CARTESIAN_POINT('',(310.564,106.13504,14.5));
#12250=CARTESIAN_POINT('',(310.564,249.7,16.5));
#12251=CARTESIAN_POINT('',(310.564,249.7,14.75));
#12252=CARTESIAN_POINT('',(310.564,250.436,16.5));
#12253=CARTESIAN_POINT('Origin',(123.2585423,178.285024,14.5));
#12254=CARTESIAN_POINT('',(-92.564,104.80004,14.5));
#12255=CARTESIAN_POINT('',(285.422,104.80004,14.5));
#12256=CARTESIAN_POINT('',(-93.5639999999999,105.80004,14.5));
#12257=CARTESIAN_POINT('',(-57.2296104250028,69.465650425001,14.5));
#12258=CARTESIAN_POINT('',(-93.5639999999999,249.7,14.5));
#12259=CARTESIAN_POINT('',(-93.5639999999999,207.860512,14.5));
#12260=CARTESIAN_POINT('',(-92.5639999999999,250.7,14.5));
#12261=CARTESIAN_POINT('',(-56.9621084250009,286.301891575,14.5));
#12262=CARTESIAN_POINT('',(-46.39,250.7,14.5));
#12263=CARTESIAN_POINT('',(-71.39,193.1875,14.5));
#12264=CARTESIAN_POINT('',(-71.39,185.736262,14.5));
#12265=CARTESIAN_POINT('',(38.43427115,193.1875,14.5));
#12266=CARTESIAN_POINT('',(309.564,250.7,14.5));
#12267=CARTESIAN_POINT('',(310.422,250.7,14.5));
#12268=CARTESIAN_POINT('',(281.341379574998,278.922620425001,14.5));
#12269=CARTESIAN_POINT('',(115.882801,114.306116,14.5));
#12270=CARTESIAN_POINT('Origin',(114.282801,114.306116,14.5));
#12271=CARTESIAN_POINT('',(302.6,114.5,14.5));
#12272=CARTESIAN_POINT('Origin',(301.,114.5,14.5));
#12273=CARTESIAN_POINT('',(302.25625,241.91875,14.5));
#12274=CARTESIAN_POINT('Origin',(300.65625,241.91875,14.5));
#12275=CARTESIAN_POINT('',(116.19375,242.09375,14.5));
#12276=CARTESIAN_POINT('Origin',(114.59375,242.09375,14.5));
#12277=CARTESIAN_POINT('',(221.033,199.8606,14.5));
#12278=CARTESIAN_POINT('',(235.032,199.8606,14.5));
#12279=CARTESIAN_POINT('',(235.032,199.8606,14.5));
#12280=CARTESIAN_POINT('',(235.032,213.8599,14.5));
#12281=CARTESIAN_POINT('',(235.032,213.8599,14.5));
#12282=CARTESIAN_POINT('',(221.033,213.8599,14.5));
#12283=CARTESIAN_POINT('',(221.033,213.8599,14.5));
#12284=CARTESIAN_POINT('',(221.033,199.8606,14.5));
#12285=CARTESIAN_POINT('',(16.2457,218.911,14.5));
#12286=CARTESIAN_POINT('',(30.245,218.911,14.5));
#12287=CARTESIAN_POINT('',(30.245,218.911,14.5));
#12288=CARTESIAN_POINT('',(30.245,232.911,14.5));
#12289=CARTESIAN_POINT('',(30.245,232.911,14.5));
#12290=CARTESIAN_POINT('',(16.2457,232.911,14.5));
#12291=CARTESIAN_POINT('',(16.2457,232.911,14.5));
#12292=CARTESIAN_POINT('',(16.2457,218.911,14.5));
#12293=CARTESIAN_POINT('',(154.358,161.7606,14.5));
#12294=CARTESIAN_POINT('',(168.357,161.7606,14.5));
#12295=CARTESIAN_POINT('',(168.357,161.7606,14.5));
#12296=CARTESIAN_POINT('',(168.357,175.7598,14.5));
#12297=CARTESIAN_POINT('',(168.357,175.7598,14.5));
#12298=CARTESIAN_POINT('',(154.358,175.7598,14.5));
#12299=CARTESIAN_POINT('',(154.358,175.7598,14.5));
#12300=CARTESIAN_POINT('',(154.358,161.7606,14.5));
#12301=CARTESIAN_POINT('',(59.1082,161.7606,14.5));
#12302=CARTESIAN_POINT('',(73.107,161.7606,14.5));
#12303=CARTESIAN_POINT('',(73.107,161.7606,14.5));
#12304=CARTESIAN_POINT('',(73.107,175.7598,14.5));
#12305=CARTESIAN_POINT('',(73.107,175.7598,14.5));
#12306=CARTESIAN_POINT('',(59.1082,175.7598,14.5));
#12307=CARTESIAN_POINT('',(59.1082,175.7598,14.5));
#12308=CARTESIAN_POINT('',(59.1082,161.7606,14.5));
#12309=CARTESIAN_POINT('',(192.458,161.7606,14.5));
#12310=CARTESIAN_POINT('',(206.457,161.7606,14.5));
#12311=CARTESIAN_POINT('',(206.457,161.7606,14.5));
#12312=CARTESIAN_POINT('',(206.457,175.7598,14.5));
#12313=CARTESIAN_POINT('',(206.457,175.7598,14.5));
#12314=CARTESIAN_POINT('',(192.458,175.7598,14.5));
#12315=CARTESIAN_POINT('',(192.458,175.7598,14.5));
#12316=CARTESIAN_POINT('',(192.458,161.7606,14.5));
#12317=CARTESIAN_POINT('',(-2.80429999999999,180.8106,14.5));
#12318=CARTESIAN_POINT('',(11.195,180.8106,14.5));
#12319=CARTESIAN_POINT('',(11.195,180.8106,14.5));
#12320=CARTESIAN_POINT('',(11.195,194.8098,14.5));
#12321=CARTESIAN_POINT('',(11.195,194.8098,14.5));
#12322=CARTESIAN_POINT('',(-2.80429999999999,194.8098,14.5));
#12323=CARTESIAN_POINT('',(-2.8043,194.8098,14.5));
#12324=CARTESIAN_POINT('',(-2.8043,180.8106,14.5));
#12325=CARTESIAN_POINT('',(159.121,199.8606,14.5));
#12326=CARTESIAN_POINT('',(173.12,199.8606,14.5));
#12327=CARTESIAN_POINT('',(173.12,199.8606,14.5));
#12328=CARTESIAN_POINT('',(173.12,213.8599,14.5));
#12329=CARTESIAN_POINT('',(173.12,213.8599,14.5));
#12330=CARTESIAN_POINT('',(159.121,213.8599,14.5));
#12331=CARTESIAN_POINT('',(159.121,213.8599,14.5));
#12332=CARTESIAN_POINT('',(159.121,199.8606,14.5));
#12333=CARTESIAN_POINT('',(121.021,199.8606,14.5));
#12334=CARTESIAN_POINT('',(135.02,199.8606,14.5));
#12335=CARTESIAN_POINT('',(135.02,199.8606,14.5));
#12336=CARTESIAN_POINT('',(135.02,213.8599,14.5));
#12337=CARTESIAN_POINT('',(135.02,213.8599,14.5));
#12338=CARTESIAN_POINT('',(121.021,213.8599,14.5));
#12339=CARTESIAN_POINT('',(121.021,213.8599,14.5));
#12340=CARTESIAN_POINT('',(121.021,199.8606,14.5));
#12341=CARTESIAN_POINT('',(263.896,199.8606,14.5));
#12342=CARTESIAN_POINT('',(277.895,199.8606,14.5));
#12343=CARTESIAN_POINT('',(277.895,199.8606,14.5));
#12344=CARTESIAN_POINT('',(277.895,213.8599,14.5));
#12345=CARTESIAN_POINT('',(277.895,213.8599,14.5));
#12346=CARTESIAN_POINT('',(263.896,213.8599,14.5));
#12347=CARTESIAN_POINT('',(263.896,213.8599,14.5));
#12348=CARTESIAN_POINT('',(263.896,199.8606,14.5));
#12349=CARTESIAN_POINT('',(101.971,199.8606,14.5));
#12350=CARTESIAN_POINT('',(115.97,199.8606,14.5));
#12351=CARTESIAN_POINT('',(115.97,199.8606,14.5));
#12352=CARTESIAN_POINT('',(115.97,213.8599,14.5));
#12353=CARTESIAN_POINT('',(115.97,213.8599,14.5));
#12354=CARTESIAN_POINT('',(101.971,213.8599,14.5));
#12355=CARTESIAN_POINT('',(101.971,213.8599,14.5));
#12356=CARTESIAN_POINT('',(101.971,199.8606,14.5));
#12357=CARTESIAN_POINT('',(63.869,199.8606,14.5));
#12358=CARTESIAN_POINT('',(77.87,199.8606,14.5));
#12359=CARTESIAN_POINT('',(77.87,199.8606,14.5));
#12360=CARTESIAN_POINT('',(77.87,213.8599,14.5));
#12361=CARTESIAN_POINT('',(77.87,213.8599,14.5));
#12362=CARTESIAN_POINT('',(63.869,213.8599,14.5));
#12363=CARTESIAN_POINT('',(63.869,213.8599,14.5));
#12364=CARTESIAN_POINT('',(63.869,199.8606,14.5));
#12365=CARTESIAN_POINT('',(-31.38081,199.8606,14.5));
#12366=CARTESIAN_POINT('',(-17.3799,199.8606,14.5));
#12367=CARTESIAN_POINT('',(-17.3799,199.8606,14.5));
#12368=CARTESIAN_POINT('',(-17.3799,213.8599,14.5));
#12369=CARTESIAN_POINT('',(-17.3799,213.8599,14.5));
#12370=CARTESIAN_POINT('',(-31.38081,213.8599,14.5));
#12371=CARTESIAN_POINT('',(-31.38081,213.8599,14.5));
#12372=CARTESIAN_POINT('',(-31.38081,199.8606,14.5));
#12373=CARTESIAN_POINT('',(168.646,123.6605,14.5));
#12374=CARTESIAN_POINT('',(182.645,123.6605,14.5));
#12375=CARTESIAN_POINT('',(182.645,123.6605,14.5));
#12376=CARTESIAN_POINT('',(182.645,137.6614,14.5));
#12377=CARTESIAN_POINT('',(182.645,137.6614,14.5));
#12378=CARTESIAN_POINT('',(168.646,137.6614,14.5));
#12379=CARTESIAN_POINT('',(168.646,137.6614,14.5));
#12380=CARTESIAN_POINT('',(168.646,123.6605,14.5));
#12381=CARTESIAN_POINT('',(73.396,218.911,14.5));
#12382=CARTESIAN_POINT('',(87.395,218.911,14.5));
#12383=CARTESIAN_POINT('',(87.395,218.911,14.5));
#12384=CARTESIAN_POINT('',(87.395,232.911,14.5));
#12385=CARTESIAN_POINT('',(87.395,232.911,14.5));
#12386=CARTESIAN_POINT('',(73.396,232.911,14.5));
#12387=CARTESIAN_POINT('',(73.396,232.911,14.5));
#12388=CARTESIAN_POINT('',(73.396,218.911,14.5));
#12389=CARTESIAN_POINT('',(130.546,218.911,14.5));
#12390=CARTESIAN_POINT('',(144.545,218.911,14.5));
#12391=CARTESIAN_POINT('',(144.545,218.911,14.5));
#12392=CARTESIAN_POINT('',(144.545,232.911,14.5));
#12393=CARTESIAN_POINT('',(144.545,232.911,14.5));
#12394=CARTESIAN_POINT('',(130.546,232.911,14.5));
#12395=CARTESIAN_POINT('',(130.546,232.911,14.5));
#12396=CARTESIAN_POINT('',(130.546,218.911,14.5));
#12397=CARTESIAN_POINT('',(225.796,142.7105,14.5));
#12398=CARTESIAN_POINT('',(239.795,142.7105,14.5));
#12399=CARTESIAN_POINT('',(239.795,142.7105,14.5));
#12400=CARTESIAN_POINT('',(239.795,156.7099,14.5));
#12401=CARTESIAN_POINT('',(239.795,156.7099,14.5));
#12402=CARTESIAN_POINT('',(225.796,156.7099,14.5));
#12403=CARTESIAN_POINT('',(225.796,156.7099,14.5));
#12404=CARTESIAN_POINT('',(225.796,142.7105,14.5));
#12405=CARTESIAN_POINT('',(-24.2371,161.7606,14.5));
#12406=CARTESIAN_POINT('',(-10.2362,161.7606,14.5));
#12407=CARTESIAN_POINT('',(-10.2362,161.7606,14.5));
#12408=CARTESIAN_POINT('',(-10.2362,175.7598,14.5));
#12409=CARTESIAN_POINT('',(-10.2362,175.7598,14.5));
#12410=CARTESIAN_POINT('',(-24.2371,175.7598,14.5));
#12411=CARTESIAN_POINT('',(-24.2371,175.7598,14.5));
#12412=CARTESIAN_POINT('',(-24.2371,161.7606,14.5));
#12413=CARTESIAN_POINT('',(106.733,142.7105,14.5));
#12414=CARTESIAN_POINT('',(120.732,142.7105,14.5));
#12415=CARTESIAN_POINT('',(120.732,142.7105,14.5));
#12416=CARTESIAN_POINT('',(120.732,156.7099,14.5));
#12417=CARTESIAN_POINT('',(120.732,156.7099,14.5));
#12418=CARTESIAN_POINT('',(106.733,156.7099,14.5));
#12419=CARTESIAN_POINT('',(106.733,156.7099,14.5));
#12420=CARTESIAN_POINT('',(106.733,142.7105,14.5));
#12421=CARTESIAN_POINT('',(11.4832,142.7105,14.5));
#12422=CARTESIAN_POINT('',(25.4825,142.7105,14.5));
#12423=CARTESIAN_POINT('',(25.4825,142.7105,14.5));
#12424=CARTESIAN_POINT('',(25.4825,156.7099,14.5));
#12425=CARTESIAN_POINT('',(25.4825,156.7099,14.5));
#12426=CARTESIAN_POINT('',(11.4832,156.7099,14.5));
#12427=CARTESIAN_POINT('',(11.4832,156.7099,14.5));
#12428=CARTESIAN_POINT('',(11.4832,142.7105,14.5));
#12429=CARTESIAN_POINT('',(49.5832,142.7105,14.5));
#12430=CARTESIAN_POINT('',(63.582,142.7105,14.5));
#12431=CARTESIAN_POINT('',(63.582,142.7105,14.5));
#12432=CARTESIAN_POINT('',(63.582,156.7099,14.5));
#12433=CARTESIAN_POINT('',(63.582,156.7099,14.5));
#12434=CARTESIAN_POINT('',(49.5832,156.7099,14.5));
#12435=CARTESIAN_POINT('',(49.5832,156.7099,14.5));
#12436=CARTESIAN_POINT('',(49.5832,142.7105,14.5));
#12437=CARTESIAN_POINT('',(30.5332,142.7105,14.5));
#12438=CARTESIAN_POINT('',(44.5325,142.7105,14.5));
#12439=CARTESIAN_POINT('',(44.5325,142.7105,14.5));
#12440=CARTESIAN_POINT('',(44.5325,156.7099,14.5));
#12441=CARTESIAN_POINT('',(44.5325,156.7099,14.5));
#12442=CARTESIAN_POINT('',(30.5332,156.7099,14.5));
#12443=CARTESIAN_POINT('',(30.5332,156.7099,14.5));
#12444=CARTESIAN_POINT('',(30.5332,142.7105,14.5));
#12445=CARTESIAN_POINT('',(1.95820000000001,161.7606,14.5));
#12446=CARTESIAN_POINT('',(15.9575,161.7606,14.5));
#12447=CARTESIAN_POINT('',(15.9575,161.7606,14.5));
#12448=CARTESIAN_POINT('',(15.9575,175.7598,14.5));
#12449=CARTESIAN_POINT('',(15.9575,175.7598,14.5));
#12450=CARTESIAN_POINT('',(1.95820000000001,175.7598,14.5));
#12451=CARTESIAN_POINT('',(1.9582,175.7598,14.5));
#12452=CARTESIAN_POINT('',(1.9582,161.7606,14.5));
#12453=CARTESIAN_POINT('',(97.208,161.7606,14.5));
#12454=CARTESIAN_POINT('',(111.207,161.7606,14.5));
#12455=CARTESIAN_POINT('',(111.207,161.7606,14.5));
#12456=CARTESIAN_POINT('',(111.207,175.7598,14.5));
#12457=CARTESIAN_POINT('',(111.207,175.7598,14.5));
#12458=CARTESIAN_POINT('',(97.208,175.7598,14.5));
#12459=CARTESIAN_POINT('',(97.208,175.7598,14.5));
#12460=CARTESIAN_POINT('',(97.208,161.7606,14.5));
#12461=CARTESIAN_POINT('',(163.883,142.7105,14.5));
#12462=CARTESIAN_POINT('',(177.882,142.7105,14.5));
#12463=CARTESIAN_POINT('',(177.882,142.7105,14.5));
#12464=CARTESIAN_POINT('',(177.882,156.7099,14.5));
#12465=CARTESIAN_POINT('',(177.882,156.7099,14.5));
#12466=CARTESIAN_POINT('',(163.883,156.7099,14.5));
#12467=CARTESIAN_POINT('',(163.883,156.7099,14.5));
#12468=CARTESIAN_POINT('',(163.883,142.7105,14.5));
#12469=CARTESIAN_POINT('',(6.72070000000001,123.6605,14.5));
#12470=CARTESIAN_POINT('',(20.72,123.6605,14.5));
#12471=CARTESIAN_POINT('',(20.72,123.6605,14.5));
#12472=CARTESIAN_POINT('',(20.72,137.6614,14.5));
#12473=CARTESIAN_POINT('',(20.72,137.6614,14.5));
#12474=CARTESIAN_POINT('',(6.72070000000001,137.6614,14.5));
#12475=CARTESIAN_POINT('',(6.7207,137.6614,14.5));
#12476=CARTESIAN_POINT('',(6.7207,123.6605,14.5));
#12477=CARTESIAN_POINT('',(244.846,123.6605,14.5));
#12478=CARTESIAN_POINT('',(258.845,123.6605,14.5));
#12479=CARTESIAN_POINT('',(258.845,123.6605,14.5));
#12480=CARTESIAN_POINT('',(258.845,137.6614,14.5));
#12481=CARTESIAN_POINT('',(258.845,137.6614,14.5));
#12482=CARTESIAN_POINT('',(244.846,137.6614,14.5));
#12483=CARTESIAN_POINT('',(244.846,137.6614,14.5));
#12484=CARTESIAN_POINT('',(244.846,123.6605,14.5));
#12485=CARTESIAN_POINT('',(-12.3294,123.6605,14.5));
#12486=CARTESIAN_POINT('',(1.67000000000002,123.6605,14.5));
#12487=CARTESIAN_POINT('',(1.67,123.6605,14.5));
#12488=CARTESIAN_POINT('',(1.67000000000002,137.6614,14.5));
#12489=CARTESIAN_POINT('',(1.67,137.6614,14.5));
#12490=CARTESIAN_POINT('',(-12.3294,137.6614,14.5));
#12491=CARTESIAN_POINT('',(-12.3294,137.6614,14.5));
#12492=CARTESIAN_POINT('',(-12.3294,123.6605,14.5));
#12493=CARTESIAN_POINT('',(147.213,123.6605,14.5));
#12494=CARTESIAN_POINT('',(161.214,123.6605,14.5));
#12495=CARTESIAN_POINT('',(161.214,123.6605,14.5));
#12496=CARTESIAN_POINT('',(161.214,137.6614,14.5));
#12497=CARTESIAN_POINT('',(161.214,137.6614,14.5));
#12498=CARTESIAN_POINT('',(147.213,137.6614,14.5));
#12499=CARTESIAN_POINT('',(147.213,137.6614,14.5));
#12500=CARTESIAN_POINT('',(147.213,123.6605,14.5));
#12501=CARTESIAN_POINT('',(149.596,180.8106,14.5));
#12502=CARTESIAN_POINT('',(163.595,180.8106,14.5));
#12503=CARTESIAN_POINT('',(163.595,180.8106,14.5));
#12504=CARTESIAN_POINT('',(163.595,194.8098,14.5));
#12505=CARTESIAN_POINT('',(163.595,194.8098,14.5));
#12506=CARTESIAN_POINT('',(149.596,194.8098,14.5));
#12507=CARTESIAN_POINT('',(149.596,194.8098,14.5));
#12508=CARTESIAN_POINT('',(149.596,180.8106,14.5));
#12509=CARTESIAN_POINT('',(187.696,123.6605,14.5));
#12510=CARTESIAN_POINT('',(201.695,123.6605,14.5));
#12511=CARTESIAN_POINT('',(201.695,123.6605,14.5));
#12512=CARTESIAN_POINT('',(201.695,137.6614,14.5));
#12513=CARTESIAN_POINT('',(201.695,137.6614,14.5));
#12514=CARTESIAN_POINT('',(187.696,137.6614,14.5));
#12515=CARTESIAN_POINT('',(187.696,137.6614,14.5));
#12516=CARTESIAN_POINT('',(187.696,123.6605,14.5));
#12517=CARTESIAN_POINT('',(6.72070000000001,199.8606,14.5));
#12518=CARTESIAN_POINT('',(20.72,199.8606,14.5));
#12519=CARTESIAN_POINT('',(20.72,199.8606,14.5));
#12520=CARTESIAN_POINT('',(20.72,213.8599,14.5));
#12521=CARTESIAN_POINT('',(20.72,213.8599,14.5));
#12522=CARTESIAN_POINT('',(6.72070000000001,213.8599,14.5));
#12523=CARTESIAN_POINT('',(6.7207,213.8599,14.5));
#12524=CARTESIAN_POINT('',(6.7207,199.8606,14.5));
#12525=CARTESIAN_POINT('',(187.696,180.8106,14.5));
#12526=CARTESIAN_POINT('',(201.695,180.8106,14.5));
#12527=CARTESIAN_POINT('',(201.695,180.8106,14.5));
#12528=CARTESIAN_POINT('',(201.695,194.8098,14.5));
#12529=CARTESIAN_POINT('',(201.695,194.8098,14.5));
#12530=CARTESIAN_POINT('',(187.696,194.8098,14.5));
#12531=CARTESIAN_POINT('',(187.696,194.8098,14.5));
#12532=CARTESIAN_POINT('',(187.696,180.8106,14.5));
#12533=CARTESIAN_POINT('',(25.7707,199.8606,14.5));
#12534=CARTESIAN_POINT('',(39.77,199.8606,14.5));
#12535=CARTESIAN_POINT('',(39.77,199.8606,14.5));
#12536=CARTESIAN_POINT('',(39.77,213.8599,14.5));
#12537=CARTESIAN_POINT('',(39.77,213.8599,14.5));
#12538=CARTESIAN_POINT('',(25.7707,213.8599,14.5));
#12539=CARTESIAN_POINT('',(25.7707,213.8599,14.5));
#12540=CARTESIAN_POINT('',(25.7707,199.8606,14.5));
#12541=CARTESIAN_POINT('',(244.846,218.911,14.5));
#12542=CARTESIAN_POINT('',(258.845,218.911,14.5));
#12543=CARTESIAN_POINT('',(258.845,218.911,14.5));
#12544=CARTESIAN_POINT('',(258.845,232.911,14.5));
#12545=CARTESIAN_POINT('',(258.845,232.911,14.5));
#12546=CARTESIAN_POINT('',(244.846,232.911,14.5));
#12547=CARTESIAN_POINT('',(244.846,232.911,14.5));
#12548=CARTESIAN_POINT('',(244.846,218.911,14.5));
#12549=CARTESIAN_POINT('',(187.696,218.911,14.5));
#12550=CARTESIAN_POINT('',(201.695,218.911,14.5));
#12551=CARTESIAN_POINT('',(201.695,218.911,14.5));
#12552=CARTESIAN_POINT('',(201.695,232.911,14.5));
#12553=CARTESIAN_POINT('',(201.695,232.911,14.5));
#12554=CARTESIAN_POINT('',(187.696,232.911,14.5));
#12555=CARTESIAN_POINT('',(187.696,232.911,14.5));
#12556=CARTESIAN_POINT('',(187.696,218.911,14.5));
#12557=CARTESIAN_POINT('',(263.896,218.911,14.5));
#12558=CARTESIAN_POINT('',(277.895,218.911,14.5));
#12559=CARTESIAN_POINT('',(277.895,218.911,14.5));
#12560=CARTESIAN_POINT('',(277.895,232.911,14.5));
#12561=CARTESIAN_POINT('',(277.895,232.911,14.5));
#12562=CARTESIAN_POINT('',(263.896,232.911,14.5));
#12563=CARTESIAN_POINT('',(263.896,232.911,14.5));
#12564=CARTESIAN_POINT('',(263.896,218.911,14.5));
#12565=CARTESIAN_POINT('',(111.496,180.8106,14.5));
#12566=CARTESIAN_POINT('',(125.495,180.8106,14.5));
#12567=CARTESIAN_POINT('',(125.495,180.8106,14.5));
#12568=CARTESIAN_POINT('',(125.495,194.8098,14.5));
#12569=CARTESIAN_POINT('',(125.495,194.8098,14.5));
#12570=CARTESIAN_POINT('',(111.496,194.8098,14.5));
#12571=CARTESIAN_POINT('',(111.496,194.8098,14.5));
#12572=CARTESIAN_POINT('',(111.496,180.8106,14.5));
#12573=CARTESIAN_POINT('',(218.652,161.7606,14.5));
#12574=CARTESIAN_POINT('',(232.651,161.7606,14.5));
#12575=CARTESIAN_POINT('',(232.651,161.7606,14.5));
#12576=CARTESIAN_POINT('',(232.651,175.7598,14.5));
#12577=CARTESIAN_POINT('',(232.651,175.7598,14.5));
#12578=CARTESIAN_POINT('',(218.652,175.7598,14.5));
#12579=CARTESIAN_POINT('',(218.652,175.7598,14.5));
#12580=CARTESIAN_POINT('',(218.652,161.7606,14.5));
#12581=CARTESIAN_POINT('',(225.796,123.6605,14.5));
#12582=CARTESIAN_POINT('',(239.795,123.6605,14.5));
#12583=CARTESIAN_POINT('',(239.795,123.6605,14.5));
#12584=CARTESIAN_POINT('',(239.795,137.6614,14.5));
#12585=CARTESIAN_POINT('',(239.795,137.6614,14.5));
#12586=CARTESIAN_POINT('',(225.796,137.6614,14.5));
#12587=CARTESIAN_POINT('',(225.796,137.6614,14.5));
#12588=CARTESIAN_POINT('',(225.796,123.6605,14.5));
#12589=CARTESIAN_POINT('',(16.2457,180.8106,14.5));
#12590=CARTESIAN_POINT('',(30.245,180.8106,14.5));
#12591=CARTESIAN_POINT('',(30.245,180.8106,14.5));
#12592=CARTESIAN_POINT('',(30.245,194.8098,14.5));
#12593=CARTESIAN_POINT('',(30.245,194.8098,14.5));
#12594=CARTESIAN_POINT('',(16.2457,194.8098,14.5));
#12595=CARTESIAN_POINT('',(16.2457,194.8098,14.5));
#12596=CARTESIAN_POINT('',(16.2457,180.8106,14.5));
#12597=CARTESIAN_POINT('',(-12.3294,199.8606,14.5));
#12598=CARTESIAN_POINT('',(1.67000000000002,199.8606,14.5));
#12599=CARTESIAN_POINT('',(1.67,199.8606,14.5));
#12600=CARTESIAN_POINT('',(1.67000000000002,213.8599,14.5));
#12601=CARTESIAN_POINT('',(1.67,213.8599,14.5));
#12602=CARTESIAN_POINT('',(-12.3294,213.8599,14.5));
#12603=CARTESIAN_POINT('',(-12.3294,213.8599,14.5));
#12604=CARTESIAN_POINT('',(-12.3294,199.8606,14.5));
#12605=CARTESIAN_POINT('',(130.546,180.8106,14.5));
#12606=CARTESIAN_POINT('',(144.545,180.8106,14.5));
#12607=CARTESIAN_POINT('',(144.545,180.8106,14.5));
#12608=CARTESIAN_POINT('',(144.545,194.8098,14.5));
#12609=CARTESIAN_POINT('',(144.545,194.8098,14.5));
#12610=CARTESIAN_POINT('',(130.546,194.8098,14.5));
#12611=CARTESIAN_POINT('',(130.546,194.8098,14.5));
#12612=CARTESIAN_POINT('',(130.546,180.8106,14.5));
#12613=CARTESIAN_POINT('',(206.746,180.8106,14.5));
#12614=CARTESIAN_POINT('',(220.745,180.8106,14.5));
#12615=CARTESIAN_POINT('',(220.745,180.8106,14.5));
#12616=CARTESIAN_POINT('',(220.745,194.8098,14.5));
#12617=CARTESIAN_POINT('',(220.745,194.8098,14.5));
#12618=CARTESIAN_POINT('',(206.746,194.8098,14.5));
#12619=CARTESIAN_POINT('',(206.746,194.8098,14.5));
#12620=CARTESIAN_POINT('',(206.746,180.8106,14.5));
#12621=CARTESIAN_POINT('',(78.158,161.7606,14.5));
#12622=CARTESIAN_POINT('',(92.157,161.7606,14.5));
#12623=CARTESIAN_POINT('',(92.157,161.7606,14.5));
#12624=CARTESIAN_POINT('',(92.157,175.7598,14.5));
#12625=CARTESIAN_POINT('',(92.157,175.7598,14.5));
#12626=CARTESIAN_POINT('',(78.158,175.7598,14.5));
#12627=CARTESIAN_POINT('',(78.158,175.7598,14.5));
#12628=CARTESIAN_POINT('',(78.158,161.7606,14.5));
#12629=CARTESIAN_POINT('',(135.308,161.7606,14.5));
#12630=CARTESIAN_POINT('',(149.307,161.7606,14.5));
#12631=CARTESIAN_POINT('',(149.307,161.7606,14.5));
#12632=CARTESIAN_POINT('',(149.307,175.7598,14.5));
#12633=CARTESIAN_POINT('',(149.307,175.7598,14.5));
#12634=CARTESIAN_POINT('',(135.308,175.7598,14.5));
#12635=CARTESIAN_POINT('',(135.308,175.7598,14.5));
#12636=CARTESIAN_POINT('',(135.308,161.7606,14.5));
#12637=CARTESIAN_POINT('',(116.258,161.7606,14.5));
#12638=CARTESIAN_POINT('',(130.257,161.7606,14.5));
#12639=CARTESIAN_POINT('',(130.257,161.7606,14.5));
#12640=CARTESIAN_POINT('',(130.257,175.7598,14.5));
#12641=CARTESIAN_POINT('',(130.257,175.7598,14.5));
#12642=CARTESIAN_POINT('',(116.258,175.7598,14.5));
#12643=CARTESIAN_POINT('',(116.258,175.7598,14.5));
#12644=CARTESIAN_POINT('',(116.258,161.7606,14.5));
#12645=CARTESIAN_POINT('',(54.3457,180.8106,14.5));
#12646=CARTESIAN_POINT('',(68.345,180.8106,14.5));
#12647=CARTESIAN_POINT('',(68.345,180.8106,14.5));
#12648=CARTESIAN_POINT('',(68.345,194.8098,14.5));
#12649=CARTESIAN_POINT('',(68.345,194.8098,14.5));
#12650=CARTESIAN_POINT('',(54.3457,194.8098,14.5));
#12651=CARTESIAN_POINT('',(54.3457,194.8098,14.5));
#12652=CARTESIAN_POINT('',(54.3457,180.8106,14.5));
#12653=CARTESIAN_POINT('',(168.646,218.911,14.5));
#12654=CARTESIAN_POINT('',(182.645,218.911,14.5));
#12655=CARTESIAN_POINT('',(182.645,218.911,14.5));
#12656=CARTESIAN_POINT('',(182.645,232.911,14.5));
#12657=CARTESIAN_POINT('',(182.645,232.911,14.5));
#12658=CARTESIAN_POINT('',(168.646,232.911,14.5));
#12659=CARTESIAN_POINT('',(168.646,232.911,14.5));
#12660=CARTESIAN_POINT('',(168.646,218.911,14.5));
#12661=CARTESIAN_POINT('',(206.746,218.911,14.5));
#12662=CARTESIAN_POINT('',(220.745,218.911,14.5));
#12663=CARTESIAN_POINT('',(220.745,218.911,14.5));
#12664=CARTESIAN_POINT('',(220.745,232.911,14.5));
#12665=CARTESIAN_POINT('',(220.745,232.911,14.5));
#12666=CARTESIAN_POINT('',(206.746,232.911,14.5));
#12667=CARTESIAN_POINT('',(206.746,232.911,14.5));
#12668=CARTESIAN_POINT('',(206.746,218.911,14.5));
#12669=CARTESIAN_POINT('',(225.796,218.911,14.5));
#12670=CARTESIAN_POINT('',(239.795,218.911,14.5));
#12671=CARTESIAN_POINT('',(239.795,218.911,14.5));
#12672=CARTESIAN_POINT('',(239.795,232.911,14.5));
#12673=CARTESIAN_POINT('',(239.795,232.911,14.5));
#12674=CARTESIAN_POINT('',(225.796,232.911,14.5));
#12675=CARTESIAN_POINT('',(225.796,232.911,14.5));
#12676=CARTESIAN_POINT('',(225.796,218.911,14.5));
#12677=CARTESIAN_POINT('',(35.2957,218.911,14.5));
#12678=CARTESIAN_POINT('',(49.295,218.911,14.5));
#12679=CARTESIAN_POINT('',(49.295,218.911,14.5));
#12680=CARTESIAN_POINT('',(49.295,232.911,14.5));
#12681=CARTESIAN_POINT('',(49.295,232.911,14.5));
#12682=CARTESIAN_POINT('',(35.2957,232.911,14.5));
#12683=CARTESIAN_POINT('',(35.2957,232.911,14.5));
#12684=CARTESIAN_POINT('',(35.2957,218.911,14.5));
#12685=CARTESIAN_POINT('',(244.846,199.8606,14.5));
#12686=CARTESIAN_POINT('',(258.845,199.8606,14.5));
#12687=CARTESIAN_POINT('',(258.845,199.8606,14.5));
#12688=CARTESIAN_POINT('',(258.845,213.8599,14.5));
#12689=CARTESIAN_POINT('',(258.845,213.8599,14.5));
#12690=CARTESIAN_POINT('',(244.846,213.8599,14.5));
#12691=CARTESIAN_POINT('',(244.846,213.8599,14.5));
#12692=CARTESIAN_POINT('',(244.846,199.8606,14.5));
#12693=CARTESIAN_POINT('',(92.446,218.911,14.5));
#12694=CARTESIAN_POINT('',(106.445,218.911,14.5));
#12695=CARTESIAN_POINT('',(106.445,218.911,14.5));
#12696=CARTESIAN_POINT('',(106.445,232.911,14.5));
#12697=CARTESIAN_POINT('',(106.445,232.911,14.5));
#12698=CARTESIAN_POINT('',(92.446,232.911,14.5));
#12699=CARTESIAN_POINT('',(92.446,232.911,14.5));
#12700=CARTESIAN_POINT('',(92.446,218.911,14.5));
#12701=CARTESIAN_POINT('',(197.221,199.8606,14.5));
#12702=CARTESIAN_POINT('',(211.22,199.8606,14.5));
#12703=CARTESIAN_POINT('',(211.22,199.8606,14.5));
#12704=CARTESIAN_POINT('',(211.22,213.8599,14.5));
#12705=CARTESIAN_POINT('',(211.22,213.8599,14.5));
#12706=CARTESIAN_POINT('',(197.221,213.8599,14.5));
#12707=CARTESIAN_POINT('',(197.221,213.8599,14.5));
#12708=CARTESIAN_POINT('',(197.221,199.8606,14.5));
#12709=CARTESIAN_POINT('',(173.408,161.7606,14.5));
#12710=CARTESIAN_POINT('',(187.407,161.7606,14.5));
#12711=CARTESIAN_POINT('',(187.407,161.7606,14.5));
#12712=CARTESIAN_POINT('',(187.407,175.7598,14.5));
#12713=CARTESIAN_POINT('',(187.407,175.7598,14.5));
#12714=CARTESIAN_POINT('',(173.408,175.7598,14.5));
#12715=CARTESIAN_POINT('',(173.408,175.7598,14.5));
#12716=CARTESIAN_POINT('',(173.408,161.7606,14.5));
#12717=CARTESIAN_POINT('',(206.746,123.6605,14.5));
#12718=CARTESIAN_POINT('',(220.745,123.6605,14.5));
#12719=CARTESIAN_POINT('',(220.745,123.6605,14.5));
#12720=CARTESIAN_POINT('',(220.745,137.6614,14.5));
#12721=CARTESIAN_POINT('',(220.745,137.6614,14.5));
#12722=CARTESIAN_POINT('',(206.746,137.6614,14.5));
#12723=CARTESIAN_POINT('',(206.746,137.6614,14.5));
#12724=CARTESIAN_POINT('',(206.746,123.6605,14.5));
#12725=CARTESIAN_POINT('',(168.646,180.8106,14.5));
#12726=CARTESIAN_POINT('',(182.645,180.8106,14.5));
#12727=CARTESIAN_POINT('',(182.645,180.8106,14.5));
#12728=CARTESIAN_POINT('',(182.645,194.8098,14.5));
#12729=CARTESIAN_POINT('',(182.645,194.8098,14.5));
#12730=CARTESIAN_POINT('',(168.646,194.8098,14.5));
#12731=CARTESIAN_POINT('',(168.646,194.8098,14.5));
#12732=CARTESIAN_POINT('',(168.646,180.8106,14.5));
#12733=CARTESIAN_POINT('',(40.0582,161.7606,14.5));
#12734=CARTESIAN_POINT('',(54.0575,161.7606,14.5));
#12735=CARTESIAN_POINT('',(54.0575,161.7606,14.5));
#12736=CARTESIAN_POINT('',(54.0575,175.7598,14.5));
#12737=CARTESIAN_POINT('',(54.0575,175.7598,14.5));
#12738=CARTESIAN_POINT('',(40.0582,175.7598,14.5));
#12739=CARTESIAN_POINT('',(40.0582,175.7598,14.5));
#12740=CARTESIAN_POINT('',(40.0582,161.7606,14.5));
#12741=CARTESIAN_POINT('',(28.152,123.6605,14.5));
#12742=CARTESIAN_POINT('',(42.1512,123.6605,14.5));
#12743=CARTESIAN_POINT('',(42.1512,123.6605,14.5));
#12744=CARTESIAN_POINT('',(42.1512,137.6614,14.5));
#12745=CARTESIAN_POINT('',(42.1512,137.6614,14.5));
#12746=CARTESIAN_POINT('',(28.152,137.6614,14.5));
#12747=CARTESIAN_POINT('',(28.152,137.6614,14.5));
#12748=CARTESIAN_POINT('',(28.152,123.6605,14.5));
#12749=CARTESIAN_POINT('',(87.683,142.7105,14.5));
#12750=CARTESIAN_POINT('',(101.682,142.7105,14.5));
#12751=CARTESIAN_POINT('',(101.682,142.7105,14.5));
#12752=CARTESIAN_POINT('',(101.682,156.7099,14.5));
#12753=CARTESIAN_POINT('',(101.682,156.7099,14.5));
#12754=CARTESIAN_POINT('',(87.683,156.7099,14.5));
#12755=CARTESIAN_POINT('',(87.683,156.7099,14.5));
#12756=CARTESIAN_POINT('',(87.683,142.7105,14.5));
#12757=CARTESIAN_POINT('',(-26.6169,180.8106,14.5));
#12758=CARTESIAN_POINT('',(-12.6174,180.8106,14.5));
#12759=CARTESIAN_POINT('',(-12.6174,180.8106,14.5));
#12760=CARTESIAN_POINT('',(-12.6174,194.8098,14.5));
#12761=CARTESIAN_POINT('',(-12.6174,194.8098,14.5));
#12762=CARTESIAN_POINT('',(-26.6169,194.8098,14.5));
#12763=CARTESIAN_POINT('',(-26.6169,194.8098,14.5));
#12764=CARTESIAN_POINT('',(-26.6169,180.8106,14.5));
#12765=CARTESIAN_POINT('',(-5.47370000000001,156.7099,14.5));
#12766=CARTESIAN_POINT('',(-19.4732,156.7099,14.5));
#12767=CARTESIAN_POINT('',(-5.4737,156.7099,14.5));
#12768=CARTESIAN_POINT('',(-19.4732,152.0094,14.5));
#12769=CARTESIAN_POINT('',(-19.4732,156.7099,14.5));
#12770=CARTESIAN_POINT('',(-20.9987,152.0094,14.5));
#12771=CARTESIAN_POINT('',(-19.4732,152.0094,14.5));
#12772=CARTESIAN_POINT('',(-20.9987,155.2395,14.5));
#12773=CARTESIAN_POINT('',(-20.9987,152.0094,14.5));
#12774=CARTESIAN_POINT('',(-22.724,155.2395,14.5));
#12775=CARTESIAN_POINT('',(-20.9987,155.2395,14.5));
#12776=CARTESIAN_POINT('',(-22.724,156.1616,14.5));
#12777=CARTESIAN_POINT('',(-22.724,155.2395,14.5));
#12778=CARTESIAN_POINT('',(-26.023,156.1616,14.5));
#12779=CARTESIAN_POINT('',(-22.724,156.1616,14.5));
#12780=CARTESIAN_POINT('',(-26.023,155.2395,14.5));
#12781=CARTESIAN_POINT('',(-26.023,156.1616,14.5));
#12782=CARTESIAN_POINT('',(-27.7497,155.2395,14.5));
#12783=CARTESIAN_POINT('',(-26.023,155.2395,14.5));
#12784=CARTESIAN_POINT('',(-27.7497,152.0094,14.5));
#12785=CARTESIAN_POINT('',(-27.7497,155.2395,14.5));
#12786=CARTESIAN_POINT('',(-28.5738,152.0094,14.5));
#12787=CARTESIAN_POINT('',(-27.7497,152.0094,14.5));
#12788=CARTESIAN_POINT('',(-28.5738,149.2107,14.5));
#12789=CARTESIAN_POINT('',(-28.5738,152.0094,14.5));
#12790=CARTESIAN_POINT('',(-27.7497,149.2107,14.5));
#12791=CARTESIAN_POINT('',(-28.5738,149.2107,14.5));
#12792=CARTESIAN_POINT('',(-27.7497,142.9407,14.5));
#12793=CARTESIAN_POINT('',(-27.7497,149.2107,14.5));
#12794=CARTESIAN_POINT('',(-26.023,142.9407,14.5));
#12795=CARTESIAN_POINT('',(-27.7497,142.9407,14.5));
#12796=CARTESIAN_POINT('',(-26.023,141.9595,14.5));
#12797=CARTESIAN_POINT('',(-26.023,142.9407,14.5));
#12798=CARTESIAN_POINT('',(-22.724,141.9595,14.5));
#12799=CARTESIAN_POINT('',(-26.023,141.9595,14.5));
#12800=CARTESIAN_POINT('',(-22.724,142.9407,14.5));
#12801=CARTESIAN_POINT('',(-22.724,141.9595,14.5));
#12802=CARTESIAN_POINT('',(-20.9987,142.9407,14.5));
#12803=CARTESIAN_POINT('',(-22.724,142.9407,14.5));
#12804=CARTESIAN_POINT('',(-20.9987,147.411,14.5));
#12805=CARTESIAN_POINT('',(-20.9987,142.9407,14.5));
#12806=CARTESIAN_POINT('',(-19.4732,147.411,14.5));
#12807=CARTESIAN_POINT('',(-20.9987,147.411,14.5));
#12808=CARTESIAN_POINT('',(-19.4732,142.7105,14.5));
#12809=CARTESIAN_POINT('',(-19.4732,147.411,14.5));
#12810=CARTESIAN_POINT('',(-5.47370000000001,142.7105,14.5));
#12811=CARTESIAN_POINT('',(-19.4732,142.7105,14.5));
#12812=CARTESIAN_POINT('',(-5.47370000000001,147.411,14.5));
#12813=CARTESIAN_POINT('',(-5.4737,142.7105,14.5));
#12814=CARTESIAN_POINT('',(-3.94819999999999,147.411,14.5));
#12815=CARTESIAN_POINT('',(-5.4737,147.411,14.5));
#12816=CARTESIAN_POINT('',(-3.94819999999999,142.9407,14.5));
#12817=CARTESIAN_POINT('',(-3.9482,147.411,14.5));
#12818=CARTESIAN_POINT('',(-2.22290000000001,142.9407,14.5));
#12819=CARTESIAN_POINT('',(-3.9482,142.9407,14.5));
#12820=CARTESIAN_POINT('',(-2.22290000000001,141.9595,14.5));
#12821=CARTESIAN_POINT('',(-2.2229,142.9407,14.5));
#12822=CARTESIAN_POINT('',(1.0763,141.9595,14.5));
#12823=CARTESIAN_POINT('',(-2.2229,141.9595,14.5));
#12824=CARTESIAN_POINT('',(1.0763,142.9407,14.5));
#12825=CARTESIAN_POINT('',(1.07630000000001,141.9595,14.5));
#12826=CARTESIAN_POINT('',(2.8013,142.9407,14.5));
#12827=CARTESIAN_POINT('',(1.07630000000001,142.9407,14.5));
#12828=CARTESIAN_POINT('',(2.8013,149.2107,14.5));
#12829=CARTESIAN_POINT('',(2.8013,142.9407,14.5));
#12830=CARTESIAN_POINT('',(3.62680000000001,149.2107,14.5));
#12831=CARTESIAN_POINT('',(2.8013,149.2107,14.5));
#12832=CARTESIAN_POINT('',(3.62680000000001,152.0094,14.5));
#12833=CARTESIAN_POINT('',(3.62680000000001,149.2107,14.5));
#12834=CARTESIAN_POINT('',(2.8013,152.0094,14.5));
#12835=CARTESIAN_POINT('',(3.62680000000001,152.0094,14.5));
#12836=CARTESIAN_POINT('',(2.8013,155.2395,14.5));
#12837=CARTESIAN_POINT('',(2.8013,152.0094,14.5));
#12838=CARTESIAN_POINT('',(1.0763,155.2395,14.5));
#12839=CARTESIAN_POINT('',(2.8013,155.2395,14.5));
#12840=CARTESIAN_POINT('',(1.0763,156.1616,14.5));
#12841=CARTESIAN_POINT('',(1.07630000000001,155.2395,14.5));
#12842=CARTESIAN_POINT('',(-2.22290000000001,156.1616,14.5));
#12843=CARTESIAN_POINT('',(1.07630000000001,156.1616,14.5));
#12844=CARTESIAN_POINT('',(-2.22290000000001,155.2395,14.5));
#12845=CARTESIAN_POINT('',(-2.2229,156.1616,14.5));
#12846=CARTESIAN_POINT('',(-3.94819999999999,155.2395,14.5));
#12847=CARTESIAN_POINT('',(-2.2229,155.2395,14.5));
#12848=CARTESIAN_POINT('',(-3.94819999999999,152.0094,14.5));
#12849=CARTESIAN_POINT('',(-3.9482,155.2395,14.5));
#12850=CARTESIAN_POINT('',(-5.47370000000001,152.0094,14.5));
#12851=CARTESIAN_POINT('',(-3.9482,152.0094,14.5));
#12852=CARTESIAN_POINT('',(-5.4737,152.0094,14.5));
#12853=CARTESIAN_POINT('',(144.833,142.7105,14.5));
#12854=CARTESIAN_POINT('',(158.832,142.7105,14.5));
#12855=CARTESIAN_POINT('',(158.832,142.7105,14.5));
#12856=CARTESIAN_POINT('',(158.832,156.7099,14.5));
#12857=CARTESIAN_POINT('',(158.832,156.7099,14.5));
#12858=CARTESIAN_POINT('',(144.833,156.7099,14.5));
#12859=CARTESIAN_POINT('',(144.833,156.7099,14.5));
#12860=CARTESIAN_POINT('',(144.833,142.7105,14.5));
#12861=CARTESIAN_POINT('',(204.363,142.7105,14.5));
#12862=CARTESIAN_POINT('',(218.364,142.7105,14.5));
#12863=CARTESIAN_POINT('',(218.364,142.7105,14.5));
#12864=CARTESIAN_POINT('',(218.364,156.7099,14.5));
#12865=CARTESIAN_POINT('',(218.364,156.7099,14.5));
#12866=CARTESIAN_POINT('',(204.363,156.7099,14.5));
#12867=CARTESIAN_POINT('',(204.363,156.7099,14.5));
#12868=CARTESIAN_POINT('',(204.363,142.7105,14.5));
#12869=CARTESIAN_POINT('',(125.783,142.7105,14.5));
#12870=CARTESIAN_POINT('',(139.782,142.7105,14.5));
#12871=CARTESIAN_POINT('',(139.782,142.7105,14.5));
#12872=CARTESIAN_POINT('',(139.782,156.7099,14.5));
#12873=CARTESIAN_POINT('',(139.782,156.7099,14.5));
#12874=CARTESIAN_POINT('',(125.783,156.7099,14.5));
#12875=CARTESIAN_POINT('',(125.783,156.7099,14.5));
#12876=CARTESIAN_POINT('',(125.783,142.7105,14.5));
#12877=CARTESIAN_POINT('',(68.633,142.7105,14.5));
#12878=CARTESIAN_POINT('',(82.632,142.7105,14.5));
#12879=CARTESIAN_POINT('',(82.632,142.7105,14.5));
#12880=CARTESIAN_POINT('',(82.632,156.7099,14.5));
#12881=CARTESIAN_POINT('',(82.632,156.7099,14.5));
#12882=CARTESIAN_POINT('',(68.633,156.7099,14.5));
#12883=CARTESIAN_POINT('',(68.633,156.7099,14.5));
#12884=CARTESIAN_POINT('',(68.633,142.7105,14.5));
#12885=CARTESIAN_POINT('',(182.933,142.7105,14.5));
#12886=CARTESIAN_POINT('',(196.932,142.7105,14.5));
#12887=CARTESIAN_POINT('',(196.932,142.7105,14.5));
#12888=CARTESIAN_POINT('',(196.932,156.7099,14.5));
#12889=CARTESIAN_POINT('',(196.932,156.7099,14.5));
#12890=CARTESIAN_POINT('',(182.933,156.7099,14.5));
#12891=CARTESIAN_POINT('',(182.933,156.7099,14.5));
#12892=CARTESIAN_POINT('',(182.933,142.7105,14.5));
#12893=CARTESIAN_POINT('',(73.396,180.8106,14.5));
#12894=CARTESIAN_POINT('',(87.395,180.8106,14.5));
#12895=CARTESIAN_POINT('',(87.395,180.8106,14.5));
#12896=CARTESIAN_POINT('',(87.395,194.8098,14.5));
#12897=CARTESIAN_POINT('',(87.395,194.8098,14.5));
#12898=CARTESIAN_POINT('',(73.396,194.8098,14.5));
#12899=CARTESIAN_POINT('',(73.396,194.8098,14.5));
#12900=CARTESIAN_POINT('',(73.396,180.8106,14.5));
#12901=CARTESIAN_POINT('',(54.3457,218.911,14.5));
#12902=CARTESIAN_POINT('',(68.345,218.911,14.5));
#12903=CARTESIAN_POINT('',(68.345,218.911,14.5));
#12904=CARTESIAN_POINT('',(68.345,232.911,14.5));
#12905=CARTESIAN_POINT('',(68.345,232.911,14.5));
#12906=CARTESIAN_POINT('',(54.3457,232.911,14.5));
#12907=CARTESIAN_POINT('',(54.3457,232.911,14.5));
#12908=CARTESIAN_POINT('',(54.3457,218.911,14.5));
#12909=CARTESIAN_POINT('',(111.496,218.911,14.5));
#12910=CARTESIAN_POINT('',(125.495,218.911,14.5));
#12911=CARTESIAN_POINT('',(125.495,218.911,14.5));
#12912=CARTESIAN_POINT('',(125.495,232.911,14.5));
#12913=CARTESIAN_POINT('',(125.495,232.911,14.5));
#12914=CARTESIAN_POINT('',(111.496,232.911,14.5));
#12915=CARTESIAN_POINT('',(111.496,232.911,14.5));
#12916=CARTESIAN_POINT('',(111.496,218.911,14.5));
#12917=CARTESIAN_POINT('',(21.0082,161.7606,14.5));
#12918=CARTESIAN_POINT('',(35.0075,161.7606,14.5));
#12919=CARTESIAN_POINT('',(35.0075,161.7606,14.5));
#12920=CARTESIAN_POINT('',(35.0075,175.7598,14.5));
#12921=CARTESIAN_POINT('',(35.0075,175.7598,14.5));
#12922=CARTESIAN_POINT('',(21.0082,175.7598,14.5));
#12923=CARTESIAN_POINT('',(21.0082,175.7598,14.5));
#12924=CARTESIAN_POINT('',(21.0082,161.7606,14.5));
#12925=CARTESIAN_POINT('',(92.446,180.8106,14.5));
#12926=CARTESIAN_POINT('',(106.445,180.8106,14.5));
#12927=CARTESIAN_POINT('',(106.445,180.8106,14.5));
#12928=CARTESIAN_POINT('',(106.445,194.8098,14.5));
#12929=CARTESIAN_POINT('',(106.445,194.8098,14.5));
#12930=CARTESIAN_POINT('',(92.446,194.8098,14.5));
#12931=CARTESIAN_POINT('',(92.446,194.8098,14.5));
#12932=CARTESIAN_POINT('',(92.446,180.8106,14.5));
#12933=CARTESIAN_POINT('',(82.919,199.8606,14.5));
#12934=CARTESIAN_POINT('',(96.92,199.8606,14.5));
#12935=CARTESIAN_POINT('',(96.92,199.8606,14.5));
#12936=CARTESIAN_POINT('',(96.92,213.8599,14.5));
#12937=CARTESIAN_POINT('',(96.92,213.8599,14.5));
#12938=CARTESIAN_POINT('',(82.919,213.8599,14.5));
#12939=CARTESIAN_POINT('',(82.919,213.8599,14.5));
#12940=CARTESIAN_POINT('',(82.919,199.8606,14.5));
#12941=CARTESIAN_POINT('',(140.071,199.8606,14.5));
#12942=CARTESIAN_POINT('',(154.07,199.8606,14.5));
#12943=CARTESIAN_POINT('',(154.07,199.8606,14.5));
#12944=CARTESIAN_POINT('',(154.07,213.8599,14.5));
#12945=CARTESIAN_POINT('',(154.07,213.8599,14.5));
#12946=CARTESIAN_POINT('',(140.071,213.8599,14.5));
#12947=CARTESIAN_POINT('',(140.071,213.8599,14.5));
#12948=CARTESIAN_POINT('',(140.071,199.8606,14.5));
#12949=CARTESIAN_POINT('',(-2.80429999999999,218.911,14.5));
#12950=CARTESIAN_POINT('',(11.195,218.911,14.5));
#12951=CARTESIAN_POINT('',(11.195,218.911,14.5));
#12952=CARTESIAN_POINT('',(11.195,232.911,14.5));
#12953=CARTESIAN_POINT('',(11.195,232.911,14.5));
#12954=CARTESIAN_POINT('',(-2.80429999999999,232.911,14.5));
#12955=CARTESIAN_POINT('',(-2.8043,232.911,14.5));
#12956=CARTESIAN_POINT('',(-2.8043,218.911,14.5));
#12957=CARTESIAN_POINT('',(178.171,199.8606,14.5));
#12958=CARTESIAN_POINT('',(192.17,199.8606,14.5));
#12959=CARTESIAN_POINT('',(192.17,199.8606,14.5));
#12960=CARTESIAN_POINT('',(192.17,213.8599,14.5));
#12961=CARTESIAN_POINT('',(192.17,213.8599,14.5));
#12962=CARTESIAN_POINT('',(178.171,213.8599,14.5));
#12963=CARTESIAN_POINT('',(178.171,213.8599,14.5));
#12964=CARTESIAN_POINT('',(178.171,199.8606,14.5));
#12965=CARTESIAN_POINT('',(44.8207,199.8606,14.5));
#12966=CARTESIAN_POINT('',(58.82,199.8606,14.5));
#12967=CARTESIAN_POINT('',(58.82,199.8606,14.5));
#12968=CARTESIAN_POINT('',(58.82,213.8599,14.5));
#12969=CARTESIAN_POINT('',(58.82,213.8599,14.5));
#12970=CARTESIAN_POINT('',(44.8207,213.8599,14.5));
#12971=CARTESIAN_POINT('',(44.8207,213.8599,14.5));
#12972=CARTESIAN_POINT('',(44.8207,199.8606,14.5));
#12973=CARTESIAN_POINT('',(35.2957,180.8106,14.5));
#12974=CARTESIAN_POINT('',(49.295,180.8106,14.5));
#12975=CARTESIAN_POINT('',(49.295,180.8106,14.5));
#12976=CARTESIAN_POINT('',(49.295,194.8098,14.5));
#12977=CARTESIAN_POINT('',(49.295,194.8098,14.5));
#12978=CARTESIAN_POINT('',(35.2957,194.8098,14.5));
#12979=CARTESIAN_POINT('',(35.2957,194.8098,14.5));
#12980=CARTESIAN_POINT('',(35.2957,180.8106,14.5));
#12981=CARTESIAN_POINT('',(225.796,180.8106,14.5));
#12982=CARTESIAN_POINT('',(239.795,180.8106,14.5));
#12983=CARTESIAN_POINT('',(239.795,180.8106,14.5));
#12984=CARTESIAN_POINT('',(239.795,194.8098,14.5));
#12985=CARTESIAN_POINT('',(239.795,194.8098,14.5));
#12986=CARTESIAN_POINT('',(225.796,194.8098,14.5));
#12987=CARTESIAN_POINT('',(225.796,194.8098,14.5));
#12988=CARTESIAN_POINT('',(225.796,180.8106,14.5));
#12989=CARTESIAN_POINT('',(-26.6169,218.911,14.5));
#12990=CARTESIAN_POINT('',(-12.6174,218.911,14.5));
#12991=CARTESIAN_POINT('',(-12.6174,218.911,14.5));
#12992=CARTESIAN_POINT('',(-12.6174,232.911,14.5));
#12993=CARTESIAN_POINT('',(-12.6174,232.911,14.5));
#12994=CARTESIAN_POINT('',(-26.6169,232.911,14.5));
#12995=CARTESIAN_POINT('',(-26.6169,232.911,14.5));
#12996=CARTESIAN_POINT('',(-26.6169,218.911,14.5));
#12997=CARTESIAN_POINT('',(-31.38081,123.6605,14.5));
#12998=CARTESIAN_POINT('',(-17.3799,123.6605,14.5));
#12999=CARTESIAN_POINT('',(-17.3799,123.6605,14.5));
#13000=CARTESIAN_POINT('',(-17.3799,137.6614,14.5));
#13001=CARTESIAN_POINT('',(-17.3799,137.6614,14.5));
#13002=CARTESIAN_POINT('',(-31.38081,137.6614,14.5));
#13003=CARTESIAN_POINT('',(-31.38081,137.6614,14.5));
#13004=CARTESIAN_POINT('',(-31.38081,123.6605,14.5));
#13005=CARTESIAN_POINT('',(149.596,218.911,14.5));
#13006=CARTESIAN_POINT('',(163.595,218.911,14.5));
#13007=CARTESIAN_POINT('',(163.595,218.911,14.5));
#13008=CARTESIAN_POINT('',(163.595,232.911,14.5));
#13009=CARTESIAN_POINT('',(163.595,232.911,14.5));
#13010=CARTESIAN_POINT('',(149.596,232.911,14.5));
#13011=CARTESIAN_POINT('',(149.596,232.911,14.5));
#13012=CARTESIAN_POINT('',(149.596,218.911,14.5));
#13013=CARTESIAN_POINT('',(129.8518,132.0094,14.5));
#13014=CARTESIAN_POINT('',(101.682,132.0094,14.5));
#13015=CARTESIAN_POINT('',(91.77992115,132.0094,14.5));
#13016=CARTESIAN_POINT('',(101.682,137.6614,14.5));
#13017=CARTESIAN_POINT('',(101.682,137.6614,14.5));
#13018=CARTESIAN_POINT('',(87.683,137.6614,14.5));
#13019=CARTESIAN_POINT('',(87.683,137.6614,14.5));
#13020=CARTESIAN_POINT('',(87.683,132.0094,14.5));
#13021=CARTESIAN_POINT('',(87.683,123.6605,14.5));
#13022=CARTESIAN_POINT('',(60.3013,132.0094,14.5));
#13023=CARTESIAN_POINT('',(91.77992115,132.0094,14.5));
#13024=CARTESIAN_POINT('',(60.3013,135.2395,14.5));
#13025=CARTESIAN_POINT('',(60.3013,156.762262,14.5));
#13026=CARTESIAN_POINT('',(58.576,135.2395,14.5));
#13027=CARTESIAN_POINT('',(90.91727115,135.2395,14.5));
#13028=CARTESIAN_POINT('',(58.576,136.1616,14.5));
#13029=CARTESIAN_POINT('',(58.576,157.223312,14.5));
#13030=CARTESIAN_POINT('',(55.277,136.1616,14.5));
#13031=CARTESIAN_POINT('',(89.26777115,136.1616,14.5));
#13032=CARTESIAN_POINT('',(55.277,135.2395,14.5));
#13033=CARTESIAN_POINT('',(55.277,156.762262,14.5));
#13034=CARTESIAN_POINT('',(53.5503,135.2395,14.5));
#13035=CARTESIAN_POINT('',(88.40442115,135.2395,14.5));
#13036=CARTESIAN_POINT('',(53.5503,132.0094,14.5));
#13037=CARTESIAN_POINT('',(53.5503,155.147212,14.5));
#13038=CARTESIAN_POINT('',(52.7262,132.0094,14.5));
#13039=CARTESIAN_POINT('',(87.99237115,132.0094,14.5));
#13040=CARTESIAN_POINT('',(52.7262,129.2107,14.5));
#13041=CARTESIAN_POINT('',(52.7262,153.747862,14.5));
#13042=CARTESIAN_POINT('',(53.5503,129.2107,14.5));
#13043=CARTESIAN_POINT('',(88.40442115,129.2107,14.5));
#13044=CARTESIAN_POINT('',(53.5503,122.9407,14.5));
#13045=CARTESIAN_POINT('',(53.5503,150.612862,14.5));
#13046=CARTESIAN_POINT('',(55.277,122.9407,14.5));
#13047=CARTESIAN_POINT('',(89.26777115,122.9407,14.5));
#13048=CARTESIAN_POINT('',(55.277,121.9595,14.5));
#13049=CARTESIAN_POINT('',(55.277,150.122262,14.5));
#13050=CARTESIAN_POINT('',(58.576,121.9595,14.5));
#13051=CARTESIAN_POINT('',(90.91727115,121.9595,14.5));
#13052=CARTESIAN_POINT('',(58.576,122.9407,14.5));
#13053=CARTESIAN_POINT('',(58.576,150.612862,14.5));
#13054=CARTESIAN_POINT('',(60.3013,122.9407,14.5));
#13055=CARTESIAN_POINT('',(91.77992115,122.9407,14.5));
#13056=CARTESIAN_POINT('',(60.3013,127.411,14.5));
#13057=CARTESIAN_POINT('',(60.3013,152.848012,14.5));
#13058=CARTESIAN_POINT('',(87.683,127.411,14.5));
#13059=CARTESIAN_POINT('',(126.55517115,127.411,14.5));
#13060=CARTESIAN_POINT('',(87.683,123.6605,14.5));
#13061=CARTESIAN_POINT('',(87.683,123.6605,14.5));
#13062=CARTESIAN_POINT('',(101.682,123.6605,14.5));
#13063=CARTESIAN_POINT('',(101.682,123.6605,14.5));
#13064=CARTESIAN_POINT('',(101.682,127.411,14.5));
#13065=CARTESIAN_POINT('',(101.682,137.6614,14.5));
#13066=CARTESIAN_POINT('',(129.8518,127.411,14.5));
#13067=CARTESIAN_POINT('',(126.55517115,127.411,14.5));
#13068=CARTESIAN_POINT('',(129.8518,122.9407,14.5));
#13069=CARTESIAN_POINT('',(129.8518,150.612862,14.5));
#13070=CARTESIAN_POINT('',(131.5771,122.9407,14.5));
#13071=CARTESIAN_POINT('',(127.41782115,122.9407,14.5));
#13072=CARTESIAN_POINT('',(131.5771,121.9595,14.5));
#13073=CARTESIAN_POINT('',(131.5771,150.122262,14.5));
#13074=CARTESIAN_POINT('',(134.8763,121.9595,14.5));
#13075=CARTESIAN_POINT('',(129.06742115,121.9595,14.5));
#13076=CARTESIAN_POINT('',(134.8763,122.9407,14.5));
#13077=CARTESIAN_POINT('',(134.8763,150.612862,14.5));
#13078=CARTESIAN_POINT('',(136.6013,122.9407,14.5));
#13079=CARTESIAN_POINT('',(129.92992115,122.9407,14.5));
#13080=CARTESIAN_POINT('',(136.6013,129.2107,14.5));
#13081=CARTESIAN_POINT('',(136.6013,153.747862,14.5));
#13082=CARTESIAN_POINT('',(137.4268,129.2107,14.5));
#13083=CARTESIAN_POINT('',(130.34267115,129.2107,14.5));
#13084=CARTESIAN_POINT('',(137.4268,132.0094,14.5));
#13085=CARTESIAN_POINT('',(137.4268,155.147212,14.5));
#13086=CARTESIAN_POINT('',(136.6013,132.0094,14.5));
#13087=CARTESIAN_POINT('',(129.92992115,132.0094,14.5));
#13088=CARTESIAN_POINT('',(136.6013,135.2395,14.5));
#13089=CARTESIAN_POINT('',(136.6013,156.762262,14.5));
#13090=CARTESIAN_POINT('',(134.8763,135.2395,14.5));
#13091=CARTESIAN_POINT('',(129.06742115,135.2395,14.5));
#13092=CARTESIAN_POINT('',(134.8763,136.1616,14.5));
#13093=CARTESIAN_POINT('',(134.8763,157.223312,14.5));
#13094=CARTESIAN_POINT('',(131.5771,136.1616,14.5));
#13095=CARTESIAN_POINT('',(127.41782115,136.1616,14.5));
#13096=CARTESIAN_POINT('',(131.5771,135.2395,14.5));
#13097=CARTESIAN_POINT('',(131.5771,156.762262,14.5));
#13098=CARTESIAN_POINT('',(129.8518,135.2395,14.5));
#13099=CARTESIAN_POINT('',(126.55517115,135.2395,14.5));
#13100=CARTESIAN_POINT('',(129.8518,155.147212,14.5));
#13101=CARTESIAN_POINT('',(-82.207218,114.747352,14.5));
#13102=CARTESIAN_POINT('Origin',(-83.807218,114.747352,14.5));
#13103=CARTESIAN_POINT('',(-82.4,241.946689,14.5));
#13104=CARTESIAN_POINT('Origin',(-84.,241.946689,14.5));
#13105=CARTESIAN_POINT('Origin',(310.064,250.2,14.75));
#13106=CARTESIAN_POINT('',(309.564,250.7,16.5));
#13107=CARTESIAN_POINT('',(281.341379574998,278.922620425001,16.5));
#13108=CARTESIAN_POINT('',(309.564,250.7,14.75));
#13109=CARTESIAN_POINT('Origin',(285.422,250.7,14.5));
#13110=CARTESIAN_POINT('',(-71.39,250.7,16.5));
#13111=CARTESIAN_POINT('Origin',(-93.0639999999999,250.2,14.5));
#13112=CARTESIAN_POINT('',(-93.5639999999999,249.7,16.5));
#13113=CARTESIAN_POINT('',(-92.5639999999999,250.7,16.5));
#13114=CARTESIAN_POINT('',(-56.9621084250009,286.301891575,16.5));
#13115=CARTESIAN_POINT('',(-92.5639999999999,250.7,14.5));
#13116=CARTESIAN_POINT('',(-93.5639999999999,249.7,14.5));
#13117=CARTESIAN_POINT('Origin',(-93.5639999999999,237.436,14.5));
#13118=CARTESIAN_POINT('',(-93.5639999999999,105.80004,16.5));
#13119=CARTESIAN_POINT('',(-93.5639999999999,105.80004,15.5));
#13120=CARTESIAN_POINT('',(-93.5639999999999,207.860512,16.5));
#13121=CARTESIAN_POINT('Origin',(-93.0639999999999,105.30004,15.5));
#13122=CARTESIAN_POINT('',(-92.564,104.80004,16.5));
#13123=CARTESIAN_POINT('',(-92.564,104.80004,15.5));
#13124=CARTESIAN_POINT('',(-57.2296104250028,69.465650425001,16.5));
#13125=CARTESIAN_POINT('Origin',(285.422,104.80004,16.5));
#13126=CARTESIAN_POINT('',(310.422,104.80004,16.5));
#13127=CARTESIAN_POINT('Origin',(123.2585423,178.285024,16.5));
#13128=CARTESIAN_POINT('',(-71.39,193.1875,16.5));
#13129=CARTESIAN_POINT('',(38.43427115,193.1875,16.5));
#13130=CARTESIAN_POINT('',(-71.39,250.436,16.5));
#13131=CARTESIAN_POINT('',(285.422,250.7,16.5));
#13132=CARTESIAN_POINT('',(115.882801,114.306116,16.5));
#13133=CARTESIAN_POINT('Origin',(114.282801,114.306116,16.5));
#13134=CARTESIAN_POINT('',(302.6,114.5,16.5));
#13135=CARTESIAN_POINT('Origin',(301.,114.5,16.5));
#13136=CARTESIAN_POINT('',(302.25625,241.91875,16.5));
#13137=CARTESIAN_POINT('Origin',(300.65625,241.91875,16.5));
#13138=CARTESIAN_POINT('',(116.19375,242.09375,16.5));
#13139=CARTESIAN_POINT('Origin',(114.59375,242.09375,16.5));
#13140=CARTESIAN_POINT('',(235.032,199.8606,16.5));
#13141=CARTESIAN_POINT('',(221.033,199.8606,16.5));
#13142=CARTESIAN_POINT('',(235.032,199.8606,16.5));
#13143=CARTESIAN_POINT('',(221.033,213.8599,16.5));
#13144=CARTESIAN_POINT('',(221.033,199.8606,16.5));
#13145=CARTESIAN_POINT('',(235.032,213.8599,16.5));
#13146=CARTESIAN_POINT('',(221.033,213.8599,16.5));
#13147=CARTESIAN_POINT('',(235.032,213.8599,16.5));
#13148=CARTESIAN_POINT('',(30.245,218.911,16.5));
#13149=CARTESIAN_POINT('',(16.2457,218.911,16.5));
#13150=CARTESIAN_POINT('',(30.245,218.911,16.5));
#13151=CARTESIAN_POINT('',(16.2457,232.911,16.5));
#13152=CARTESIAN_POINT('',(16.2457,218.911,16.5));
#13153=CARTESIAN_POINT('',(30.245,232.911,16.5));
#13154=CARTESIAN_POINT('',(16.2457,232.911,16.5));
#13155=CARTESIAN_POINT('',(30.245,232.911,16.5));
#13156=CARTESIAN_POINT('',(168.357,161.7606,16.5));
#13157=CARTESIAN_POINT('',(154.358,161.7606,16.5));
#13158=CARTESIAN_POINT('',(168.357,161.7606,16.5));
#13159=CARTESIAN_POINT('',(154.358,175.7598,16.5));
#13160=CARTESIAN_POINT('',(154.358,161.7606,16.5));
#13161=CARTESIAN_POINT('',(168.357,175.7598,16.5));
#13162=CARTESIAN_POINT('',(154.358,175.7598,16.5));
#13163=CARTESIAN_POINT('',(168.357,175.7598,16.5));
#13164=CARTESIAN_POINT('',(73.107,161.7606,16.5));
#13165=CARTESIAN_POINT('',(59.1082,161.7606,16.5));
#13166=CARTESIAN_POINT('',(73.107,161.7606,16.5));
#13167=CARTESIAN_POINT('',(59.1082,175.7598,16.5));
#13168=CARTESIAN_POINT('',(59.1082,161.7606,16.5));
#13169=CARTESIAN_POINT('',(73.107,175.7598,16.5));
#13170=CARTESIAN_POINT('',(59.1082,175.7598,16.5));
#13171=CARTESIAN_POINT('',(73.107,175.7598,16.5));
#13172=CARTESIAN_POINT('',(206.457,161.7606,16.5));
#13173=CARTESIAN_POINT('',(192.458,161.7606,16.5));
#13174=CARTESIAN_POINT('',(206.457,161.7606,16.5));
#13175=CARTESIAN_POINT('',(192.458,175.7598,16.5));
#13176=CARTESIAN_POINT('',(192.458,161.7606,16.5));
#13177=CARTESIAN_POINT('',(206.457,175.7598,16.5));
#13178=CARTESIAN_POINT('',(192.458,175.7598,16.5));
#13179=CARTESIAN_POINT('',(206.457,175.7598,16.5));
#13180=CARTESIAN_POINT('',(11.195,180.8106,16.5));
#13181=CARTESIAN_POINT('',(-2.8043,180.8106,16.5));
#13182=CARTESIAN_POINT('',(11.195,180.8106,16.5));
#13183=CARTESIAN_POINT('',(-2.8043,194.8098,16.5));
#13184=CARTESIAN_POINT('',(-2.8043,180.8106,16.5));
#13185=CARTESIAN_POINT('',(11.195,194.8098,16.5));
#13186=CARTESIAN_POINT('',(-2.8043,194.8098,16.5));
#13187=CARTESIAN_POINT('',(11.195,194.8098,16.5));
#13188=CARTESIAN_POINT('',(173.12,199.8606,16.5));
#13189=CARTESIAN_POINT('',(159.121,199.8606,16.5));
#13190=CARTESIAN_POINT('',(173.12,199.8606,16.5));
#13191=CARTESIAN_POINT('',(159.121,213.8599,16.5));
#13192=CARTESIAN_POINT('',(159.121,199.8606,16.5));
#13193=CARTESIAN_POINT('',(173.12,213.8599,16.5));
#13194=CARTESIAN_POINT('',(159.121,213.8599,16.5));
#13195=CARTESIAN_POINT('',(173.12,213.8599,16.5));
#13196=CARTESIAN_POINT('',(135.02,199.8606,16.5));
#13197=CARTESIAN_POINT('',(121.021,199.8606,16.5));
#13198=CARTESIAN_POINT('',(135.02,199.8606,16.5));
#13199=CARTESIAN_POINT('',(121.021,213.8599,16.5));
#13200=CARTESIAN_POINT('',(121.021,199.8606,16.5));
#13201=CARTESIAN_POINT('',(135.02,213.8599,16.5));
#13202=CARTESIAN_POINT('',(121.021,213.8599,16.5));
#13203=CARTESIAN_POINT('',(135.02,213.8599,16.5));
#13204=CARTESIAN_POINT('',(277.895,199.8606,16.5));
#13205=CARTESIAN_POINT('',(263.896,199.8606,16.5));
#13206=CARTESIAN_POINT('',(277.895,199.8606,16.5));
#13207=CARTESIAN_POINT('',(263.896,213.8599,16.5));
#13208=CARTESIAN_POINT('',(263.896,199.8606,16.5));
#13209=CARTESIAN_POINT('',(277.895,213.8599,16.5));
#13210=CARTESIAN_POINT('',(263.896,213.8599,16.5));
#13211=CARTESIAN_POINT('',(277.895,213.8599,16.5));
#13212=CARTESIAN_POINT('',(115.97,199.8606,16.5));
#13213=CARTESIAN_POINT('',(101.971,199.8606,16.5));
#13214=CARTESIAN_POINT('',(115.97,199.8606,16.5));
#13215=CARTESIAN_POINT('',(101.971,213.8599,16.5));
#13216=CARTESIAN_POINT('',(101.971,199.8606,16.5));
#13217=CARTESIAN_POINT('',(115.97,213.8599,16.5));
#13218=CARTESIAN_POINT('',(101.971,213.8599,16.5));
#13219=CARTESIAN_POINT('',(115.97,213.8599,16.5));
#13220=CARTESIAN_POINT('',(77.87,199.8606,16.5));
#13221=CARTESIAN_POINT('',(63.869,199.8606,16.5));
#13222=CARTESIAN_POINT('',(77.87,199.8606,16.5));
#13223=CARTESIAN_POINT('',(63.869,213.8599,16.5));
#13224=CARTESIAN_POINT('',(63.869,199.8606,16.5));
#13225=CARTESIAN_POINT('',(77.87,213.8599,16.5));
#13226=CARTESIAN_POINT('',(63.869,213.8599,16.5));
#13227=CARTESIAN_POINT('',(77.87,213.8599,16.5));
#13228=CARTESIAN_POINT('',(-17.3799,199.8606,16.5));
#13229=CARTESIAN_POINT('',(-31.38081,199.8606,16.5));
#13230=CARTESIAN_POINT('',(-17.3799,199.8606,16.5));
#13231=CARTESIAN_POINT('',(-31.38081,213.8599,16.5));
#13232=CARTESIAN_POINT('',(-31.38081,199.8606,16.5));
#13233=CARTESIAN_POINT('',(-17.3799,213.8599,16.5));
#13234=CARTESIAN_POINT('',(-31.38081,213.8599,16.5));
#13235=CARTESIAN_POINT('',(-17.3799,213.8599,16.5));
#13236=CARTESIAN_POINT('',(182.645,123.6605,16.5));
#13237=CARTESIAN_POINT('',(168.646,123.6605,16.5));
#13238=CARTESIAN_POINT('',(182.645,123.6605,16.5));
#13239=CARTESIAN_POINT('',(168.646,137.6614,16.5));
#13240=CARTESIAN_POINT('',(168.646,123.6605,16.5));
#13241=CARTESIAN_POINT('',(182.645,137.6614,16.5));
#13242=CARTESIAN_POINT('',(168.646,137.6614,16.5));
#13243=CARTESIAN_POINT('',(182.645,137.6614,16.5));
#13244=CARTESIAN_POINT('',(87.395,218.911,16.5));
#13245=CARTESIAN_POINT('',(73.396,218.911,16.5));
#13246=CARTESIAN_POINT('',(87.395,218.911,16.5));
#13247=CARTESIAN_POINT('',(73.396,232.911,16.5));
#13248=CARTESIAN_POINT('',(73.396,218.911,16.5));
#13249=CARTESIAN_POINT('',(87.395,232.911,16.5));
#13250=CARTESIAN_POINT('',(73.396,232.911,16.5));
#13251=CARTESIAN_POINT('',(87.395,232.911,16.5));
#13252=CARTESIAN_POINT('',(144.545,218.911,16.5));
#13253=CARTESIAN_POINT('',(130.546,218.911,16.5));
#13254=CARTESIAN_POINT('',(144.545,218.911,16.5));
#13255=CARTESIAN_POINT('',(130.546,232.911,16.5));
#13256=CARTESIAN_POINT('',(130.546,218.911,16.5));
#13257=CARTESIAN_POINT('',(144.545,232.911,16.5));
#13258=CARTESIAN_POINT('',(130.546,232.911,16.5));
#13259=CARTESIAN_POINT('',(144.545,232.911,16.5));
#13260=CARTESIAN_POINT('',(239.795,142.7105,16.5));
#13261=CARTESIAN_POINT('',(225.796,142.7105,16.5));
#13262=CARTESIAN_POINT('',(239.795,142.7105,16.5));
#13263=CARTESIAN_POINT('',(225.796,156.7099,16.5));
#13264=CARTESIAN_POINT('',(225.796,142.7105,16.5));
#13265=CARTESIAN_POINT('',(239.795,156.7099,16.5));
#13266=CARTESIAN_POINT('',(225.796,156.7099,16.5));
#13267=CARTESIAN_POINT('',(239.795,156.7099,16.5));
#13268=CARTESIAN_POINT('',(-10.2362,161.7606,16.5));
#13269=CARTESIAN_POINT('',(-24.2371,161.7606,16.5));
#13270=CARTESIAN_POINT('',(-10.2362,161.7606,16.5));
#13271=CARTESIAN_POINT('',(-24.2371,175.7598,16.5));
#13272=CARTESIAN_POINT('',(-24.2371,161.7606,16.5));
#13273=CARTESIAN_POINT('',(-10.2362,175.7598,16.5));
#13274=CARTESIAN_POINT('',(-24.2371,175.7598,16.5));
#13275=CARTESIAN_POINT('',(-10.2362,175.7598,16.5));
#13276=CARTESIAN_POINT('',(120.732,142.7105,16.5));
#13277=CARTESIAN_POINT('',(106.733,142.7105,16.5));
#13278=CARTESIAN_POINT('',(120.732,142.7105,16.5));
#13279=CARTESIAN_POINT('',(106.733,156.7099,16.5));
#13280=CARTESIAN_POINT('',(106.733,142.7105,16.5));
#13281=CARTESIAN_POINT('',(120.732,156.7099,16.5));
#13282=CARTESIAN_POINT('',(106.733,156.7099,16.5));
#13283=CARTESIAN_POINT('',(120.732,156.7099,16.5));
#13284=CARTESIAN_POINT('',(25.4825,142.7105,16.5));
#13285=CARTESIAN_POINT('',(11.4832,142.7105,16.5));
#13286=CARTESIAN_POINT('',(25.4825,142.7105,16.5));
#13287=CARTESIAN_POINT('',(11.4832,156.7099,16.5));
#13288=CARTESIAN_POINT('',(11.4832,142.7105,16.5));
#13289=CARTESIAN_POINT('',(25.4825,156.7099,16.5));
#13290=CARTESIAN_POINT('',(11.4832,156.7099,16.5));
#13291=CARTESIAN_POINT('',(25.4825,156.7099,16.5));
#13292=CARTESIAN_POINT('',(63.582,142.7105,16.5));
#13293=CARTESIAN_POINT('',(49.5832,142.7105,16.5));
#13294=CARTESIAN_POINT('',(63.582,142.7105,16.5));
#13295=CARTESIAN_POINT('',(49.5832,156.7099,16.5));
#13296=CARTESIAN_POINT('',(49.5832,142.7105,16.5));
#13297=CARTESIAN_POINT('',(63.582,156.7099,16.5));
#13298=CARTESIAN_POINT('',(49.5832,156.7099,16.5));
#13299=CARTESIAN_POINT('',(63.582,156.7099,16.5));
#13300=CARTESIAN_POINT('',(44.5325,142.7105,16.5));
#13301=CARTESIAN_POINT('',(30.5332,142.7105,16.5));
#13302=CARTESIAN_POINT('',(44.5325,142.7105,16.5));
#13303=CARTESIAN_POINT('',(30.5332,156.7099,16.5));
#13304=CARTESIAN_POINT('',(30.5332,142.7105,16.5));
#13305=CARTESIAN_POINT('',(44.5325,156.7099,16.5));
#13306=CARTESIAN_POINT('',(30.5332,156.7099,16.5));
#13307=CARTESIAN_POINT('',(44.5325,156.7099,16.5));
#13308=CARTESIAN_POINT('',(15.9575,161.7606,16.5));
#13309=CARTESIAN_POINT('',(1.9582,161.7606,16.5));
#13310=CARTESIAN_POINT('',(15.9575,161.7606,16.5));
#13311=CARTESIAN_POINT('',(1.9582,175.7598,16.5));
#13312=CARTESIAN_POINT('',(1.9582,161.7606,16.5));
#13313=CARTESIAN_POINT('',(15.9575,175.7598,16.5));
#13314=CARTESIAN_POINT('',(1.9582,175.7598,16.5));
#13315=CARTESIAN_POINT('',(15.9575,175.7598,16.5));
#13316=CARTESIAN_POINT('',(111.207,161.7606,16.5));
#13317=CARTESIAN_POINT('',(97.208,161.7606,16.5));
#13318=CARTESIAN_POINT('',(111.207,161.7606,16.5));
#13319=CARTESIAN_POINT('',(97.208,175.7598,16.5));
#13320=CARTESIAN_POINT('',(97.208,161.7606,16.5));
#13321=CARTESIAN_POINT('',(111.207,175.7598,16.5));
#13322=CARTESIAN_POINT('',(97.208,175.7598,16.5));
#13323=CARTESIAN_POINT('',(111.207,175.7598,16.5));
#13324=CARTESIAN_POINT('',(177.882,142.7105,16.5));
#13325=CARTESIAN_POINT('',(163.883,142.7105,16.5));
#13326=CARTESIAN_POINT('',(177.882,142.7105,16.5));
#13327=CARTESIAN_POINT('',(163.883,156.7099,16.5));
#13328=CARTESIAN_POINT('',(163.883,142.7105,16.5));
#13329=CARTESIAN_POINT('',(177.882,156.7099,16.5));
#13330=CARTESIAN_POINT('',(163.883,156.7099,16.5));
#13331=CARTESIAN_POINT('',(177.882,156.7099,16.5));
#13332=CARTESIAN_POINT('',(20.72,123.6605,16.5));
#13333=CARTESIAN_POINT('',(6.7207,123.6605,16.5));
#13334=CARTESIAN_POINT('',(20.72,123.6605,16.5));
#13335=CARTESIAN_POINT('',(6.7207,137.6614,16.5));
#13336=CARTESIAN_POINT('',(6.7207,123.6605,16.5));
#13337=CARTESIAN_POINT('',(20.72,137.6614,16.5));
#13338=CARTESIAN_POINT('',(6.7207,137.6614,16.5));
#13339=CARTESIAN_POINT('',(20.72,137.6614,16.5));
#13340=CARTESIAN_POINT('',(258.845,123.6605,16.5));
#13341=CARTESIAN_POINT('',(244.846,123.6605,16.5));
#13342=CARTESIAN_POINT('',(258.845,123.6605,16.5));
#13343=CARTESIAN_POINT('',(244.846,137.6614,16.5));
#13344=CARTESIAN_POINT('',(244.846,123.6605,16.5));
#13345=CARTESIAN_POINT('',(258.845,137.6614,16.5));
#13346=CARTESIAN_POINT('',(244.846,137.6614,16.5));
#13347=CARTESIAN_POINT('',(258.845,137.6614,16.5));
#13348=CARTESIAN_POINT('',(1.67,123.6605,16.5));
#13349=CARTESIAN_POINT('',(-12.3294,123.6605,16.5));
#13350=CARTESIAN_POINT('',(1.67,123.6605,16.5));
#13351=CARTESIAN_POINT('',(-12.3294,137.6614,16.5));
#13352=CARTESIAN_POINT('',(-12.3294,123.6605,16.5));
#13353=CARTESIAN_POINT('',(1.67,137.6614,16.5));
#13354=CARTESIAN_POINT('',(-12.3294,137.6614,16.5));
#13355=CARTESIAN_POINT('',(1.67,137.6614,16.5));
#13356=CARTESIAN_POINT('',(161.214,123.6605,16.5));
#13357=CARTESIAN_POINT('',(147.213,123.6605,16.5));
#13358=CARTESIAN_POINT('',(161.214,123.6605,16.5));
#13359=CARTESIAN_POINT('',(147.213,137.6614,16.5));
#13360=CARTESIAN_POINT('',(147.213,123.6605,16.5));
#13361=CARTESIAN_POINT('',(161.214,137.6614,16.5));
#13362=CARTESIAN_POINT('',(147.213,137.6614,16.5));
#13363=CARTESIAN_POINT('',(161.214,137.6614,16.5));
#13364=CARTESIAN_POINT('',(163.595,180.8106,16.5));
#13365=CARTESIAN_POINT('',(149.596,180.8106,16.5));
#13366=CARTESIAN_POINT('',(163.595,180.8106,16.5));
#13367=CARTESIAN_POINT('',(149.596,194.8098,16.5));
#13368=CARTESIAN_POINT('',(149.596,180.8106,16.5));
#13369=CARTESIAN_POINT('',(163.595,194.8098,16.5));
#13370=CARTESIAN_POINT('',(149.596,194.8098,16.5));
#13371=CARTESIAN_POINT('',(163.595,194.8098,16.5));
#13372=CARTESIAN_POINT('',(201.695,123.6605,16.5));
#13373=CARTESIAN_POINT('',(187.696,123.6605,16.5));
#13374=CARTESIAN_POINT('',(201.695,123.6605,16.5));
#13375=CARTESIAN_POINT('',(187.696,137.6614,16.5));
#13376=CARTESIAN_POINT('',(187.696,123.6605,16.5));
#13377=CARTESIAN_POINT('',(201.695,137.6614,16.5));
#13378=CARTESIAN_POINT('',(187.696,137.6614,16.5));
#13379=CARTESIAN_POINT('',(201.695,137.6614,16.5));
#13380=CARTESIAN_POINT('',(20.72,199.8606,16.5));
#13381=CARTESIAN_POINT('',(6.7207,199.8606,16.5));
#13382=CARTESIAN_POINT('',(20.72,199.8606,16.5));
#13383=CARTESIAN_POINT('',(6.7207,213.8599,16.5));
#13384=CARTESIAN_POINT('',(6.7207,199.8606,16.5));
#13385=CARTESIAN_POINT('',(20.72,213.8599,16.5));
#13386=CARTESIAN_POINT('',(6.7207,213.8599,16.5));
#13387=CARTESIAN_POINT('',(20.72,213.8599,16.5));
#13388=CARTESIAN_POINT('',(201.695,180.8106,16.5));
#13389=CARTESIAN_POINT('',(187.696,180.8106,16.5));
#13390=CARTESIAN_POINT('',(201.695,180.8106,16.5));
#13391=CARTESIAN_POINT('',(187.696,194.8098,16.5));
#13392=CARTESIAN_POINT('',(187.696,180.8106,16.5));
#13393=CARTESIAN_POINT('',(201.695,194.8098,16.5));
#13394=CARTESIAN_POINT('',(187.696,194.8098,16.5));
#13395=CARTESIAN_POINT('',(201.695,194.8098,16.5));
#13396=CARTESIAN_POINT('',(39.77,199.8606,16.5));
#13397=CARTESIAN_POINT('',(25.7707,199.8606,16.5));
#13398=CARTESIAN_POINT('',(39.77,199.8606,16.5));
#13399=CARTESIAN_POINT('',(25.7707,213.8599,16.5));
#13400=CARTESIAN_POINT('',(25.7707,199.8606,16.5));
#13401=CARTESIAN_POINT('',(39.77,213.8599,16.5));
#13402=CARTESIAN_POINT('',(25.7707,213.8599,16.5));
#13403=CARTESIAN_POINT('',(39.77,213.8599,16.5));
#13404=CARTESIAN_POINT('',(258.845,218.911,16.5));
#13405=CARTESIAN_POINT('',(244.846,218.911,16.5));
#13406=CARTESIAN_POINT('',(258.845,218.911,16.5));
#13407=CARTESIAN_POINT('',(244.846,232.911,16.5));
#13408=CARTESIAN_POINT('',(244.846,218.911,16.5));
#13409=CARTESIAN_POINT('',(258.845,232.911,16.5));
#13410=CARTESIAN_POINT('',(244.846,232.911,16.5));
#13411=CARTESIAN_POINT('',(258.845,232.911,16.5));
#13412=CARTESIAN_POINT('',(201.695,218.911,16.5));
#13413=CARTESIAN_POINT('',(187.696,218.911,16.5));
#13414=CARTESIAN_POINT('',(201.695,218.911,16.5));
#13415=CARTESIAN_POINT('',(187.696,232.911,16.5));
#13416=CARTESIAN_POINT('',(187.696,218.911,16.5));
#13417=CARTESIAN_POINT('',(201.695,232.911,16.5));
#13418=CARTESIAN_POINT('',(187.696,232.911,16.5));
#13419=CARTESIAN_POINT('',(201.695,232.911,16.5));
#13420=CARTESIAN_POINT('',(277.895,218.911,16.5));
#13421=CARTESIAN_POINT('',(263.896,218.911,16.5));
#13422=CARTESIAN_POINT('',(277.895,218.911,16.5));
#13423=CARTESIAN_POINT('',(263.896,232.911,16.5));
#13424=CARTESIAN_POINT('',(263.896,218.911,16.5));
#13425=CARTESIAN_POINT('',(277.895,232.911,16.5));
#13426=CARTESIAN_POINT('',(263.896,232.911,16.5));
#13427=CARTESIAN_POINT('',(277.895,232.911,16.5));
#13428=CARTESIAN_POINT('',(125.495,180.8106,16.5));
#13429=CARTESIAN_POINT('',(111.496,180.8106,16.5));
#13430=CARTESIAN_POINT('',(125.495,180.8106,16.5));
#13431=CARTESIAN_POINT('',(111.496,194.8098,16.5));
#13432=CARTESIAN_POINT('',(111.496,180.8106,16.5));
#13433=CARTESIAN_POINT('',(125.495,194.8098,16.5));
#13434=CARTESIAN_POINT('',(111.496,194.8098,16.5));
#13435=CARTESIAN_POINT('',(125.495,194.8098,16.5));
#13436=CARTESIAN_POINT('',(232.651,161.7606,16.5));
#13437=CARTESIAN_POINT('',(218.652,161.7606,16.5));
#13438=CARTESIAN_POINT('',(232.651,161.7606,16.5));
#13439=CARTESIAN_POINT('',(218.652,175.7598,16.5));
#13440=CARTESIAN_POINT('',(218.652,161.7606,16.5));
#13441=CARTESIAN_POINT('',(232.651,175.7598,16.5));
#13442=CARTESIAN_POINT('',(218.652,175.7598,16.5));
#13443=CARTESIAN_POINT('',(232.651,175.7598,16.5));
#13444=CARTESIAN_POINT('',(239.795,123.6605,16.5));
#13445=CARTESIAN_POINT('',(225.796,123.6605,16.5));
#13446=CARTESIAN_POINT('',(239.795,123.6605,16.5));
#13447=CARTESIAN_POINT('',(225.796,137.6614,16.5));
#13448=CARTESIAN_POINT('',(225.796,123.6605,16.5));
#13449=CARTESIAN_POINT('',(239.795,137.6614,16.5));
#13450=CARTESIAN_POINT('',(225.796,137.6614,16.5));
#13451=CARTESIAN_POINT('',(239.795,137.6614,16.5));
#13452=CARTESIAN_POINT('',(30.245,180.8106,16.5));
#13453=CARTESIAN_POINT('',(16.2457,180.8106,16.5));
#13454=CARTESIAN_POINT('',(30.245,180.8106,16.5));
#13455=CARTESIAN_POINT('',(16.2457,194.8098,16.5));
#13456=CARTESIAN_POINT('',(16.2457,180.8106,16.5));
#13457=CARTESIAN_POINT('',(30.245,194.8098,16.5));
#13458=CARTESIAN_POINT('',(16.2457,194.8098,16.5));
#13459=CARTESIAN_POINT('',(30.245,194.8098,16.5));
#13460=CARTESIAN_POINT('',(1.67,199.8606,16.5));
#13461=CARTESIAN_POINT('',(-12.3294,199.8606,16.5));
#13462=CARTESIAN_POINT('',(1.67,199.8606,16.5));
#13463=CARTESIAN_POINT('',(-12.3294,213.8599,16.5));
#13464=CARTESIAN_POINT('',(-12.3294,199.8606,16.5));
#13465=CARTESIAN_POINT('',(1.67,213.8599,16.5));
#13466=CARTESIAN_POINT('',(-12.3294,213.8599,16.5));
#13467=CARTESIAN_POINT('',(1.67,213.8599,16.5));
#13468=CARTESIAN_POINT('',(144.545,180.8106,16.5));
#13469=CARTESIAN_POINT('',(130.546,180.8106,16.5));
#13470=CARTESIAN_POINT('',(144.545,180.8106,16.5));
#13471=CARTESIAN_POINT('',(130.546,194.8098,16.5));
#13472=CARTESIAN_POINT('',(130.546,180.8106,16.5));
#13473=CARTESIAN_POINT('',(144.545,194.8098,16.5));
#13474=CARTESIAN_POINT('',(130.546,194.8098,16.5));
#13475=CARTESIAN_POINT('',(144.545,194.8098,16.5));
#13476=CARTESIAN_POINT('',(220.745,180.8106,16.5));
#13477=CARTESIAN_POINT('',(206.746,180.8106,16.5));
#13478=CARTESIAN_POINT('',(220.745,180.8106,16.5));
#13479=CARTESIAN_POINT('',(206.746,194.8098,16.5));
#13480=CARTESIAN_POINT('',(206.746,180.8106,16.5));
#13481=CARTESIAN_POINT('',(220.745,194.8098,16.5));
#13482=CARTESIAN_POINT('',(206.746,194.8098,16.5));
#13483=CARTESIAN_POINT('',(220.745,194.8098,16.5));
#13484=CARTESIAN_POINT('',(92.157,161.7606,16.5));
#13485=CARTESIAN_POINT('',(78.158,161.7606,16.5));
#13486=CARTESIAN_POINT('',(92.157,161.7606,16.5));
#13487=CARTESIAN_POINT('',(78.158,175.7598,16.5));
#13488=CARTESIAN_POINT('',(78.158,161.7606,16.5));
#13489=CARTESIAN_POINT('',(92.157,175.7598,16.5));
#13490=CARTESIAN_POINT('',(78.158,175.7598,16.5));
#13491=CARTESIAN_POINT('',(92.157,175.7598,16.5));
#13492=CARTESIAN_POINT('',(149.307,161.7606,16.5));
#13493=CARTESIAN_POINT('',(135.308,161.7606,16.5));
#13494=CARTESIAN_POINT('',(149.307,161.7606,16.5));
#13495=CARTESIAN_POINT('',(135.308,175.7598,16.5));
#13496=CARTESIAN_POINT('',(135.308,161.7606,16.5));
#13497=CARTESIAN_POINT('',(149.307,175.7598,16.5));
#13498=CARTESIAN_POINT('',(135.308,175.7598,16.5));
#13499=CARTESIAN_POINT('',(149.307,175.7598,16.5));
#13500=CARTESIAN_POINT('',(130.257,161.7606,16.5));
#13501=CARTESIAN_POINT('',(116.258,161.7606,16.5));
#13502=CARTESIAN_POINT('',(130.257,161.7606,16.5));
#13503=CARTESIAN_POINT('',(116.258,175.7598,16.5));
#13504=CARTESIAN_POINT('',(116.258,161.7606,16.5));
#13505=CARTESIAN_POINT('',(130.257,175.7598,16.5));
#13506=CARTESIAN_POINT('',(116.258,175.7598,16.5));
#13507=CARTESIAN_POINT('',(130.257,175.7598,16.5));
#13508=CARTESIAN_POINT('',(68.345,180.8106,16.5));
#13509=CARTESIAN_POINT('',(54.3457,180.8106,16.5));
#13510=CARTESIAN_POINT('',(68.345,180.8106,16.5));
#13511=CARTESIAN_POINT('',(54.3457,194.8098,16.5));
#13512=CARTESIAN_POINT('',(54.3457,180.8106,16.5));
#13513=CARTESIAN_POINT('',(68.345,194.8098,16.5));
#13514=CARTESIAN_POINT('',(54.3457,194.8098,16.5));
#13515=CARTESIAN_POINT('',(68.345,194.8098,16.5));
#13516=CARTESIAN_POINT('',(182.645,218.911,16.5));
#13517=CARTESIAN_POINT('',(168.646,218.911,16.5));
#13518=CARTESIAN_POINT('',(182.645,218.911,16.5));
#13519=CARTESIAN_POINT('',(168.646,232.911,16.5));
#13520=CARTESIAN_POINT('',(168.646,218.911,16.5));
#13521=CARTESIAN_POINT('',(182.645,232.911,16.5));
#13522=CARTESIAN_POINT('',(168.646,232.911,16.5));
#13523=CARTESIAN_POINT('',(182.645,232.911,16.5));
#13524=CARTESIAN_POINT('',(220.745,218.911,16.5));
#13525=CARTESIAN_POINT('',(206.746,218.911,16.5));
#13526=CARTESIAN_POINT('',(220.745,218.911,16.5));
#13527=CARTESIAN_POINT('',(206.746,232.911,16.5));
#13528=CARTESIAN_POINT('',(206.746,218.911,16.5));
#13529=CARTESIAN_POINT('',(220.745,232.911,16.5));
#13530=CARTESIAN_POINT('',(206.746,232.911,16.5));
#13531=CARTESIAN_POINT('',(220.745,232.911,16.5));
#13532=CARTESIAN_POINT('',(239.795,218.911,16.5));
#13533=CARTESIAN_POINT('',(225.796,218.911,16.5));
#13534=CARTESIAN_POINT('',(239.795,218.911,16.5));
#13535=CARTESIAN_POINT('',(225.796,232.911,16.5));
#13536=CARTESIAN_POINT('',(225.796,218.911,16.5));
#13537=CARTESIAN_POINT('',(239.795,232.911,16.5));
#13538=CARTESIAN_POINT('',(225.796,232.911,16.5));
#13539=CARTESIAN_POINT('',(239.795,232.911,16.5));
#13540=CARTESIAN_POINT('',(49.295,218.911,16.5));
#13541=CARTESIAN_POINT('',(35.2957,218.911,16.5));
#13542=CARTESIAN_POINT('',(49.295,218.911,16.5));
#13543=CARTESIAN_POINT('',(35.2957,232.911,16.5));
#13544=CARTESIAN_POINT('',(35.2957,218.911,16.5));
#13545=CARTESIAN_POINT('',(49.295,232.911,16.5));
#13546=CARTESIAN_POINT('',(35.2957,232.911,16.5));
#13547=CARTESIAN_POINT('',(49.295,232.911,16.5));
#13548=CARTESIAN_POINT('',(258.845,199.8606,16.5));
#13549=CARTESIAN_POINT('',(244.846,199.8606,16.5));
#13550=CARTESIAN_POINT('',(258.845,199.8606,16.5));
#13551=CARTESIAN_POINT('',(244.846,213.8599,16.5));
#13552=CARTESIAN_POINT('',(244.846,199.8606,16.5));
#13553=CARTESIAN_POINT('',(258.845,213.8599,16.5));
#13554=CARTESIAN_POINT('',(244.846,213.8599,16.5));
#13555=CARTESIAN_POINT('',(258.845,213.8599,16.5));
#13556=CARTESIAN_POINT('',(106.445,218.911,16.5));
#13557=CARTESIAN_POINT('',(92.446,218.911,16.5));
#13558=CARTESIAN_POINT('',(106.445,218.911,16.5));
#13559=CARTESIAN_POINT('',(92.446,232.911,16.5));
#13560=CARTESIAN_POINT('',(92.446,218.911,16.5));
#13561=CARTESIAN_POINT('',(106.445,232.911,16.5));
#13562=CARTESIAN_POINT('',(92.446,232.911,16.5));
#13563=CARTESIAN_POINT('',(106.445,232.911,16.5));
#13564=CARTESIAN_POINT('',(211.22,199.8606,16.5));
#13565=CARTESIAN_POINT('',(197.221,199.8606,16.5));
#13566=CARTESIAN_POINT('',(211.22,199.8606,16.5));
#13567=CARTESIAN_POINT('',(197.221,213.8599,16.5));
#13568=CARTESIAN_POINT('',(197.221,199.8606,16.5));
#13569=CARTESIAN_POINT('',(211.22,213.8599,16.5));
#13570=CARTESIAN_POINT('',(197.221,213.8599,16.5));
#13571=CARTESIAN_POINT('',(211.22,213.8599,16.5));
#13572=CARTESIAN_POINT('',(187.407,161.7606,16.5));
#13573=CARTESIAN_POINT('',(173.408,161.7606,16.5));
#13574=CARTESIAN_POINT('',(187.407,161.7606,16.5));
#13575=CARTESIAN_POINT('',(173.408,175.7598,16.5));
#13576=CARTESIAN_POINT('',(173.408,161.7606,16.5));
#13577=CARTESIAN_POINT('',(187.407,175.7598,16.5));
#13578=CARTESIAN_POINT('',(173.408,175.7598,16.5));
#13579=CARTESIAN_POINT('',(187.407,175.7598,16.5));
#13580=CARTESIAN_POINT('',(220.745,123.6605,16.5));
#13581=CARTESIAN_POINT('',(206.746,123.6605,16.5));
#13582=CARTESIAN_POINT('',(220.745,123.6605,16.5));
#13583=CARTESIAN_POINT('',(206.746,137.6614,16.5));
#13584=CARTESIAN_POINT('',(206.746,123.6605,16.5));
#13585=CARTESIAN_POINT('',(220.745,137.6614,16.5));
#13586=CARTESIAN_POINT('',(206.746,137.6614,16.5));
#13587=CARTESIAN_POINT('',(220.745,137.6614,16.5));
#13588=CARTESIAN_POINT('',(182.645,180.8106,16.5));
#13589=CARTESIAN_POINT('',(168.646,180.8106,16.5));
#13590=CARTESIAN_POINT('',(182.645,180.8106,16.5));
#13591=CARTESIAN_POINT('',(168.646,194.8098,16.5));
#13592=CARTESIAN_POINT('',(168.646,180.8106,16.5));
#13593=CARTESIAN_POINT('',(182.645,194.8098,16.5));
#13594=CARTESIAN_POINT('',(168.646,194.8098,16.5));
#13595=CARTESIAN_POINT('',(182.645,194.8098,16.5));
#13596=CARTESIAN_POINT('',(54.0575,161.7606,16.5));
#13597=CARTESIAN_POINT('',(40.0582,161.7606,16.5));
#13598=CARTESIAN_POINT('',(54.0575,161.7606,16.5));
#13599=CARTESIAN_POINT('',(40.0582,175.7598,16.5));
#13600=CARTESIAN_POINT('',(40.0582,161.7606,16.5));
#13601=CARTESIAN_POINT('',(54.0575,175.7598,16.5));
#13602=CARTESIAN_POINT('',(40.0582,175.7598,16.5));
#13603=CARTESIAN_POINT('',(54.0575,175.7598,16.5));
#13604=CARTESIAN_POINT('',(42.1512,123.6605,16.5));
#13605=CARTESIAN_POINT('',(28.152,123.6605,16.5));
#13606=CARTESIAN_POINT('',(42.1512,123.6605,16.5));
#13607=CARTESIAN_POINT('',(28.152,137.6614,16.5));
#13608=CARTESIAN_POINT('',(28.152,123.6605,16.5));
#13609=CARTESIAN_POINT('',(42.1512,137.6614,16.5));
#13610=CARTESIAN_POINT('',(28.152,137.6614,16.5));
#13611=CARTESIAN_POINT('',(42.1512,137.6614,16.5));
#13612=CARTESIAN_POINT('',(101.682,142.7105,16.5));
#13613=CARTESIAN_POINT('',(87.683,142.7105,16.5));
#13614=CARTESIAN_POINT('',(101.682,142.7105,16.5));
#13615=CARTESIAN_POINT('',(87.683,156.7099,16.5));
#13616=CARTESIAN_POINT('',(87.683,142.7105,16.5));
#13617=CARTESIAN_POINT('',(101.682,156.7099,16.5));
#13618=CARTESIAN_POINT('',(87.683,156.7099,16.5));
#13619=CARTESIAN_POINT('',(101.682,156.7099,16.5));
#13620=CARTESIAN_POINT('',(-12.6174,180.8106,16.5));
#13621=CARTESIAN_POINT('',(-26.6169,180.8106,16.5));
#13622=CARTESIAN_POINT('',(-12.6174,180.8106,16.5));
#13623=CARTESIAN_POINT('',(-26.6169,194.8098,16.5));
#13624=CARTESIAN_POINT('',(-26.6169,180.8106,16.5));
#13625=CARTESIAN_POINT('',(-12.6174,194.8098,16.5));
#13626=CARTESIAN_POINT('',(-26.6169,194.8098,16.5));
#13627=CARTESIAN_POINT('',(-12.6174,194.8098,16.5));
#13628=CARTESIAN_POINT('',(-19.4732,156.7099,16.5));
#13629=CARTESIAN_POINT('',(-5.47369999999999,156.7099,16.5));
#13630=CARTESIAN_POINT('',(-5.4737,156.7099,16.5));
#13631=CARTESIAN_POINT('',(-5.47369999999999,152.0094,16.5));
#13632=CARTESIAN_POINT('',(-5.4737,152.0094,16.5));
#13633=CARTESIAN_POINT('',(-3.94820000000001,152.0094,16.5));
#13634=CARTESIAN_POINT('',(-3.9482,152.0094,16.5));
#13635=CARTESIAN_POINT('',(-3.94820000000001,155.2395,16.5));
#13636=CARTESIAN_POINT('',(-3.9482,155.2395,16.5));
#13637=CARTESIAN_POINT('',(-2.22289999999999,155.2395,16.5));
#13638=CARTESIAN_POINT('',(-2.2229,155.2395,16.5));
#13639=CARTESIAN_POINT('',(-2.22289999999999,156.1616,16.5));
#13640=CARTESIAN_POINT('',(-2.2229,156.1616,16.5));
#13641=CARTESIAN_POINT('',(1.07629999999999,156.1616,16.5));
#13642=CARTESIAN_POINT('',(1.07630000000001,156.1616,16.5));
#13643=CARTESIAN_POINT('',(1.07629999999999,155.2395,16.5));
#13644=CARTESIAN_POINT('',(1.07630000000001,155.2395,16.5));
#13645=CARTESIAN_POINT('',(2.80129999999998,155.2395,16.5));
#13646=CARTESIAN_POINT('',(2.8013,155.2395,16.5));
#13647=CARTESIAN_POINT('',(2.80129999999998,152.0094,16.5));
#13648=CARTESIAN_POINT('',(2.8013,152.0094,16.5));
#13649=CARTESIAN_POINT('',(3.6268,152.0094,16.5));
#13650=CARTESIAN_POINT('',(3.62680000000001,152.0094,16.5));
#13651=CARTESIAN_POINT('',(3.6268,149.2107,16.5));
#13652=CARTESIAN_POINT('',(3.62680000000001,149.2107,16.5));
#13653=CARTESIAN_POINT('',(2.80129999999998,149.2107,16.5));
#13654=CARTESIAN_POINT('',(2.8013,149.2107,16.5));
#13655=CARTESIAN_POINT('',(2.80129999999998,142.9407,16.5));
#13656=CARTESIAN_POINT('',(2.8013,142.9407,16.5));
#13657=CARTESIAN_POINT('',(1.07629999999999,142.9407,16.5));
#13658=CARTESIAN_POINT('',(1.07630000000001,142.9407,16.5));
#13659=CARTESIAN_POINT('',(1.07629999999999,141.9595,16.5));
#13660=CARTESIAN_POINT('',(1.07630000000001,141.9595,16.5));
#13661=CARTESIAN_POINT('',(-2.22289999999999,141.9595,16.5));
#13662=CARTESIAN_POINT('',(-2.2229,141.9595,16.5));
#13663=CARTESIAN_POINT('',(-2.22289999999999,142.9407,16.5));
#13664=CARTESIAN_POINT('',(-2.2229,142.9407,16.5));
#13665=CARTESIAN_POINT('',(-3.94820000000001,142.9407,16.5));
#13666=CARTESIAN_POINT('',(-3.9482,142.9407,16.5));
#13667=CARTESIAN_POINT('',(-3.94820000000001,147.411,16.5));
#13668=CARTESIAN_POINT('',(-3.9482,147.411,16.5));
#13669=CARTESIAN_POINT('',(-5.47369999999999,147.411,16.5));
#13670=CARTESIAN_POINT('',(-5.4737,147.411,16.5));
#13671=CARTESIAN_POINT('',(-5.47369999999999,142.7105,16.5));
#13672=CARTESIAN_POINT('',(-5.4737,142.7105,16.5));
#13673=CARTESIAN_POINT('',(-19.4732,142.7105,16.5));
#13674=CARTESIAN_POINT('',(-19.4732,142.7105,16.5));
#13675=CARTESIAN_POINT('',(-19.4732,147.411,16.5));
#13676=CARTESIAN_POINT('',(-19.4732,147.411,16.5));
#13677=CARTESIAN_POINT('',(-20.9987,147.411,16.5));
#13678=CARTESIAN_POINT('',(-20.9987,147.411,16.5));
#13679=CARTESIAN_POINT('',(-20.9987,142.9407,16.5));
#13680=CARTESIAN_POINT('',(-20.9987,142.9407,16.5));
#13681=CARTESIAN_POINT('',(-22.724,142.9407,16.5));
#13682=CARTESIAN_POINT('',(-22.724,142.9407,16.5));
#13683=CARTESIAN_POINT('',(-22.724,141.9595,16.5));
#13684=CARTESIAN_POINT('',(-22.724,141.9595,16.5));
#13685=CARTESIAN_POINT('',(-26.023,141.9595,16.5));
#13686=CARTESIAN_POINT('',(-26.023,141.9595,16.5));
#13687=CARTESIAN_POINT('',(-26.023,142.9407,16.5));
#13688=CARTESIAN_POINT('',(-26.023,142.9407,16.5));
#13689=CARTESIAN_POINT('',(-27.7497,142.9407,16.5));
#13690=CARTESIAN_POINT('',(-27.7497,142.9407,16.5));
#13691=CARTESIAN_POINT('',(-27.7497,149.2107,16.5));
#13692=CARTESIAN_POINT('',(-27.7497,149.2107,16.5));
#13693=CARTESIAN_POINT('',(-28.5738,149.2107,16.5));
#13694=CARTESIAN_POINT('',(-28.5738,149.2107,16.5));
#13695=CARTESIAN_POINT('',(-28.5738,152.0094,16.5));
#13696=CARTESIAN_POINT('',(-28.5738,152.0094,16.5));
#13697=CARTESIAN_POINT('',(-27.7497,152.0094,16.5));
#13698=CARTESIAN_POINT('',(-27.7497,152.0094,16.5));
#13699=CARTESIAN_POINT('',(-27.7497,155.2395,16.5));
#13700=CARTESIAN_POINT('',(-27.7497,155.2395,16.5));
#13701=CARTESIAN_POINT('',(-26.023,155.2395,16.5));
#13702=CARTESIAN_POINT('',(-26.023,155.2395,16.5));
#13703=CARTESIAN_POINT('',(-26.023,156.1616,16.5));
#13704=CARTESIAN_POINT('',(-26.023,156.1616,16.5));
#13705=CARTESIAN_POINT('',(-22.724,156.1616,16.5));
#13706=CARTESIAN_POINT('',(-22.724,156.1616,16.5));
#13707=CARTESIAN_POINT('',(-22.724,155.2395,16.5));
#13708=CARTESIAN_POINT('',(-22.724,155.2395,16.5));
#13709=CARTESIAN_POINT('',(-20.9987,155.2395,16.5));
#13710=CARTESIAN_POINT('',(-20.9987,155.2395,16.5));
#13711=CARTESIAN_POINT('',(-20.9987,152.0094,16.5));
#13712=CARTESIAN_POINT('',(-20.9987,152.0094,16.5));
#13713=CARTESIAN_POINT('',(-19.4732,152.0094,16.5));
#13714=CARTESIAN_POINT('',(-19.4732,152.0094,16.5));
#13715=CARTESIAN_POINT('',(-19.4732,156.7099,16.5));
#13716=CARTESIAN_POINT('',(158.832,142.7105,16.5));
#13717=CARTESIAN_POINT('',(144.833,142.7105,16.5));
#13718=CARTESIAN_POINT('',(158.832,142.7105,16.5));
#13719=CARTESIAN_POINT('',(144.833,156.7099,16.5));
#13720=CARTESIAN_POINT('',(144.833,142.7105,16.5));
#13721=CARTESIAN_POINT('',(158.832,156.7099,16.5));
#13722=CARTESIAN_POINT('',(144.833,156.7099,16.5));
#13723=CARTESIAN_POINT('',(158.832,156.7099,16.5));
#13724=CARTESIAN_POINT('',(218.364,142.7105,16.5));
#13725=CARTESIAN_POINT('',(204.363,142.7105,16.5));
#13726=CARTESIAN_POINT('',(218.364,142.7105,16.5));
#13727=CARTESIAN_POINT('',(204.363,156.7099,16.5));
#13728=CARTESIAN_POINT('',(204.363,142.7105,16.5));
#13729=CARTESIAN_POINT('',(218.364,156.7099,16.5));
#13730=CARTESIAN_POINT('',(204.363,156.7099,16.5));
#13731=CARTESIAN_POINT('',(218.364,156.7099,16.5));
#13732=CARTESIAN_POINT('',(139.782,142.7105,16.5));
#13733=CARTESIAN_POINT('',(125.783,142.7105,16.5));
#13734=CARTESIAN_POINT('',(139.782,142.7105,16.5));
#13735=CARTESIAN_POINT('',(125.783,156.7099,16.5));
#13736=CARTESIAN_POINT('',(125.783,142.7105,16.5));
#13737=CARTESIAN_POINT('',(139.782,156.7099,16.5));
#13738=CARTESIAN_POINT('',(125.783,156.7099,16.5));
#13739=CARTESIAN_POINT('',(139.782,156.7099,16.5));
#13740=CARTESIAN_POINT('',(82.632,142.7105,16.5));
#13741=CARTESIAN_POINT('',(68.633,142.7105,16.5));
#13742=CARTESIAN_POINT('',(82.632,142.7105,16.5));
#13743=CARTESIAN_POINT('',(68.633,156.7099,16.5));
#13744=CARTESIAN_POINT('',(68.633,142.7105,16.5));
#13745=CARTESIAN_POINT('',(82.632,156.7099,16.5));
#13746=CARTESIAN_POINT('',(68.633,156.7099,16.5));
#13747=CARTESIAN_POINT('',(82.632,156.7099,16.5));
#13748=CARTESIAN_POINT('',(196.932,142.7105,16.5));
#13749=CARTESIAN_POINT('',(182.933,142.7105,16.5));
#13750=CARTESIAN_POINT('',(196.932,142.7105,16.5));
#13751=CARTESIAN_POINT('',(182.933,156.7099,16.5));
#13752=CARTESIAN_POINT('',(182.933,142.7105,16.5));
#13753=CARTESIAN_POINT('',(196.932,156.7099,16.5));
#13754=CARTESIAN_POINT('',(182.933,156.7099,16.5));
#13755=CARTESIAN_POINT('',(196.932,156.7099,16.5));
#13756=CARTESIAN_POINT('',(87.395,180.8106,16.5));
#13757=CARTESIAN_POINT('',(73.396,180.8106,16.5));
#13758=CARTESIAN_POINT('',(87.395,180.8106,16.5));
#13759=CARTESIAN_POINT('',(73.396,194.8098,16.5));
#13760=CARTESIAN_POINT('',(73.396,180.8106,16.5));
#13761=CARTESIAN_POINT('',(87.395,194.8098,16.5));
#13762=CARTESIAN_POINT('',(73.396,194.8098,16.5));
#13763=CARTESIAN_POINT('',(87.395,194.8098,16.5));
#13764=CARTESIAN_POINT('',(68.345,218.911,16.5));
#13765=CARTESIAN_POINT('',(54.3457,218.911,16.5));
#13766=CARTESIAN_POINT('',(68.345,218.911,16.5));
#13767=CARTESIAN_POINT('',(54.3457,232.911,16.5));
#13768=CARTESIAN_POINT('',(54.3457,218.911,16.5));
#13769=CARTESIAN_POINT('',(68.345,232.911,16.5));
#13770=CARTESIAN_POINT('',(54.3457,232.911,16.5));
#13771=CARTESIAN_POINT('',(68.345,232.911,16.5));
#13772=CARTESIAN_POINT('',(125.495,218.911,16.5));
#13773=CARTESIAN_POINT('',(111.496,218.911,16.5));
#13774=CARTESIAN_POINT('',(125.495,218.911,16.5));
#13775=CARTESIAN_POINT('',(111.496,232.911,16.5));
#13776=CARTESIAN_POINT('',(111.496,218.911,16.5));
#13777=CARTESIAN_POINT('',(125.495,232.911,16.5));
#13778=CARTESIAN_POINT('',(111.496,232.911,16.5));
#13779=CARTESIAN_POINT('',(125.495,232.911,16.5));
#13780=CARTESIAN_POINT('',(35.0075,161.7606,16.5));
#13781=CARTESIAN_POINT('',(21.0082,161.7606,16.5));
#13782=CARTESIAN_POINT('',(35.0075,161.7606,16.5));
#13783=CARTESIAN_POINT('',(21.0082,175.7598,16.5));
#13784=CARTESIAN_POINT('',(21.0082,161.7606,16.5));
#13785=CARTESIAN_POINT('',(35.0075,175.7598,16.5));
#13786=CARTESIAN_POINT('',(21.0082,175.7598,16.5));
#13787=CARTESIAN_POINT('',(35.0075,175.7598,16.5));
#13788=CARTESIAN_POINT('',(106.445,180.8106,16.5));
#13789=CARTESIAN_POINT('',(92.446,180.8106,16.5));
#13790=CARTESIAN_POINT('',(106.445,180.8106,16.5));
#13791=CARTESIAN_POINT('',(92.446,194.8098,16.5));
#13792=CARTESIAN_POINT('',(92.446,180.8106,16.5));
#13793=CARTESIAN_POINT('',(106.445,194.8098,16.5));
#13794=CARTESIAN_POINT('',(92.446,194.8098,16.5));
#13795=CARTESIAN_POINT('',(106.445,194.8098,16.5));
#13796=CARTESIAN_POINT('',(96.92,199.8606,16.5));
#13797=CARTESIAN_POINT('',(82.919,199.8606,16.5));
#13798=CARTESIAN_POINT('',(96.92,199.8606,16.5));
#13799=CARTESIAN_POINT('',(82.919,213.8599,16.5));
#13800=CARTESIAN_POINT('',(82.919,199.8606,16.5));
#13801=CARTESIAN_POINT('',(96.92,213.8599,16.5));
#13802=CARTESIAN_POINT('',(82.919,213.8599,16.5));
#13803=CARTESIAN_POINT('',(96.92,213.8599,16.5));
#13804=CARTESIAN_POINT('',(154.07,199.8606,16.5));
#13805=CARTESIAN_POINT('',(140.071,199.8606,16.5));
#13806=CARTESIAN_POINT('',(154.07,199.8606,16.5));
#13807=CARTESIAN_POINT('',(140.071,213.8599,16.5));
#13808=CARTESIAN_POINT('',(140.071,199.8606,16.5));
#13809=CARTESIAN_POINT('',(154.07,213.8599,16.5));
#13810=CARTESIAN_POINT('',(140.071,213.8599,16.5));
#13811=CARTESIAN_POINT('',(154.07,213.8599,16.5));
#13812=CARTESIAN_POINT('',(11.195,218.911,16.5));
#13813=CARTESIAN_POINT('',(-2.8043,218.911,16.5));
#13814=CARTESIAN_POINT('',(11.195,218.911,16.5));
#13815=CARTESIAN_POINT('',(-2.8043,232.911,16.5));
#13816=CARTESIAN_POINT('',(-2.8043,218.911,16.5));
#13817=CARTESIAN_POINT('',(11.195,232.911,16.5));
#13818=CARTESIAN_POINT('',(-2.8043,232.911,16.5));
#13819=CARTESIAN_POINT('',(11.195,232.911,16.5));
#13820=CARTESIAN_POINT('',(192.17,199.8606,16.5));
#13821=CARTESIAN_POINT('',(178.171,199.8606,16.5));
#13822=CARTESIAN_POINT('',(192.17,199.8606,16.5));
#13823=CARTESIAN_POINT('',(178.171,213.8599,16.5));
#13824=CARTESIAN_POINT('',(178.171,199.8606,16.5));
#13825=CARTESIAN_POINT('',(192.17,213.8599,16.5));
#13826=CARTESIAN_POINT('',(178.171,213.8599,16.5));
#13827=CARTESIAN_POINT('',(192.17,213.8599,16.5));
#13828=CARTESIAN_POINT('',(58.82,199.8606,16.5));
#13829=CARTESIAN_POINT('',(44.8207,199.8606,16.5));
#13830=CARTESIAN_POINT('',(58.82,199.8606,16.5));
#13831=CARTESIAN_POINT('',(44.8207,213.8599,16.5));
#13832=CARTESIAN_POINT('',(44.8207,199.8606,16.5));
#13833=CARTESIAN_POINT('',(58.82,213.8599,16.5));
#13834=CARTESIAN_POINT('',(44.8207,213.8599,16.5));
#13835=CARTESIAN_POINT('',(58.82,213.8599,16.5));
#13836=CARTESIAN_POINT('',(49.295,180.8106,16.5));
#13837=CARTESIAN_POINT('',(35.2957,180.8106,16.5));
#13838=CARTESIAN_POINT('',(49.295,180.8106,16.5));
#13839=CARTESIAN_POINT('',(35.2957,194.8098,16.5));
#13840=CARTESIAN_POINT('',(35.2957,180.8106,16.5));
#13841=CARTESIAN_POINT('',(49.295,194.8098,16.5));
#13842=CARTESIAN_POINT('',(35.2957,194.8098,16.5));
#13843=CARTESIAN_POINT('',(49.295,194.8098,16.5));
#13844=CARTESIAN_POINT('',(239.795,180.8106,16.5));
#13845=CARTESIAN_POINT('',(225.796,180.8106,16.5));
#13846=CARTESIAN_POINT('',(239.795,180.8106,16.5));
#13847=CARTESIAN_POINT('',(225.796,194.8098,16.5));
#13848=CARTESIAN_POINT('',(225.796,180.8106,16.5));
#13849=CARTESIAN_POINT('',(239.795,194.8098,16.5));
#13850=CARTESIAN_POINT('',(225.796,194.8098,16.5));
#13851=CARTESIAN_POINT('',(239.795,194.8098,16.5));
#13852=CARTESIAN_POINT('',(-12.6174,218.911,16.5));
#13853=CARTESIAN_POINT('',(-26.6169,218.911,16.5));
#13854=CARTESIAN_POINT('',(-12.6174,218.911,16.5));
#13855=CARTESIAN_POINT('',(-26.6169,232.911,16.5));
#13856=CARTESIAN_POINT('',(-26.6169,218.911,16.5));
#13857=CARTESIAN_POINT('',(-12.6174,232.911,16.5));
#13858=CARTESIAN_POINT('',(-26.6169,232.911,16.5));
#13859=CARTESIAN_POINT('',(-12.6174,232.911,16.5));
#13860=CARTESIAN_POINT('',(-17.3799,123.6605,16.5));
#13861=CARTESIAN_POINT('',(-31.38081,123.6605,16.5));
#13862=CARTESIAN_POINT('',(-17.3799,123.6605,16.5));
#13863=CARTESIAN_POINT('',(-31.38081,137.6614,16.5));
#13864=CARTESIAN_POINT('',(-31.38081,123.6605,16.5));
#13865=CARTESIAN_POINT('',(-17.3799,137.6614,16.5));
#13866=CARTESIAN_POINT('',(-31.38081,137.6614,16.5));
#13867=CARTESIAN_POINT('',(-17.3799,137.6614,16.5));
#13868=CARTESIAN_POINT('',(163.595,218.911,16.5));
#13869=CARTESIAN_POINT('',(149.596,218.911,16.5));
#13870=CARTESIAN_POINT('',(163.595,218.911,16.5));
#13871=CARTESIAN_POINT('',(149.596,232.911,16.5));
#13872=CARTESIAN_POINT('',(149.596,218.911,16.5));
#13873=CARTESIAN_POINT('',(163.595,232.911,16.5));
#13874=CARTESIAN_POINT('',(149.596,232.911,16.5));
#13875=CARTESIAN_POINT('',(163.595,232.911,16.5));
#13876=CARTESIAN_POINT('',(101.682,132.0094,16.5));
#13877=CARTESIAN_POINT('',(129.8518,132.0094,16.5));
#13878=CARTESIAN_POINT('',(91.77992115,132.0094,16.5));
#13879=CARTESIAN_POINT('',(129.8518,135.2395,16.5));
#13880=CARTESIAN_POINT('',(129.8518,155.147212,16.5));
#13881=CARTESIAN_POINT('',(131.5771,135.2395,16.5));
#13882=CARTESIAN_POINT('',(126.55517115,135.2395,16.5));
#13883=CARTESIAN_POINT('',(131.5771,136.1616,16.5));
#13884=CARTESIAN_POINT('',(131.5771,156.762262,16.5));
#13885=CARTESIAN_POINT('',(134.8763,136.1616,16.5));
#13886=CARTESIAN_POINT('',(127.41782115,136.1616,16.5));
#13887=CARTESIAN_POINT('',(134.8763,135.2395,16.5));
#13888=CARTESIAN_POINT('',(134.8763,157.223312,16.5));
#13889=CARTESIAN_POINT('',(136.6013,135.2395,16.5));
#13890=CARTESIAN_POINT('',(129.06742115,135.2395,16.5));
#13891=CARTESIAN_POINT('',(136.6013,132.0094,16.5));
#13892=CARTESIAN_POINT('',(136.6013,156.762262,16.5));
#13893=CARTESIAN_POINT('',(137.4268,132.0094,16.5));
#13894=CARTESIAN_POINT('',(129.92992115,132.0094,16.5));
#13895=CARTESIAN_POINT('',(137.4268,129.2107,16.5));
#13896=CARTESIAN_POINT('',(137.4268,155.147212,16.5));
#13897=CARTESIAN_POINT('',(136.6013,129.2107,16.5));
#13898=CARTESIAN_POINT('',(130.34267115,129.2107,16.5));
#13899=CARTESIAN_POINT('',(136.6013,122.9407,16.5));
#13900=CARTESIAN_POINT('',(136.6013,153.747862,16.5));
#13901=CARTESIAN_POINT('',(134.8763,122.9407,16.5));
#13902=CARTESIAN_POINT('',(129.92992115,122.9407,16.5));
#13903=CARTESIAN_POINT('',(134.8763,121.9595,16.5));
#13904=CARTESIAN_POINT('',(134.8763,150.612862,16.5));
#13905=CARTESIAN_POINT('',(131.5771,121.9595,16.5));
#13906=CARTESIAN_POINT('',(129.06742115,121.9595,16.5));
#13907=CARTESIAN_POINT('',(131.5771,122.9407,16.5));
#13908=CARTESIAN_POINT('',(131.5771,150.122262,16.5));
#13909=CARTESIAN_POINT('',(129.8518,122.9407,16.5));
#13910=CARTESIAN_POINT('',(127.41782115,122.9407,16.5));
#13911=CARTESIAN_POINT('',(129.8518,127.411,16.5));
#13912=CARTESIAN_POINT('',(129.8518,150.612862,16.5));
#13913=CARTESIAN_POINT('',(101.682,127.411,16.5));
#13914=CARTESIAN_POINT('',(126.55517115,127.411,16.5));
#13915=CARTESIAN_POINT('',(101.682,123.6605,16.5));
#13916=CARTESIAN_POINT('',(101.682,137.6614,16.5));
#13917=CARTESIAN_POINT('',(87.683,123.6605,16.5));
#13918=CARTESIAN_POINT('',(101.682,123.6605,16.5));
#13919=CARTESIAN_POINT('',(87.683,127.411,16.5));
#13920=CARTESIAN_POINT('',(87.683,123.6605,16.5));
#13921=CARTESIAN_POINT('',(60.3013,127.411,16.5));
#13922=CARTESIAN_POINT('',(126.55517115,127.411,16.5));
#13923=CARTESIAN_POINT('',(60.3013,122.9407,16.5));
#13924=CARTESIAN_POINT('',(60.3013,152.848012,16.5));
#13925=CARTESIAN_POINT('',(58.576,122.9407,16.5));
#13926=CARTESIAN_POINT('',(91.77992115,122.9407,16.5));
#13927=CARTESIAN_POINT('',(58.576,121.9595,16.5));
#13928=CARTESIAN_POINT('',(58.576,150.612862,16.5));
#13929=CARTESIAN_POINT('',(55.277,121.9595,16.5));
#13930=CARTESIAN_POINT('',(90.91727115,121.9595,16.5));
#13931=CARTESIAN_POINT('',(55.277,122.9407,16.5));
#13932=CARTESIAN_POINT('',(55.277,150.122262,16.5));
#13933=CARTESIAN_POINT('',(53.5503,122.9407,16.5));
#13934=CARTESIAN_POINT('',(89.26777115,122.9407,16.5));
#13935=CARTESIAN_POINT('',(53.5503,129.2107,16.5));
#13936=CARTESIAN_POINT('',(53.5503,150.612862,16.5));
#13937=CARTESIAN_POINT('',(52.7262,129.2107,16.5));
#13938=CARTESIAN_POINT('',(88.40442115,129.2107,16.5));
#13939=CARTESIAN_POINT('',(52.7262,132.0094,16.5));
#13940=CARTESIAN_POINT('',(52.7262,153.747862,16.5));
#13941=CARTESIAN_POINT('',(53.5503,132.0094,16.5));
#13942=CARTESIAN_POINT('',(87.99237115,132.0094,16.5));
#13943=CARTESIAN_POINT('',(53.5503,135.2395,16.5));
#13944=CARTESIAN_POINT('',(53.5503,155.147212,16.5));
#13945=CARTESIAN_POINT('',(55.277,135.2395,16.5));
#13946=CARTESIAN_POINT('',(88.40442115,135.2395,16.5));
#13947=CARTESIAN_POINT('',(55.277,136.1616,16.5));
#13948=CARTESIAN_POINT('',(55.277,156.762262,16.5));
#13949=CARTESIAN_POINT('',(58.576,136.1616,16.5));
#13950=CARTESIAN_POINT('',(89.26777115,136.1616,16.5));
#13951=CARTESIAN_POINT('',(58.576,135.2395,16.5));
#13952=CARTESIAN_POINT('',(58.576,157.223312,16.5));
#13953=CARTESIAN_POINT('',(60.3013,135.2395,16.5));
#13954=CARTESIAN_POINT('',(90.91727115,135.2395,16.5));
#13955=CARTESIAN_POINT('',(60.3013,132.0094,16.5));
#13956=CARTESIAN_POINT('',(60.3013,156.762262,16.5));
#13957=CARTESIAN_POINT('',(87.683,132.0094,16.5));
#13958=CARTESIAN_POINT('',(91.77992115,132.0094,16.5));
#13959=CARTESIAN_POINT('',(87.683,137.6614,16.5));
#13960=CARTESIAN_POINT('',(87.683,123.6605,16.5));
#13961=CARTESIAN_POINT('',(101.682,137.6614,16.5));
#13962=CARTESIAN_POINT('',(87.683,137.6614,16.5));
#13963=CARTESIAN_POINT('',(101.682,137.6614,16.5));
#13964=CARTESIAN_POINT('',(-82.207218,114.747352,16.5));
#13965=CARTESIAN_POINT('Origin',(-83.807218,114.747352,16.5));
#13966=CARTESIAN_POINT('',(-82.4,241.946689,16.5));
#13967=CARTESIAN_POINT('Origin',(-84.,241.946689,16.5));
#13968=CARTESIAN_POINT('Origin',(285.422,250.7,14.5));
#13969=CARTESIAN_POINT('Origin',(114.282801,114.306116,11.51));
#13970=CARTESIAN_POINT('',(115.882801,114.306116,11.51));
#13971=CARTESIAN_POINT('Origin',(301.,114.5,11.51));
#13972=CARTESIAN_POINT('',(302.6,114.5,11.51));
#13973=CARTESIAN_POINT('Origin',(300.65625,241.91875,11.51));
#13974=CARTESIAN_POINT('',(302.25625,241.91875,11.51));
#13975=CARTESIAN_POINT('Origin',(-84.,241.946689,11.51));
#13976=CARTESIAN_POINT('',(-82.4,241.946689,11.51));
#13977=CARTESIAN_POINT('Origin',(-83.807218,114.747352,11.51));
#13978=CARTESIAN_POINT('',(-82.207218,114.747352,11.51));
#13979=CARTESIAN_POINT('Origin',(114.59375,242.09375,11.51));
#13980=CARTESIAN_POINT('',(116.19375,242.09375,11.51));
#13981=CARTESIAN_POINT('Origin',(-71.39,193.1875,16.5));
#13982=CARTESIAN_POINT('',(-71.39,193.1875,16.5));
#13983=CARTESIAN_POINT('Origin',(-46.39,193.1875,16.5));
#13984=CARTESIAN_POINT('Origin',(136.6013,132.0094,50.));
#13985=CARTESIAN_POINT('',(136.6013,132.0094,15.));
#13986=CARTESIAN_POINT('',(137.4268,132.0094,15.));
#13987=CARTESIAN_POINT('Origin',(137.4268,132.0094,50.));
#13988=CARTESIAN_POINT('',(137.4268,129.2107,15.));
#13989=CARTESIAN_POINT('Origin',(137.4268,129.2107,50.));
#13990=CARTESIAN_POINT('',(136.6013,129.2107,15.));
#13991=CARTESIAN_POINT('Origin',(136.6013,129.2107,50.));
#13992=CARTESIAN_POINT('',(136.6013,122.9407,15.));
#13993=CARTESIAN_POINT('Origin',(136.6013,122.9407,50.));
#13994=CARTESIAN_POINT('',(134.8763,122.9407,15.));
#13995=CARTESIAN_POINT('Origin',(134.8763,122.9407,50.));
#13996=CARTESIAN_POINT('',(134.8763,121.9595,15.));
#13997=CARTESIAN_POINT('Origin',(134.8763,121.9595,50.));
#13998=CARTESIAN_POINT('',(131.5771,121.9595,15.));
#13999=CARTESIAN_POINT('Origin',(131.5771,121.9595,50.));
#14000=CARTESIAN_POINT('',(131.5771,122.9407,15.));
#14001=CARTESIAN_POINT('Origin',(131.5771,122.9407,50.));
#14002=CARTESIAN_POINT('',(129.8518,122.9407,15.));
#14003=CARTESIAN_POINT('Origin',(129.8518,122.9407,50.));
#14004=CARTESIAN_POINT('',(129.8518,127.411,50.));
#14005=CARTESIAN_POINT('Origin',(53.5503,132.0094,50.));
#14006=CARTESIAN_POINT('',(53.5503,132.0094,15.));
#14007=CARTESIAN_POINT('',(53.5503,135.2395,15.));
#14008=CARTESIAN_POINT('Origin',(53.5503,135.2395,50.));
#14009=CARTESIAN_POINT('',(55.277,135.2395,15.));
#14010=CARTESIAN_POINT('Origin',(55.277,135.2395,50.));
#14011=CARTESIAN_POINT('',(55.277,136.1616,15.));
#14012=CARTESIAN_POINT('Origin',(55.277,136.1616,50.));
#14013=CARTESIAN_POINT('',(58.576,136.1616,15.));
#14014=CARTESIAN_POINT('Origin',(58.576,136.1616,50.));
#14015=CARTESIAN_POINT('',(58.576,135.2395,15.));
#14016=CARTESIAN_POINT('Origin',(58.576,135.2395,50.));
#14017=CARTESIAN_POINT('',(60.3013,135.2395,15.));
#14018=CARTESIAN_POINT('Origin',(60.3013,135.2395,50.));
#14019=CARTESIAN_POINT('',(60.3013,132.0094,15.));
#14020=CARTESIAN_POINT('Origin',(60.3013,132.0094,50.));
#14021=CARTESIAN_POINT('',(87.683,132.0094,15.));
#14022=CARTESIAN_POINT('Origin',(129.8518,127.411,50.));
#14023=CARTESIAN_POINT('',(87.683,127.411,32.5));
#14024=CARTESIAN_POINT('',(60.3013,127.411,15.));
#14025=CARTESIAN_POINT('Origin',(129.8518,127.411,50.));
#14026=CARTESIAN_POINT('',(101.682,127.411,15.));
#14027=CARTESIAN_POINT('Origin',(136.6013,135.2395,50.));
#14028=CARTESIAN_POINT('',(136.6013,135.2395,15.));
#14029=CARTESIAN_POINT('Origin',(134.8763,135.2395,50.));
#14030=CARTESIAN_POINT('',(134.8763,135.2395,15.));
#14031=CARTESIAN_POINT('Origin',(134.8763,136.1616,50.));
#14032=CARTESIAN_POINT('',(134.8763,136.1616,15.));
#14033=CARTESIAN_POINT('Origin',(131.5771,136.1616,50.));
#14034=CARTESIAN_POINT('',(131.5771,136.1616,15.));
#14035=CARTESIAN_POINT('Origin',(131.5771,135.2395,50.));
#14036=CARTESIAN_POINT('',(131.5771,135.2395,15.));
#14037=CARTESIAN_POINT('Origin',(129.8518,135.2395,50.));
#14038=CARTESIAN_POINT('',(129.8518,135.2395,15.));
#14039=CARTESIAN_POINT('Origin',(129.8518,132.0094,50.));
#14040=CARTESIAN_POINT('',(129.8518,132.0094,15.));
#14041=CARTESIAN_POINT('Origin',(60.3013,132.0094,50.));
#14042=CARTESIAN_POINT('',(101.682,132.0094,32.5));
#14043=CARTESIAN_POINT('Origin',(52.7262,132.0094,50.));
#14044=CARTESIAN_POINT('',(52.7262,132.0094,15.));
#14045=CARTESIAN_POINT('Origin',(52.7262,129.2107,50.));
#14046=CARTESIAN_POINT('',(52.7262,129.2107,15.));
#14047=CARTESIAN_POINT('Origin',(53.5503,129.2107,50.));
#14048=CARTESIAN_POINT('',(53.5503,129.2107,15.));
#14049=CARTESIAN_POINT('Origin',(53.5503,122.9407,50.));
#14050=CARTESIAN_POINT('',(53.5503,122.9407,15.));
#14051=CARTESIAN_POINT('Origin',(55.277,122.9407,50.));
#14052=CARTESIAN_POINT('',(55.277,122.9407,15.));
#14053=CARTESIAN_POINT('Origin',(55.277,121.9595,50.));
#14054=CARTESIAN_POINT('',(55.277,121.9595,15.));
#14055=CARTESIAN_POINT('Origin',(58.576,121.9595,50.));
#14056=CARTESIAN_POINT('',(58.576,121.9595,15.));
#14057=CARTESIAN_POINT('Origin',(58.576,122.9407,50.));
#14058=CARTESIAN_POINT('',(58.576,122.9407,15.));
#14059=CARTESIAN_POINT('Origin',(60.3013,122.9407,50.));
#14060=CARTESIAN_POINT('',(60.3013,122.9407,15.));
#14061=CARTESIAN_POINT('Origin',(60.3013,127.411,50.));
#14062=CARTESIAN_POINT('Origin',(101.682,137.6614,15.));
#14063=CARTESIAN_POINT('',(101.682,123.6605,15.));
#14064=CARTESIAN_POINT('Origin',(87.683,123.6605,15.));
#14065=CARTESIAN_POINT('',(87.683,123.6605,15.));
#14066=CARTESIAN_POINT('Origin',(87.683,123.6605,15.));
#14067=CARTESIAN_POINT('',(87.683,137.6614,15.));
#14068=CARTESIAN_POINT('Origin',(235.032,213.8599,15.));
#14069=CARTESIAN_POINT('',(235.032,199.8606,15.));
#14070=CARTESIAN_POINT('',(235.032,213.8599,15.));
#14071=CARTESIAN_POINT('Origin',(221.033,213.8599,15.));
#14072=CARTESIAN_POINT('',(221.033,213.8599,15.));
#14073=CARTESIAN_POINT('Origin',(221.033,199.8606,15.));
#14074=CARTESIAN_POINT('',(221.033,199.8606,15.));
#14075=CARTESIAN_POINT('Origin',(235.032,199.8606,15.));
#14076=CARTESIAN_POINT('Origin',(30.245,232.911,15.));
#14077=CARTESIAN_POINT('',(30.245,218.911,15.));
#14078=CARTESIAN_POINT('',(30.245,232.911,15.));
#14079=CARTESIAN_POINT('Origin',(16.2457,232.911,15.));
#14080=CARTESIAN_POINT('',(16.2457,232.911,15.));
#14081=CARTESIAN_POINT('Origin',(16.2457,218.911,15.));
#14082=CARTESIAN_POINT('',(16.2457,218.911,15.));
#14083=CARTESIAN_POINT('Origin',(30.245,218.911,15.));
#14084=CARTESIAN_POINT('Origin',(168.357,175.7598,15.));
#14085=CARTESIAN_POINT('',(168.357,161.7606,15.));
#14086=CARTESIAN_POINT('',(168.357,175.7598,15.));
#14087=CARTESIAN_POINT('Origin',(154.358,175.7598,15.));
#14088=CARTESIAN_POINT('',(154.358,175.7598,15.));
#14089=CARTESIAN_POINT('Origin',(154.358,161.7606,15.));
#14090=CARTESIAN_POINT('',(154.358,161.7606,15.));
#14091=CARTESIAN_POINT('Origin',(168.357,161.7606,15.));
#14092=CARTESIAN_POINT('Origin',(73.107,175.7598,15.));
#14093=CARTESIAN_POINT('',(73.107,161.7606,15.));
#14094=CARTESIAN_POINT('',(73.107,175.7598,15.));
#14095=CARTESIAN_POINT('Origin',(59.1082,175.7598,15.));
#14096=CARTESIAN_POINT('',(59.1082,175.7598,15.));
#14097=CARTESIAN_POINT('Origin',(59.1082,161.7606,15.));
#14098=CARTESIAN_POINT('',(59.1082,161.7606,15.));
#14099=CARTESIAN_POINT('Origin',(73.107,161.7606,15.));
#14100=CARTESIAN_POINT('Origin',(206.457,175.7598,15.));
#14101=CARTESIAN_POINT('',(206.457,161.7606,15.));
#14102=CARTESIAN_POINT('',(206.457,175.7598,15.));
#14103=CARTESIAN_POINT('Origin',(192.458,175.7598,15.));
#14104=CARTESIAN_POINT('',(192.458,175.7598,15.));
#14105=CARTESIAN_POINT('Origin',(192.458,161.7606,15.));
#14106=CARTESIAN_POINT('',(192.458,161.7606,15.));
#14107=CARTESIAN_POINT('Origin',(206.457,161.7606,15.));
#14108=CARTESIAN_POINT('Origin',(11.195,194.8098,15.));
#14109=CARTESIAN_POINT('',(11.195,180.8106,15.));
#14110=CARTESIAN_POINT('',(11.195,194.8098,15.));
#14111=CARTESIAN_POINT('Origin',(-2.8043,194.8098,15.));
#14112=CARTESIAN_POINT('',(-2.8043,194.8098,15.));
#14113=CARTESIAN_POINT('Origin',(-2.8043,180.8106,15.));
#14114=CARTESIAN_POINT('',(-2.8043,180.8106,15.));
#14115=CARTESIAN_POINT('Origin',(11.195,180.8106,15.));
#14116=CARTESIAN_POINT('Origin',(173.12,213.8599,15.));
#14117=CARTESIAN_POINT('',(173.12,199.8606,15.));
#14118=CARTESIAN_POINT('',(173.12,213.8599,15.));
#14119=CARTESIAN_POINT('Origin',(159.121,213.8599,15.));
#14120=CARTESIAN_POINT('',(159.121,213.8599,15.));
#14121=CARTESIAN_POINT('Origin',(159.121,199.8606,15.));
#14122=CARTESIAN_POINT('',(159.121,199.8606,15.));
#14123=CARTESIAN_POINT('Origin',(173.12,199.8606,15.));
#14124=CARTESIAN_POINT('Origin',(135.02,213.8599,15.));
#14125=CARTESIAN_POINT('',(135.02,199.8606,15.));
#14126=CARTESIAN_POINT('',(135.02,213.8599,15.));
#14127=CARTESIAN_POINT('Origin',(121.021,213.8599,15.));
#14128=CARTESIAN_POINT('',(121.021,213.8599,15.));
#14129=CARTESIAN_POINT('Origin',(121.021,199.8606,15.));
#14130=CARTESIAN_POINT('',(121.021,199.8606,15.));
#14131=CARTESIAN_POINT('Origin',(135.02,199.8606,15.));
#14132=CARTESIAN_POINT('Origin',(277.895,213.8599,15.));
#14133=CARTESIAN_POINT('',(277.895,199.8606,15.));
#14134=CARTESIAN_POINT('',(277.895,213.8599,15.));
#14135=CARTESIAN_POINT('Origin',(263.896,213.8599,15.));
#14136=CARTESIAN_POINT('',(263.896,213.8599,15.));
#14137=CARTESIAN_POINT('Origin',(263.896,199.8606,15.));
#14138=CARTESIAN_POINT('',(263.896,199.8606,15.));
#14139=CARTESIAN_POINT('Origin',(277.895,199.8606,15.));
#14140=CARTESIAN_POINT('Origin',(115.97,213.8599,15.));
#14141=CARTESIAN_POINT('',(115.97,199.8606,15.));
#14142=CARTESIAN_POINT('',(115.97,213.8599,15.));
#14143=CARTESIAN_POINT('Origin',(101.971,213.8599,15.));
#14144=CARTESIAN_POINT('',(101.971,213.8599,15.));
#14145=CARTESIAN_POINT('Origin',(101.971,199.8606,15.));
#14146=CARTESIAN_POINT('',(101.971,199.8606,15.));
#14147=CARTESIAN_POINT('Origin',(115.97,199.8606,15.));
#14148=CARTESIAN_POINT('Origin',(77.87,213.8599,15.));
#14149=CARTESIAN_POINT('',(77.87,199.8606,15.));
#14150=CARTESIAN_POINT('',(77.87,213.8599,15.));
#14151=CARTESIAN_POINT('Origin',(63.869,213.8599,15.));
#14152=CARTESIAN_POINT('',(63.869,213.8599,15.));
#14153=CARTESIAN_POINT('Origin',(63.869,199.8606,15.));
#14154=CARTESIAN_POINT('',(63.869,199.8606,15.));
#14155=CARTESIAN_POINT('Origin',(77.87,199.8606,15.));
#14156=CARTESIAN_POINT('Origin',(-17.3799,213.8599,15.));
#14157=CARTESIAN_POINT('',(-17.3799,199.8606,15.));
#14158=CARTESIAN_POINT('',(-17.3799,213.8599,15.));
#14159=CARTESIAN_POINT('Origin',(-31.38081,213.8599,15.));
#14160=CARTESIAN_POINT('',(-31.38081,213.8599,15.));
#14161=CARTESIAN_POINT('Origin',(-31.38081,199.8606,15.));
#14162=CARTESIAN_POINT('',(-31.38081,199.8606,15.));
#14163=CARTESIAN_POINT('Origin',(-17.3799,199.8606,15.));
#14164=CARTESIAN_POINT('Origin',(182.645,137.6614,15.));
#14165=CARTESIAN_POINT('',(182.645,123.6605,15.));
#14166=CARTESIAN_POINT('',(182.645,137.6614,15.));
#14167=CARTESIAN_POINT('Origin',(168.646,137.6614,15.));
#14168=CARTESIAN_POINT('',(168.646,137.6614,15.));
#14169=CARTESIAN_POINT('Origin',(168.646,123.6605,15.));
#14170=CARTESIAN_POINT('',(168.646,123.6605,15.));
#14171=CARTESIAN_POINT('Origin',(182.645,123.6605,15.));
#14172=CARTESIAN_POINT('Origin',(87.395,232.911,15.));
#14173=CARTESIAN_POINT('',(87.395,218.911,15.));
#14174=CARTESIAN_POINT('',(87.395,232.911,15.));
#14175=CARTESIAN_POINT('Origin',(73.396,232.911,15.));
#14176=CARTESIAN_POINT('',(73.396,232.911,15.));
#14177=CARTESIAN_POINT('Origin',(73.396,218.911,15.));
#14178=CARTESIAN_POINT('',(73.396,218.911,15.));
#14179=CARTESIAN_POINT('Origin',(87.395,218.911,15.));
#14180=CARTESIAN_POINT('Origin',(144.545,232.911,15.));
#14181=CARTESIAN_POINT('',(144.545,218.911,15.));
#14182=CARTESIAN_POINT('',(144.545,232.911,15.));
#14183=CARTESIAN_POINT('Origin',(130.546,232.911,15.));
#14184=CARTESIAN_POINT('',(130.546,232.911,15.));
#14185=CARTESIAN_POINT('Origin',(130.546,218.911,15.));
#14186=CARTESIAN_POINT('',(130.546,218.911,15.));
#14187=CARTESIAN_POINT('Origin',(144.545,218.911,15.));
#14188=CARTESIAN_POINT('Origin',(239.795,156.7099,15.));
#14189=CARTESIAN_POINT('',(239.795,142.7105,15.));
#14190=CARTESIAN_POINT('',(239.795,156.7099,15.));
#14191=CARTESIAN_POINT('Origin',(225.796,156.7099,15.));
#14192=CARTESIAN_POINT('',(225.796,156.7099,15.));
#14193=CARTESIAN_POINT('Origin',(225.796,142.7105,15.));
#14194=CARTESIAN_POINT('',(225.796,142.7105,15.));
#14195=CARTESIAN_POINT('Origin',(239.795,142.7105,15.));
#14196=CARTESIAN_POINT('Origin',(-10.2362,175.7598,15.));
#14197=CARTESIAN_POINT('',(-10.2362,161.7606,15.));
#14198=CARTESIAN_POINT('',(-10.2362,175.7598,15.));
#14199=CARTESIAN_POINT('Origin',(-24.2371,175.7598,15.));
#14200=CARTESIAN_POINT('',(-24.2371,175.7598,15.));
#14201=CARTESIAN_POINT('Origin',(-24.2371,161.7606,15.));
#14202=CARTESIAN_POINT('',(-24.2371,161.7606,15.));
#14203=CARTESIAN_POINT('Origin',(-10.2362,161.7606,15.));
#14204=CARTESIAN_POINT('Origin',(120.732,156.7099,15.));
#14205=CARTESIAN_POINT('',(120.732,142.7105,15.));
#14206=CARTESIAN_POINT('',(120.732,156.7099,15.));
#14207=CARTESIAN_POINT('Origin',(106.733,156.7099,15.));
#14208=CARTESIAN_POINT('',(106.733,156.7099,15.));
#14209=CARTESIAN_POINT('Origin',(106.733,142.7105,15.));
#14210=CARTESIAN_POINT('',(106.733,142.7105,15.));
#14211=CARTESIAN_POINT('Origin',(120.732,142.7105,15.));
#14212=CARTESIAN_POINT('Origin',(25.4825,156.7099,15.));
#14213=CARTESIAN_POINT('',(25.4825,142.7105,15.));
#14214=CARTESIAN_POINT('',(25.4825,156.7099,15.));
#14215=CARTESIAN_POINT('Origin',(11.4832,156.7099,15.));
#14216=CARTESIAN_POINT('',(11.4832,156.7099,15.));
#14217=CARTESIAN_POINT('Origin',(11.4832,142.7105,15.));
#14218=CARTESIAN_POINT('',(11.4832,142.7105,15.));
#14219=CARTESIAN_POINT('Origin',(25.4825,142.7105,15.));
#14220=CARTESIAN_POINT('Origin',(63.582,156.7099,15.));
#14221=CARTESIAN_POINT('',(63.582,142.7105,15.));
#14222=CARTESIAN_POINT('',(63.582,156.7099,15.));
#14223=CARTESIAN_POINT('Origin',(49.5832,156.7099,15.));
#14224=CARTESIAN_POINT('',(49.5832,156.7099,15.));
#14225=CARTESIAN_POINT('Origin',(49.5832,142.7105,15.));
#14226=CARTESIAN_POINT('',(49.5832,142.7105,15.));
#14227=CARTESIAN_POINT('Origin',(63.582,142.7105,15.));
#14228=CARTESIAN_POINT('Origin',(44.5325,156.7099,15.));
#14229=CARTESIAN_POINT('',(44.5325,142.7105,15.));
#14230=CARTESIAN_POINT('',(44.5325,156.7099,15.));
#14231=CARTESIAN_POINT('Origin',(30.5332,156.7099,15.));
#14232=CARTESIAN_POINT('',(30.5332,156.7099,15.));
#14233=CARTESIAN_POINT('Origin',(30.5332,142.7105,15.));
#14234=CARTESIAN_POINT('',(30.5332,142.7105,15.));
#14235=CARTESIAN_POINT('Origin',(44.5325,142.7105,15.));
#14236=CARTESIAN_POINT('Origin',(15.9575,175.7598,15.));
#14237=CARTESIAN_POINT('',(15.9575,161.7606,15.));
#14238=CARTESIAN_POINT('',(15.9575,175.7598,15.));
#14239=CARTESIAN_POINT('Origin',(1.9582,175.7598,15.));
#14240=CARTESIAN_POINT('',(1.9582,175.7598,15.));
#14241=CARTESIAN_POINT('Origin',(1.9582,161.7606,15.));
#14242=CARTESIAN_POINT('',(1.9582,161.7606,15.));
#14243=CARTESIAN_POINT('Origin',(15.9575,161.7606,15.));
#14244=CARTESIAN_POINT('Origin',(111.207,175.7598,15.));
#14245=CARTESIAN_POINT('',(111.207,161.7606,15.));
#14246=CARTESIAN_POINT('',(111.207,175.7598,15.));
#14247=CARTESIAN_POINT('Origin',(97.208,175.7598,15.));
#14248=CARTESIAN_POINT('',(97.208,175.7598,15.));
#14249=CARTESIAN_POINT('Origin',(97.208,161.7606,15.));
#14250=CARTESIAN_POINT('',(97.208,161.7606,15.));
#14251=CARTESIAN_POINT('Origin',(111.207,161.7606,15.));
#14252=CARTESIAN_POINT('Origin',(177.882,156.7099,15.));
#14253=CARTESIAN_POINT('',(177.882,142.7105,15.));
#14254=CARTESIAN_POINT('',(177.882,156.7099,15.));
#14255=CARTESIAN_POINT('Origin',(163.883,156.7099,15.));
#14256=CARTESIAN_POINT('',(163.883,156.7099,15.));
#14257=CARTESIAN_POINT('Origin',(163.883,142.7105,15.));
#14258=CARTESIAN_POINT('',(163.883,142.7105,15.));
#14259=CARTESIAN_POINT('Origin',(177.882,142.7105,15.));
#14260=CARTESIAN_POINT('Origin',(20.72,137.6614,15.));
#14261=CARTESIAN_POINT('',(20.72,123.6605,15.));
#14262=CARTESIAN_POINT('',(20.72,137.6614,15.));
#14263=CARTESIAN_POINT('Origin',(6.7207,137.6614,15.));
#14264=CARTESIAN_POINT('',(6.7207,137.6614,15.));
#14265=CARTESIAN_POINT('Origin',(6.7207,123.6605,15.));
#14266=CARTESIAN_POINT('',(6.7207,123.6605,15.));
#14267=CARTESIAN_POINT('Origin',(20.72,123.6605,15.));
#14268=CARTESIAN_POINT('Origin',(258.845,137.6614,15.));
#14269=CARTESIAN_POINT('',(258.845,123.6605,15.));
#14270=CARTESIAN_POINT('',(258.845,137.6614,15.));
#14271=CARTESIAN_POINT('Origin',(244.846,137.6614,15.));
#14272=CARTESIAN_POINT('',(244.846,137.6614,15.));
#14273=CARTESIAN_POINT('Origin',(244.846,123.6605,15.));
#14274=CARTESIAN_POINT('',(244.846,123.6605,15.));
#14275=CARTESIAN_POINT('Origin',(258.845,123.6605,15.));
#14276=CARTESIAN_POINT('Origin',(1.67,137.6614,15.));
#14277=CARTESIAN_POINT('',(1.67,123.6605,15.));
#14278=CARTESIAN_POINT('',(1.67,137.6614,15.));
#14279=CARTESIAN_POINT('Origin',(-12.3294,137.6614,15.));
#14280=CARTESIAN_POINT('',(-12.3294,137.6614,15.));
#14281=CARTESIAN_POINT('Origin',(-12.3294,123.6605,15.));
#14282=CARTESIAN_POINT('',(-12.3294,123.6605,15.));
#14283=CARTESIAN_POINT('Origin',(1.67,123.6605,15.));
#14284=CARTESIAN_POINT('Origin',(161.214,137.6614,15.));
#14285=CARTESIAN_POINT('',(161.214,123.6605,15.));
#14286=CARTESIAN_POINT('',(161.214,137.6614,15.));
#14287=CARTESIAN_POINT('Origin',(147.213,137.6614,15.));
#14288=CARTESIAN_POINT('',(147.213,137.6614,15.));
#14289=CARTESIAN_POINT('Origin',(147.213,123.6605,15.));
#14290=CARTESIAN_POINT('',(147.213,123.6605,15.));
#14291=CARTESIAN_POINT('Origin',(161.214,123.6605,15.));
#14292=CARTESIAN_POINT('Origin',(163.595,194.8098,15.));
#14293=CARTESIAN_POINT('',(163.595,180.8106,15.));
#14294=CARTESIAN_POINT('',(163.595,194.8098,15.));
#14295=CARTESIAN_POINT('Origin',(149.596,194.8098,15.));
#14296=CARTESIAN_POINT('',(149.596,194.8098,15.));
#14297=CARTESIAN_POINT('Origin',(149.596,180.8106,15.));
#14298=CARTESIAN_POINT('',(149.596,180.8106,15.));
#14299=CARTESIAN_POINT('Origin',(163.595,180.8106,15.));
#14300=CARTESIAN_POINT('Origin',(201.695,137.6614,15.));
#14301=CARTESIAN_POINT('',(201.695,123.6605,15.));
#14302=CARTESIAN_POINT('',(201.695,137.6614,15.));
#14303=CARTESIAN_POINT('Origin',(187.696,137.6614,15.));
#14304=CARTESIAN_POINT('',(187.696,137.6614,15.));
#14305=CARTESIAN_POINT('Origin',(187.696,123.6605,15.));
#14306=CARTESIAN_POINT('',(187.696,123.6605,15.));
#14307=CARTESIAN_POINT('Origin',(201.695,123.6605,15.));
#14308=CARTESIAN_POINT('Origin',(20.72,213.8599,15.));
#14309=CARTESIAN_POINT('',(20.72,199.8606,15.));
#14310=CARTESIAN_POINT('',(20.72,213.8599,15.));
#14311=CARTESIAN_POINT('Origin',(6.7207,213.8599,15.));
#14312=CARTESIAN_POINT('',(6.7207,213.8599,15.));
#14313=CARTESIAN_POINT('Origin',(6.7207,199.8606,15.));
#14314=CARTESIAN_POINT('',(6.7207,199.8606,15.));
#14315=CARTESIAN_POINT('Origin',(20.72,199.8606,15.));
#14316=CARTESIAN_POINT('Origin',(201.695,194.8098,15.));
#14317=CARTESIAN_POINT('',(201.695,180.8106,15.));
#14318=CARTESIAN_POINT('',(201.695,194.8098,15.));
#14319=CARTESIAN_POINT('Origin',(187.696,194.8098,15.));
#14320=CARTESIAN_POINT('',(187.696,194.8098,15.));
#14321=CARTESIAN_POINT('Origin',(187.696,180.8106,15.));
#14322=CARTESIAN_POINT('',(187.696,180.8106,15.));
#14323=CARTESIAN_POINT('Origin',(201.695,180.8106,15.));
#14324=CARTESIAN_POINT('Origin',(39.77,213.8599,15.));
#14325=CARTESIAN_POINT('',(39.77,199.8606,15.));
#14326=CARTESIAN_POINT('',(39.77,213.8599,15.));
#14327=CARTESIAN_POINT('Origin',(25.7707,213.8599,15.));
#14328=CARTESIAN_POINT('',(25.7707,213.8599,15.));
#14329=CARTESIAN_POINT('Origin',(25.7707,199.8606,15.));
#14330=CARTESIAN_POINT('',(25.7707,199.8606,15.));
#14331=CARTESIAN_POINT('Origin',(39.77,199.8606,15.));
#14332=CARTESIAN_POINT('Origin',(258.845,232.911,15.));
#14333=CARTESIAN_POINT('',(258.845,218.911,15.));
#14334=CARTESIAN_POINT('',(258.845,232.911,15.));
#14335=CARTESIAN_POINT('Origin',(244.846,232.911,15.));
#14336=CARTESIAN_POINT('',(244.846,232.911,15.));
#14337=CARTESIAN_POINT('Origin',(244.846,218.911,15.));
#14338=CARTESIAN_POINT('',(244.846,218.911,15.));
#14339=CARTESIAN_POINT('Origin',(258.845,218.911,15.));
#14340=CARTESIAN_POINT('Origin',(201.695,232.911,15.));
#14341=CARTESIAN_POINT('',(201.695,218.911,15.));
#14342=CARTESIAN_POINT('',(201.695,232.911,15.));
#14343=CARTESIAN_POINT('Origin',(187.696,232.911,15.));
#14344=CARTESIAN_POINT('',(187.696,232.911,15.));
#14345=CARTESIAN_POINT('Origin',(187.696,218.911,15.));
#14346=CARTESIAN_POINT('',(187.696,218.911,15.));
#14347=CARTESIAN_POINT('Origin',(201.695,218.911,15.));
#14348=CARTESIAN_POINT('Origin',(277.895,232.911,15.));
#14349=CARTESIAN_POINT('',(277.895,218.911,15.));
#14350=CARTESIAN_POINT('',(277.895,232.911,15.));
#14351=CARTESIAN_POINT('Origin',(263.896,232.911,15.));
#14352=CARTESIAN_POINT('',(263.896,232.911,15.));
#14353=CARTESIAN_POINT('Origin',(263.896,218.911,15.));
#14354=CARTESIAN_POINT('',(263.896,218.911,15.));
#14355=CARTESIAN_POINT('Origin',(277.895,218.911,15.));
#14356=CARTESIAN_POINT('Origin',(125.495,194.8098,15.));
#14357=CARTESIAN_POINT('',(125.495,180.8106,15.));
#14358=CARTESIAN_POINT('',(125.495,194.8098,15.));
#14359=CARTESIAN_POINT('Origin',(111.496,194.8098,15.));
#14360=CARTESIAN_POINT('',(111.496,194.8098,15.));
#14361=CARTESIAN_POINT('Origin',(111.496,180.8106,15.));
#14362=CARTESIAN_POINT('',(111.496,180.8106,15.));
#14363=CARTESIAN_POINT('Origin',(125.495,180.8106,15.));
#14364=CARTESIAN_POINT('Origin',(232.651,175.7598,15.));
#14365=CARTESIAN_POINT('',(232.651,161.7606,15.));
#14366=CARTESIAN_POINT('',(232.651,175.7598,15.));
#14367=CARTESIAN_POINT('Origin',(218.652,175.7598,15.));
#14368=CARTESIAN_POINT('',(218.652,175.7598,15.));
#14369=CARTESIAN_POINT('Origin',(218.652,161.7606,15.));
#14370=CARTESIAN_POINT('',(218.652,161.7606,15.));
#14371=CARTESIAN_POINT('Origin',(232.651,161.7606,15.));
#14372=CARTESIAN_POINT('Origin',(239.795,137.6614,15.));
#14373=CARTESIAN_POINT('',(239.795,123.6605,15.));
#14374=CARTESIAN_POINT('',(239.795,137.6614,15.));
#14375=CARTESIAN_POINT('Origin',(225.796,137.6614,15.));
#14376=CARTESIAN_POINT('',(225.796,137.6614,15.));
#14377=CARTESIAN_POINT('Origin',(225.796,123.6605,15.));
#14378=CARTESIAN_POINT('',(225.796,123.6605,15.));
#14379=CARTESIAN_POINT('Origin',(239.795,123.6605,15.));
#14380=CARTESIAN_POINT('Origin',(30.245,194.8098,15.));
#14381=CARTESIAN_POINT('',(30.245,180.8106,15.));
#14382=CARTESIAN_POINT('',(30.245,194.8098,15.));
#14383=CARTESIAN_POINT('Origin',(16.2457,194.8098,15.));
#14384=CARTESIAN_POINT('',(16.2457,194.8098,15.));
#14385=CARTESIAN_POINT('Origin',(16.2457,180.8106,15.));
#14386=CARTESIAN_POINT('',(16.2457,180.8106,15.));
#14387=CARTESIAN_POINT('Origin',(30.245,180.8106,15.));
#14388=CARTESIAN_POINT('Origin',(1.67,213.8599,15.));
#14389=CARTESIAN_POINT('',(1.67,199.8606,15.));
#14390=CARTESIAN_POINT('',(1.67,213.8599,15.));
#14391=CARTESIAN_POINT('Origin',(-12.3294,213.8599,15.));
#14392=CARTESIAN_POINT('',(-12.3294,213.8599,15.));
#14393=CARTESIAN_POINT('Origin',(-12.3294,199.8606,15.));
#14394=CARTESIAN_POINT('',(-12.3294,199.8606,15.));
#14395=CARTESIAN_POINT('Origin',(1.67,199.8606,15.));
#14396=CARTESIAN_POINT('Origin',(144.545,194.8098,15.));
#14397=CARTESIAN_POINT('',(144.545,180.8106,15.));
#14398=CARTESIAN_POINT('',(144.545,194.8098,15.));
#14399=CARTESIAN_POINT('Origin',(130.546,194.8098,15.));
#14400=CARTESIAN_POINT('',(130.546,194.8098,15.));
#14401=CARTESIAN_POINT('Origin',(130.546,180.8106,15.));
#14402=CARTESIAN_POINT('',(130.546,180.8106,15.));
#14403=CARTESIAN_POINT('Origin',(144.545,180.8106,15.));
#14404=CARTESIAN_POINT('Origin',(220.745,194.8098,15.));
#14405=CARTESIAN_POINT('',(220.745,180.8106,15.));
#14406=CARTESIAN_POINT('',(220.745,194.8098,15.));
#14407=CARTESIAN_POINT('Origin',(206.746,194.8098,15.));
#14408=CARTESIAN_POINT('',(206.746,194.8098,15.));
#14409=CARTESIAN_POINT('Origin',(206.746,180.8106,15.));
#14410=CARTESIAN_POINT('',(206.746,180.8106,15.));
#14411=CARTESIAN_POINT('Origin',(220.745,180.8106,15.));
#14412=CARTESIAN_POINT('Origin',(92.157,175.7598,15.));
#14413=CARTESIAN_POINT('',(92.157,161.7606,15.));
#14414=CARTESIAN_POINT('',(92.157,175.7598,15.));
#14415=CARTESIAN_POINT('Origin',(78.158,175.7598,15.));
#14416=CARTESIAN_POINT('',(78.158,175.7598,15.));
#14417=CARTESIAN_POINT('Origin',(78.158,161.7606,15.));
#14418=CARTESIAN_POINT('',(78.158,161.7606,15.));
#14419=CARTESIAN_POINT('Origin',(92.157,161.7606,15.));
#14420=CARTESIAN_POINT('Origin',(149.307,175.7598,15.));
#14421=CARTESIAN_POINT('',(149.307,161.7606,15.));
#14422=CARTESIAN_POINT('',(149.307,175.7598,15.));
#14423=CARTESIAN_POINT('Origin',(135.308,175.7598,15.));
#14424=CARTESIAN_POINT('',(135.308,175.7598,15.));
#14425=CARTESIAN_POINT('Origin',(135.308,161.7606,15.));
#14426=CARTESIAN_POINT('',(135.308,161.7606,15.));
#14427=CARTESIAN_POINT('Origin',(149.307,161.7606,15.));
#14428=CARTESIAN_POINT('Origin',(130.257,175.7598,15.));
#14429=CARTESIAN_POINT('',(130.257,161.7606,15.));
#14430=CARTESIAN_POINT('',(130.257,175.7598,15.));
#14431=CARTESIAN_POINT('Origin',(116.258,175.7598,15.));
#14432=CARTESIAN_POINT('',(116.258,175.7598,15.));
#14433=CARTESIAN_POINT('Origin',(116.258,161.7606,15.));
#14434=CARTESIAN_POINT('',(116.258,161.7606,15.));
#14435=CARTESIAN_POINT('Origin',(130.257,161.7606,15.));
#14436=CARTESIAN_POINT('Origin',(68.345,194.8098,15.));
#14437=CARTESIAN_POINT('',(68.345,180.8106,15.));
#14438=CARTESIAN_POINT('',(68.345,194.8098,15.));
#14439=CARTESIAN_POINT('Origin',(54.3457,194.8098,15.));
#14440=CARTESIAN_POINT('',(54.3457,194.8098,15.));
#14441=CARTESIAN_POINT('Origin',(54.3457,180.8106,15.));
#14442=CARTESIAN_POINT('',(54.3457,180.8106,15.));
#14443=CARTESIAN_POINT('Origin',(68.345,180.8106,15.));
#14444=CARTESIAN_POINT('Origin',(182.645,232.911,15.));
#14445=CARTESIAN_POINT('',(182.645,218.911,15.));
#14446=CARTESIAN_POINT('',(182.645,232.911,15.));
#14447=CARTESIAN_POINT('Origin',(168.646,232.911,15.));
#14448=CARTESIAN_POINT('',(168.646,232.911,15.));
#14449=CARTESIAN_POINT('Origin',(168.646,218.911,15.));
#14450=CARTESIAN_POINT('',(168.646,218.911,15.));
#14451=CARTESIAN_POINT('Origin',(182.645,218.911,15.));
#14452=CARTESIAN_POINT('Origin',(220.745,232.911,15.));
#14453=CARTESIAN_POINT('',(220.745,218.911,15.));
#14454=CARTESIAN_POINT('',(220.745,232.911,15.));
#14455=CARTESIAN_POINT('Origin',(206.746,232.911,15.));
#14456=CARTESIAN_POINT('',(206.746,232.911,15.));
#14457=CARTESIAN_POINT('Origin',(206.746,218.911,15.));
#14458=CARTESIAN_POINT('',(206.746,218.911,15.));
#14459=CARTESIAN_POINT('Origin',(220.745,218.911,15.));
#14460=CARTESIAN_POINT('Origin',(239.795,232.911,15.));
#14461=CARTESIAN_POINT('',(239.795,218.911,15.));
#14462=CARTESIAN_POINT('',(239.795,232.911,15.));
#14463=CARTESIAN_POINT('Origin',(225.796,232.911,15.));
#14464=CARTESIAN_POINT('',(225.796,232.911,15.));
#14465=CARTESIAN_POINT('Origin',(225.796,218.911,15.));
#14466=CARTESIAN_POINT('',(225.796,218.911,15.));
#14467=CARTESIAN_POINT('Origin',(239.795,218.911,15.));
#14468=CARTESIAN_POINT('Origin',(49.295,232.911,15.));
#14469=CARTESIAN_POINT('',(49.295,218.911,15.));
#14470=CARTESIAN_POINT('',(49.295,232.911,15.));
#14471=CARTESIAN_POINT('Origin',(35.2957,232.911,15.));
#14472=CARTESIAN_POINT('',(35.2957,232.911,15.));
#14473=CARTESIAN_POINT('Origin',(35.2957,218.911,15.));
#14474=CARTESIAN_POINT('',(35.2957,218.911,15.));
#14475=CARTESIAN_POINT('Origin',(49.295,218.911,15.));
#14476=CARTESIAN_POINT('Origin',(258.845,213.8599,15.));
#14477=CARTESIAN_POINT('',(258.845,199.8606,15.));
#14478=CARTESIAN_POINT('',(258.845,213.8599,15.));
#14479=CARTESIAN_POINT('Origin',(244.846,213.8599,15.));
#14480=CARTESIAN_POINT('',(244.846,213.8599,15.));
#14481=CARTESIAN_POINT('Origin',(244.846,199.8606,15.));
#14482=CARTESIAN_POINT('',(244.846,199.8606,15.));
#14483=CARTESIAN_POINT('Origin',(258.845,199.8606,15.));
#14484=CARTESIAN_POINT('Origin',(106.445,232.911,15.));
#14485=CARTESIAN_POINT('',(106.445,218.911,15.));
#14486=CARTESIAN_POINT('',(106.445,232.911,15.));
#14487=CARTESIAN_POINT('Origin',(92.446,232.911,15.));
#14488=CARTESIAN_POINT('',(92.446,232.911,15.));
#14489=CARTESIAN_POINT('Origin',(92.446,218.911,15.));
#14490=CARTESIAN_POINT('',(92.446,218.911,15.));
#14491=CARTESIAN_POINT('Origin',(106.445,218.911,15.));
#14492=CARTESIAN_POINT('Origin',(211.22,213.8599,15.));
#14493=CARTESIAN_POINT('',(211.22,199.8606,15.));
#14494=CARTESIAN_POINT('',(211.22,213.8599,15.));
#14495=CARTESIAN_POINT('Origin',(197.221,213.8599,15.));
#14496=CARTESIAN_POINT('',(197.221,213.8599,15.));
#14497=CARTESIAN_POINT('Origin',(197.221,199.8606,15.));
#14498=CARTESIAN_POINT('',(197.221,199.8606,15.));
#14499=CARTESIAN_POINT('Origin',(211.22,199.8606,15.));
#14500=CARTESIAN_POINT('Origin',(187.407,175.7598,15.));
#14501=CARTESIAN_POINT('',(187.407,161.7606,15.));
#14502=CARTESIAN_POINT('',(187.407,175.7598,15.));
#14503=CARTESIAN_POINT('Origin',(173.408,175.7598,15.));
#14504=CARTESIAN_POINT('',(173.408,175.7598,15.));
#14505=CARTESIAN_POINT('Origin',(173.408,161.7606,15.));
#14506=CARTESIAN_POINT('',(173.408,161.7606,15.));
#14507=CARTESIAN_POINT('Origin',(187.407,161.7606,15.));
#14508=CARTESIAN_POINT('Origin',(220.745,137.6614,15.));
#14509=CARTESIAN_POINT('',(220.745,123.6605,15.));
#14510=CARTESIAN_POINT('',(220.745,137.6614,15.));
#14511=CARTESIAN_POINT('Origin',(206.746,137.6614,15.));
#14512=CARTESIAN_POINT('',(206.746,137.6614,15.));
#14513=CARTESIAN_POINT('Origin',(206.746,123.6605,15.));
#14514=CARTESIAN_POINT('',(206.746,123.6605,15.));
#14515=CARTESIAN_POINT('Origin',(220.745,123.6605,15.));
#14516=CARTESIAN_POINT('Origin',(182.645,194.8098,15.));
#14517=CARTESIAN_POINT('',(182.645,180.8106,15.));
#14518=CARTESIAN_POINT('',(182.645,194.8098,15.));
#14519=CARTESIAN_POINT('Origin',(168.646,194.8098,15.));
#14520=CARTESIAN_POINT('',(168.646,194.8098,15.));
#14521=CARTESIAN_POINT('Origin',(168.646,180.8106,15.));
#14522=CARTESIAN_POINT('',(168.646,180.8106,15.));
#14523=CARTESIAN_POINT('Origin',(182.645,180.8106,15.));
#14524=CARTESIAN_POINT('Origin',(54.0575,175.7598,15.));
#14525=CARTESIAN_POINT('',(54.0575,161.7606,15.));
#14526=CARTESIAN_POINT('',(54.0575,175.7598,15.));
#14527=CARTESIAN_POINT('Origin',(40.0582,175.7598,15.));
#14528=CARTESIAN_POINT('',(40.0582,175.7598,15.));
#14529=CARTESIAN_POINT('Origin',(40.0582,161.7606,15.));
#14530=CARTESIAN_POINT('',(40.0582,161.7606,15.));
#14531=CARTESIAN_POINT('Origin',(54.0575,161.7606,15.));
#14532=CARTESIAN_POINT('Origin',(42.1512,137.6614,15.));
#14533=CARTESIAN_POINT('',(42.1512,123.6605,15.));
#14534=CARTESIAN_POINT('',(42.1512,137.6614,15.));
#14535=CARTESIAN_POINT('Origin',(28.152,137.6614,15.));
#14536=CARTESIAN_POINT('',(28.152,137.6614,15.));
#14537=CARTESIAN_POINT('Origin',(28.152,123.6605,15.));
#14538=CARTESIAN_POINT('',(28.152,123.6605,15.));
#14539=CARTESIAN_POINT('Origin',(42.1512,123.6605,15.));
#14540=CARTESIAN_POINT('Origin',(101.682,137.6614,15.));
#14541=CARTESIAN_POINT('',(101.682,137.6614,15.));
#14542=CARTESIAN_POINT('Origin',(87.683,137.6614,15.));
#14543=CARTESIAN_POINT('Origin',(101.682,123.6605,15.));
#14544=CARTESIAN_POINT('Origin',(101.682,156.7099,15.));
#14545=CARTESIAN_POINT('',(101.682,142.7105,15.));
#14546=CARTESIAN_POINT('',(101.682,156.7099,15.));
#14547=CARTESIAN_POINT('Origin',(87.683,156.7099,15.));
#14548=CARTESIAN_POINT('',(87.683,156.7099,15.));
#14549=CARTESIAN_POINT('Origin',(87.683,142.7105,15.));
#14550=CARTESIAN_POINT('',(87.683,142.7105,15.));
#14551=CARTESIAN_POINT('Origin',(101.682,142.7105,15.));
#14552=CARTESIAN_POINT('Origin',(-12.6174,194.8098,15.));
#14553=CARTESIAN_POINT('',(-12.6174,180.8106,15.));
#14554=CARTESIAN_POINT('',(-12.6174,194.8098,15.));
#14555=CARTESIAN_POINT('Origin',(-26.6169,194.8098,15.));
#14556=CARTESIAN_POINT('',(-26.6169,194.8098,15.));
#14557=CARTESIAN_POINT('Origin',(-26.6169,180.8106,15.));
#14558=CARTESIAN_POINT('',(-26.6169,180.8106,15.));
#14559=CARTESIAN_POINT('Origin',(-12.6174,180.8106,15.));
#14560=CARTESIAN_POINT('Origin',(-19.4732,152.0094,15.));
#14561=CARTESIAN_POINT('',(-19.4732,156.7099,15.));
#14562=CARTESIAN_POINT('',(-19.4732,152.0094,15.));
#14563=CARTESIAN_POINT('Origin',(-20.9987,152.0094,15.));
#14564=CARTESIAN_POINT('',(-20.9987,152.0094,15.));
#14565=CARTESIAN_POINT('Origin',(-20.9987,155.2395,15.));
#14566=CARTESIAN_POINT('',(-20.9987,155.2395,15.));
#14567=CARTESIAN_POINT('Origin',(-22.724,155.2395,15.));
#14568=CARTESIAN_POINT('',(-22.724,155.2395,15.));
#14569=CARTESIAN_POINT('Origin',(-22.724,156.1616,15.));
#14570=CARTESIAN_POINT('',(-22.724,156.1616,15.));
#14571=CARTESIAN_POINT('Origin',(-26.023,156.1616,15.));
#14572=CARTESIAN_POINT('',(-26.023,156.1616,15.));
#14573=CARTESIAN_POINT('Origin',(-26.023,155.2395,15.));
#14574=CARTESIAN_POINT('',(-26.023,155.2395,15.));
#14575=CARTESIAN_POINT('Origin',(-27.7497,155.2395,15.));
#14576=CARTESIAN_POINT('',(-27.7497,155.2395,15.));
#14577=CARTESIAN_POINT('Origin',(-27.7497,152.0094,15.));
#14578=CARTESIAN_POINT('',(-27.7497,152.0094,15.));
#14579=CARTESIAN_POINT('Origin',(-28.5738,152.0094,15.));
#14580=CARTESIAN_POINT('',(-28.5738,152.0094,15.));
#14581=CARTESIAN_POINT('Origin',(-28.5738,149.2107,15.));
#14582=CARTESIAN_POINT('',(-28.5738,149.2107,15.));
#14583=CARTESIAN_POINT('Origin',(-27.7497,149.2107,15.));
#14584=CARTESIAN_POINT('',(-27.7497,149.2107,15.));
#14585=CARTESIAN_POINT('Origin',(-27.7497,142.9407,15.));
#14586=CARTESIAN_POINT('',(-27.7497,142.9407,15.));
#14587=CARTESIAN_POINT('Origin',(-26.023,142.9407,15.));
#14588=CARTESIAN_POINT('',(-26.023,142.9407,15.));
#14589=CARTESIAN_POINT('Origin',(-26.023,141.9595,15.));
#14590=CARTESIAN_POINT('',(-26.023,141.9595,15.));
#14591=CARTESIAN_POINT('Origin',(-22.724,141.9595,15.));
#14592=CARTESIAN_POINT('',(-22.724,141.9595,15.));
#14593=CARTESIAN_POINT('Origin',(-22.724,142.9407,15.));
#14594=CARTESIAN_POINT('',(-22.724,142.9407,15.));
#14595=CARTESIAN_POINT('Origin',(-20.9987,142.9407,15.));
#14596=CARTESIAN_POINT('',(-20.9987,142.9407,15.));
#14597=CARTESIAN_POINT('Origin',(-20.9987,147.411,15.));
#14598=CARTESIAN_POINT('',(-20.9987,147.411,15.));
#14599=CARTESIAN_POINT('Origin',(-19.4732,147.411,15.));
#14600=CARTESIAN_POINT('',(-19.4732,147.411,15.));
#14601=CARTESIAN_POINT('Origin',(-19.4732,142.7105,15.));
#14602=CARTESIAN_POINT('',(-19.4732,142.7105,15.));
#14603=CARTESIAN_POINT('Origin',(-5.4737,142.7105,15.));
#14604=CARTESIAN_POINT('',(-5.4737,142.7105,15.));
#14605=CARTESIAN_POINT('Origin',(-5.4737,147.411,15.));
#14606=CARTESIAN_POINT('',(-5.4737,147.411,15.));
#14607=CARTESIAN_POINT('Origin',(-3.9482,147.411,15.));
#14608=CARTESIAN_POINT('',(-3.9482,147.411,15.));
#14609=CARTESIAN_POINT('Origin',(-3.9482,142.9407,15.));
#14610=CARTESIAN_POINT('',(-3.9482,142.9407,15.));
#14611=CARTESIAN_POINT('Origin',(-2.2229,142.9407,15.));
#14612=CARTESIAN_POINT('',(-2.2229,142.9407,15.));
#14613=CARTESIAN_POINT('Origin',(-2.2229,141.9595,15.));
#14614=CARTESIAN_POINT('',(-2.2229,141.9595,15.));
#14615=CARTESIAN_POINT('Origin',(1.07630000000001,141.9595,15.));
#14616=CARTESIAN_POINT('',(1.07630000000001,141.9595,15.));
#14617=CARTESIAN_POINT('Origin',(1.07630000000001,142.9407,15.));
#14618=CARTESIAN_POINT('',(1.07630000000001,142.9407,15.));
#14619=CARTESIAN_POINT('Origin',(2.8013,142.9407,15.));
#14620=CARTESIAN_POINT('',(2.8013,142.9407,15.));
#14621=CARTESIAN_POINT('Origin',(2.8013,149.2107,15.));
#14622=CARTESIAN_POINT('',(2.8013,149.2107,15.));
#14623=CARTESIAN_POINT('Origin',(3.62680000000001,149.2107,15.));
#14624=CARTESIAN_POINT('',(3.62680000000001,149.2107,15.));
#14625=CARTESIAN_POINT('Origin',(3.62680000000001,152.0094,15.));
#14626=CARTESIAN_POINT('',(3.62680000000001,152.0094,15.));
#14627=CARTESIAN_POINT('Origin',(2.8013,152.0094,15.));
#14628=CARTESIAN_POINT('',(2.8013,152.0094,15.));
#14629=CARTESIAN_POINT('Origin',(2.8013,155.2395,15.));
#14630=CARTESIAN_POINT('',(2.8013,155.2395,15.));
#14631=CARTESIAN_POINT('Origin',(1.07630000000001,155.2395,15.));
#14632=CARTESIAN_POINT('',(1.07630000000001,155.2395,15.));
#14633=CARTESIAN_POINT('Origin',(1.07630000000001,156.1616,15.));
#14634=CARTESIAN_POINT('',(1.07630000000001,156.1616,15.));
#14635=CARTESIAN_POINT('Origin',(-2.2229,156.1616,15.));
#14636=CARTESIAN_POINT('',(-2.2229,156.1616,15.));
#14637=CARTESIAN_POINT('Origin',(-2.2229,155.2395,15.));
#14638=CARTESIAN_POINT('',(-2.2229,155.2395,15.));
#14639=CARTESIAN_POINT('Origin',(-3.9482,155.2395,15.));
#14640=CARTESIAN_POINT('',(-3.9482,155.2395,15.));
#14641=CARTESIAN_POINT('Origin',(-3.9482,152.0094,15.));
#14642=CARTESIAN_POINT('',(-3.9482,152.0094,15.));
#14643=CARTESIAN_POINT('Origin',(-5.4737,152.0094,15.));
#14644=CARTESIAN_POINT('',(-5.4737,152.0094,15.));
#14645=CARTESIAN_POINT('Origin',(-5.4737,156.7099,15.));
#14646=CARTESIAN_POINT('',(-5.4737,156.7099,15.));
#14647=CARTESIAN_POINT('Origin',(-19.4732,156.7099,15.));
#14648=CARTESIAN_POINT('Origin',(158.832,156.7099,15.));
#14649=CARTESIAN_POINT('',(158.832,142.7105,15.));
#14650=CARTESIAN_POINT('',(158.832,156.7099,15.));
#14651=CARTESIAN_POINT('Origin',(144.833,156.7099,15.));
#14652=CARTESIAN_POINT('',(144.833,156.7099,15.));
#14653=CARTESIAN_POINT('Origin',(144.833,142.7105,15.));
#14654=CARTESIAN_POINT('',(144.833,142.7105,15.));
#14655=CARTESIAN_POINT('Origin',(158.832,142.7105,15.));
#14656=CARTESIAN_POINT('Origin',(218.364,156.7099,15.));
#14657=CARTESIAN_POINT('',(218.364,142.7105,15.));
#14658=CARTESIAN_POINT('',(218.364,156.7099,15.));
#14659=CARTESIAN_POINT('Origin',(204.363,156.7099,15.));
#14660=CARTESIAN_POINT('',(204.363,156.7099,15.));
#14661=CARTESIAN_POINT('Origin',(204.363,142.7105,15.));
#14662=CARTESIAN_POINT('',(204.363,142.7105,15.));
#14663=CARTESIAN_POINT('Origin',(218.364,142.7105,15.));
#14664=CARTESIAN_POINT('Origin',(139.782,156.7099,15.));
#14665=CARTESIAN_POINT('',(139.782,142.7105,15.));
#14666=CARTESIAN_POINT('',(139.782,156.7099,15.));
#14667=CARTESIAN_POINT('Origin',(125.783,156.7099,15.));
#14668=CARTESIAN_POINT('',(125.783,156.7099,15.));
#14669=CARTESIAN_POINT('Origin',(125.783,142.7105,15.));
#14670=CARTESIAN_POINT('',(125.783,142.7105,15.));
#14671=CARTESIAN_POINT('Origin',(139.782,142.7105,15.));
#14672=CARTESIAN_POINT('Origin',(82.632,156.7099,15.));
#14673=CARTESIAN_POINT('',(82.632,142.7105,15.));
#14674=CARTESIAN_POINT('',(82.632,156.7099,15.));
#14675=CARTESIAN_POINT('Origin',(68.633,156.7099,15.));
#14676=CARTESIAN_POINT('',(68.633,156.7099,15.));
#14677=CARTESIAN_POINT('Origin',(68.633,142.7105,15.));
#14678=CARTESIAN_POINT('',(68.633,142.7105,15.));
#14679=CARTESIAN_POINT('Origin',(82.632,142.7105,15.));
#14680=CARTESIAN_POINT('Origin',(196.932,156.7099,15.));
#14681=CARTESIAN_POINT('',(196.932,142.7105,15.));
#14682=CARTESIAN_POINT('',(196.932,156.7099,15.));
#14683=CARTESIAN_POINT('Origin',(182.933,156.7099,15.));
#14684=CARTESIAN_POINT('',(182.933,156.7099,15.));
#14685=CARTESIAN_POINT('Origin',(182.933,142.7105,15.));
#14686=CARTESIAN_POINT('',(182.933,142.7105,15.));
#14687=CARTESIAN_POINT('Origin',(196.932,142.7105,15.));
#14688=CARTESIAN_POINT('Origin',(87.395,194.8098,15.));
#14689=CARTESIAN_POINT('',(87.395,180.8106,15.));
#14690=CARTESIAN_POINT('',(87.395,194.8098,15.));
#14691=CARTESIAN_POINT('Origin',(73.396,194.8098,15.));
#14692=CARTESIAN_POINT('',(73.396,194.8098,15.));
#14693=CARTESIAN_POINT('Origin',(73.396,180.8106,15.));
#14694=CARTESIAN_POINT('',(73.396,180.8106,15.));
#14695=CARTESIAN_POINT('Origin',(87.395,180.8106,15.));
#14696=CARTESIAN_POINT('Origin',(68.345,232.911,15.));
#14697=CARTESIAN_POINT('',(68.345,218.911,15.));
#14698=CARTESIAN_POINT('',(68.345,232.911,15.));
#14699=CARTESIAN_POINT('Origin',(54.3457,232.911,15.));
#14700=CARTESIAN_POINT('',(54.3457,232.911,15.));
#14701=CARTESIAN_POINT('Origin',(54.3457,218.911,15.));
#14702=CARTESIAN_POINT('',(54.3457,218.911,15.));
#14703=CARTESIAN_POINT('Origin',(68.345,218.911,15.));
#14704=CARTESIAN_POINT('Origin',(125.495,232.911,15.));
#14705=CARTESIAN_POINT('',(125.495,218.911,15.));
#14706=CARTESIAN_POINT('',(125.495,232.911,15.));
#14707=CARTESIAN_POINT('Origin',(111.496,232.911,15.));
#14708=CARTESIAN_POINT('',(111.496,232.911,15.));
#14709=CARTESIAN_POINT('Origin',(111.496,218.911,15.));
#14710=CARTESIAN_POINT('',(111.496,218.911,15.));
#14711=CARTESIAN_POINT('Origin',(125.495,218.911,15.));
#14712=CARTESIAN_POINT('Origin',(35.0075,175.7598,15.));
#14713=CARTESIAN_POINT('',(35.0075,161.7606,15.));
#14714=CARTESIAN_POINT('',(35.0075,175.7598,15.));
#14715=CARTESIAN_POINT('Origin',(21.0082,175.7598,15.));
#14716=CARTESIAN_POINT('',(21.0082,175.7598,15.));
#14717=CARTESIAN_POINT('Origin',(21.0082,161.7606,15.));
#14718=CARTESIAN_POINT('',(21.0082,161.7606,15.));
#14719=CARTESIAN_POINT('Origin',(35.0075,161.7606,15.));
#14720=CARTESIAN_POINT('Origin',(106.445,194.8098,15.));
#14721=CARTESIAN_POINT('',(106.445,180.8106,15.));
#14722=CARTESIAN_POINT('',(106.445,194.8098,15.));
#14723=CARTESIAN_POINT('Origin',(92.446,194.8098,15.));
#14724=CARTESIAN_POINT('',(92.446,194.8098,15.));
#14725=CARTESIAN_POINT('Origin',(92.446,180.8106,15.));
#14726=CARTESIAN_POINT('',(92.446,180.8106,15.));
#14727=CARTESIAN_POINT('Origin',(106.445,180.8106,15.));
#14728=CARTESIAN_POINT('Origin',(96.92,213.8599,15.));
#14729=CARTESIAN_POINT('',(96.92,199.8606,15.));
#14730=CARTESIAN_POINT('',(96.92,213.8599,15.));
#14731=CARTESIAN_POINT('Origin',(82.919,213.8599,15.));
#14732=CARTESIAN_POINT('',(82.919,213.8599,15.));
#14733=CARTESIAN_POINT('Origin',(82.919,199.8606,15.));
#14734=CARTESIAN_POINT('',(82.919,199.8606,15.));
#14735=CARTESIAN_POINT('Origin',(96.92,199.8606,15.));
#14736=CARTESIAN_POINT('Origin',(154.07,213.8599,15.));
#14737=CARTESIAN_POINT('',(154.07,199.8606,15.));
#14738=CARTESIAN_POINT('',(154.07,213.8599,15.));
#14739=CARTESIAN_POINT('Origin',(140.071,213.8599,15.));
#14740=CARTESIAN_POINT('',(140.071,213.8599,15.));
#14741=CARTESIAN_POINT('Origin',(140.071,199.8606,15.));
#14742=CARTESIAN_POINT('',(140.071,199.8606,15.));
#14743=CARTESIAN_POINT('Origin',(154.07,199.8606,15.));
#14744=CARTESIAN_POINT('Origin',(11.195,232.911,15.));
#14745=CARTESIAN_POINT('',(11.195,218.911,15.));
#14746=CARTESIAN_POINT('',(11.195,232.911,15.));
#14747=CARTESIAN_POINT('Origin',(-2.8043,232.911,15.));
#14748=CARTESIAN_POINT('',(-2.8043,232.911,15.));
#14749=CARTESIAN_POINT('Origin',(-2.8043,218.911,15.));
#14750=CARTESIAN_POINT('',(-2.8043,218.911,15.));
#14751=CARTESIAN_POINT('Origin',(11.195,218.911,15.));
#14752=CARTESIAN_POINT('Origin',(192.17,213.8599,15.));
#14753=CARTESIAN_POINT('',(192.17,199.8606,15.));
#14754=CARTESIAN_POINT('',(192.17,213.8599,15.));
#14755=CARTESIAN_POINT('Origin',(178.171,213.8599,15.));
#14756=CARTESIAN_POINT('',(178.171,213.8599,15.));
#14757=CARTESIAN_POINT('Origin',(178.171,199.8606,15.));
#14758=CARTESIAN_POINT('',(178.171,199.8606,15.));
#14759=CARTESIAN_POINT('Origin',(192.17,199.8606,15.));
#14760=CARTESIAN_POINT('Origin',(58.82,213.8599,15.));
#14761=CARTESIAN_POINT('',(58.82,199.8606,15.));
#14762=CARTESIAN_POINT('',(58.82,213.8599,15.));
#14763=CARTESIAN_POINT('Origin',(44.8207,213.8599,15.));
#14764=CARTESIAN_POINT('',(44.8207,213.8599,15.));
#14765=CARTESIAN_POINT('Origin',(44.8207,199.8606,15.));
#14766=CARTESIAN_POINT('',(44.8207,199.8606,15.));
#14767=CARTESIAN_POINT('Origin',(58.82,199.8606,15.));
#14768=CARTESIAN_POINT('Origin',(49.295,194.8098,15.));
#14769=CARTESIAN_POINT('',(49.295,180.8106,15.));
#14770=CARTESIAN_POINT('',(49.295,194.8098,15.));
#14771=CARTESIAN_POINT('Origin',(35.2957,194.8098,15.));
#14772=CARTESIAN_POINT('',(35.2957,194.8098,15.));
#14773=CARTESIAN_POINT('Origin',(35.2957,180.8106,15.));
#14774=CARTESIAN_POINT('',(35.2957,180.8106,15.));
#14775=CARTESIAN_POINT('Origin',(49.295,180.8106,15.));
#14776=CARTESIAN_POINT('Origin',(239.795,194.8098,15.));
#14777=CARTESIAN_POINT('',(239.795,180.8106,15.));
#14778=CARTESIAN_POINT('',(239.795,194.8098,15.));
#14779=CARTESIAN_POINT('Origin',(225.796,194.8098,15.));
#14780=CARTESIAN_POINT('',(225.796,194.8098,15.));
#14781=CARTESIAN_POINT('Origin',(225.796,180.8106,15.));
#14782=CARTESIAN_POINT('',(225.796,180.8106,15.));
#14783=CARTESIAN_POINT('Origin',(239.795,180.8106,15.));
#14784=CARTESIAN_POINT('Origin',(-12.6174,232.911,15.));
#14785=CARTESIAN_POINT('',(-12.6174,218.911,15.));
#14786=CARTESIAN_POINT('',(-12.6174,232.911,15.));
#14787=CARTESIAN_POINT('Origin',(-26.6169,232.911,15.));
#14788=CARTESIAN_POINT('',(-26.6169,232.911,15.));
#14789=CARTESIAN_POINT('Origin',(-26.6169,218.911,15.));
#14790=CARTESIAN_POINT('',(-26.6169,218.911,15.));
#14791=CARTESIAN_POINT('Origin',(-12.6174,218.911,15.));
#14792=CARTESIAN_POINT('Origin',(-17.3799,137.6614,15.));
#14793=CARTESIAN_POINT('',(-17.3799,123.6605,15.));
#14794=CARTESIAN_POINT('',(-17.3799,137.6614,15.));
#14795=CARTESIAN_POINT('Origin',(-31.38081,137.6614,15.));
#14796=CARTESIAN_POINT('',(-31.38081,137.6614,15.));
#14797=CARTESIAN_POINT('Origin',(-31.38081,123.6605,15.));
#14798=CARTESIAN_POINT('',(-31.38081,123.6605,15.));
#14799=CARTESIAN_POINT('Origin',(-17.3799,123.6605,15.));
#14800=CARTESIAN_POINT('Origin',(163.595,232.911,15.));
#14801=CARTESIAN_POINT('',(163.595,218.911,15.));
#14802=CARTESIAN_POINT('',(163.595,232.911,15.));
#14803=CARTESIAN_POINT('Origin',(149.596,232.911,15.));
#14804=CARTESIAN_POINT('',(149.596,232.911,15.));
#14805=CARTESIAN_POINT('Origin',(149.596,218.911,15.));
#14806=CARTESIAN_POINT('',(149.596,218.911,15.));
#14807=CARTESIAN_POINT('Origin',(163.595,218.911,15.));
#14808=UNCERTAINTY_MEASURE_WITH_UNIT(LENGTH_MEASURE(0.01),#14812,
'DISTANCE_ACCURACY_VALUE',
'Maximum model space distance between geometric entities at asserted c
onnectivities');
#14809=UNCERTAINTY_MEASURE_WITH_UNIT(LENGTH_MEASURE(0.01),#14812,
'DISTANCE_ACCURACY_VALUE',
'Maximum model space distance between geometric entities at asserted c
onnectivities');
#14810=(
GEOMETRIC_REPRESENTATION_CONTEXT(3)
GLOBAL_UNCERTAINTY_ASSIGNED_CONTEXT((#14808))
GLOBAL_UNIT_ASSIGNED_CONTEXT((#14812,#14814,#14815))
REPRESENTATION_CONTEXT('','3D')
);
#14811=(
GEOMETRIC_REPRESENTATION_CONTEXT(3)
GLOBAL_UNCERTAINTY_ASSIGNED_CONTEXT((#14809))
GLOBAL_UNIT_ASSIGNED_CONTEXT((#14812,#14814,#14815))
REPRESENTATION_CONTEXT('','3D')
);
#14812=(
LENGTH_UNIT()
NAMED_UNIT(*)
SI_UNIT(.MILLI.,.METRE.)
);
#14813=(
LENGTH_UNIT()
NAMED_UNIT(*)
SI_UNIT($,.METRE.)
);
#14814=(
NAMED_UNIT(*)
PLANE_ANGLE_UNIT()
SI_UNIT($,.RADIAN.)
);
#14815=(
NAMED_UNIT(*)
SI_UNIT($,.STERADIAN.)
SOLID_ANGLE_UNIT()
);
#14816=SHAPE_DEFINITION_REPRESENTATION(#14817,#14818);
#14817=PRODUCT_DEFINITION_SHAPE('',$,#14820);
#14818=SHAPE_REPRESENTATION('',(#9532),#14810);
#14819=PRODUCT_DEFINITION_CONTEXT('part definition',#14824,'design');
#14820=PRODUCT_DEFINITION('2026-07-27-16-15-44-174','Mid Plate',#14821,
#14819);
#14821=PRODUCT_DEFINITION_FORMATION('',$,#14826);
#14822=PRODUCT_RELATED_PRODUCT_CATEGORY('Mid Plate','Mid Plate',(#14826));
#14823=APPLICATION_PROTOCOL_DEFINITION('international standard',
'automotive_design',2009,#14824);
#14824=APPLICATION_CONTEXT(
'Core Data for Automotive Mechanical Design Process');
#14825=PRODUCT_CONTEXT('part definition',#14824,'mechanical');
#14826=PRODUCT('2026-07-27-16-15-44-174','Mid Plate',$,(#14825));
#14827=PRESENTATION_STYLE_ASSIGNMENT((#14829));
#14828=PRESENTATION_STYLE_ASSIGNMENT((#14830));
#14829=SURFACE_STYLE_USAGE(.BOTH.,#14831);
#14830=SURFACE_STYLE_USAGE(.BOTH.,#14832);
#14831=SURFACE_SIDE_STYLE('',(#14833));
#14832=SURFACE_SIDE_STYLE('',(#14834));
#14833=SURFACE_STYLE_FILL_AREA(#14835);
#14834=SURFACE_STYLE_FILL_AREA(#14836);
#14835=FILL_AREA_STYLE('Steel - Satin',(#14837));
#14836=FILL_AREA_STYLE('EPX 82 (with Carbon M2 M3 L1 3D Printers)',(#14838));
#14837=FILL_AREA_STYLE_COLOUR('Steel - Satin',#14839);
#14838=FILL_AREA_STYLE_COLOUR(
'EPX 82 (with Carbon M2 M3 L1 3D Printers)',#14840);
#14839=COLOUR_RGB('Steel - Satin',0.627450980392157,0.627450980392157,0.627450980392157);
#14840=COLOUR_RGB('EPX 82 (with Carbon M2 M3 L1 3D Printers)',0.247058823529412,
0.247058823529412,0.247058823529412);
ENDSEC;
END-ISO-10303-21;
